Watching for file changes with StatReloader
Watching for file changes with StatReloader
"GET /myapp/index/common/section HTTP/1.1" 200 4265
"GET /myapp/index/home/section HTTP/1.1" 200 4959
"GET /myapp/index/home/section HTTP/1.1" 200 4959
"GET /myapp/index/common/section HTTP/1.1" 200 4265
"GET /myapp/index/home/section HTTP/1.1" 200 4959
"GET /myapp/index/common/section HTTP/1.1" 200 4265
"GET /myapp/index/about/section HTTP/1.1" 200 4216
"GET /myapp/index/common/section HTTP/1.1" 200 4265
"GET /myapp/index/thing/section?page=1&pageSize=9&categoryId=41&searchQuery= HTTP/1.1" 200 2431
"GET /myapp/index/thing/section?page=1&pageSize=9 HTTP/1.1" 200 3521
"GET /myapp/index/home/section HTTP/1.1" 200 4959
Forbidden: /myapp/admin/overview/count
"GET /myapp/admin/overview/count?days=7 HTTP/1.0" 403 30
"GET /myapp/admin/overview/dataCount HTTP/1.0" 200 135
"GET /myapp/admin/basicGlobal/listInfo HTTP/1.0" 200 611
"POST /myapp/admin/adminLogin HTTP/1.0" 200 332
"GET /myapp/admin/overview/dataCount HTTP/1.0" 200 135
"GET /myapp/admin/overview/count?days=7 HTTP/1.0" 200 101
"GET /myapp/admin/thing/list?page=1&pageSize=10&keyword= HTTP/1.0" 200 41325
"GET /myapp/admin/category/list HTTP/1.0" 200 1141
"GET /myapp/admin/basicSite/list HTTP/1.0" 200 428
"GET /myapp/admin/basicTdk/list HTTP/1.0" 200 2470
"GET /myapp/admin/basicBanner/list HTTP/1.0" 200 272
"GET /myapp/admin/basicGlobal/list HTTP/1.0" 200 611
"GET /myapp/admin/basicAdditional/list HTTP/1.0" 200 2510
"GET /myapp/admin/advantage/list?page=1&pageSize=10 HTTP/1.0" 200 1546
"GET /myapp/admin/comment/list?page=1&pageSize=10 HTTP/1.0" 200 927
"GET /myapp/admin/basicSite/list HTTP/1.0" 200 428
"GET /myapp/admin/basicSite/list HTTP/1.0" 200 428
"GET /myapp/admin/basicSite/list HTTP/1.0" 200 428
"GET /myapp/admin/basicBanner/list HTTP/1.0" 200 272
"POST /myapp/admin/basicBanner/update HTTP/1.0" 200 272
"GET /myapp/admin/basicBanner/list HTTP/1.0" 200 272
"GET /myapp/admin/user/list HTTP/1.0" 200 708
"GET /myapp/admin/overview/count?days=7 HTTP/1.0" 200 101
"GET /myapp/admin/overview/dataCount HTTP/1.0" 200 135
"GET /myapp/admin/thing/list?page=1&pageSize=10&keyword= HTTP/1.0" 200 41325
"GET /myapp/admin/category/list HTTP/1.0" 200 1141
"GET /myapp/admin/overview/count?days=7 HTTP/1.0" 200 101
"GET /myapp/admin/overview/dataCount HTTP/1.0" 200 135
"GET /myapp/index/common/section HTTP/1.1" 200 4265
"GET /myapp/index/home/section HTTP/1.1" 200 4959
"GET /myapp/index/about/section HTTP/1.1" 200 4216
"GET /myapp/index/thing/section?page=1&pageSize=9&categoryId=41&searchQuery= HTTP/1.1" 200 2431
"GET /myapp/index/thing/section?page=1&pageSize=9 HTTP/1.1" 200 3521
"GET /myapp/index/contact/section HTTP/1.1" 200 1614
"GET /myapp/index/about/section HTTP/1.1" 200 4216
"GET /myapp/index/contact/section HTTP/1.1" 200 1614
"GET /myapp/index/home/section HTTP/1.1" 200 4959
"GET /myapp/index/thing/section?page=1&pageSize=9&searchQuery= HTTP/1.1" 200 3521
"GET /myapp/index/thing/section?page=1&pageSize=9 HTTP/1.1" 200 3521
Watching for file changes with StatReloader
Watching for file changes with StatReloader
Watching for file changes with StatReloader
D:\git_workspace\web_b2b\server\server\settings.py changed, reloading.
Watching for file changes with StatReloader
"GET /myapp/index/common/section HTTP/1.1" 200 4265
"GET /myapp/index/home/section HTTP/1.1" 200 4959
"GET /myapp/index/home/section HTTP/1.1" 200 4959
"GET /myapp/index/home/section HTTP/1.1" 200 4959
"GET /myapp/index/common/section HTTP/1.1" 200 4265
"GET /myapp/index/home/section HTTP/1.1" 200 4959
"GET /myapp/index/common/section HTTP/1.1" 200 4265
"GET /myapp/index/home/section HTTP/1.1" 200 4959
"GET /myapp/index/home/section HTTP/1.1" 200 4959
"GET /myapp/index/home/section HTTP/1.1" 200 4959
"GET /myapp/index/common/section HTTP/1.1" 200 4265
"GET /myapp/index/home/section HTTP/1.1" 200 4959
"GET /myapp/index/home/section HTTP/1.1" 200 4959
"GET /myapp/index/common/section HTTP/1.1" 200 4265
"GET /myapp/index/home/section HTTP/1.1" 200 4959
"GET /myapp/index/common/section HTTP/1.1" 200 4265
"GET /myapp/index/home/section HTTP/1.1" 200 4959
"GET /myapp/index/common/section HTTP/1.1" 200 4265
"GET /myapp/index/common/section HTTP/1.1" 200 4265
"GET /myapp/index/home/section HTTP/1.1" 200 4959
"GET /myapp/index/home/section HTTP/1.1" 200 4959
"GET /myapp/index/common/section HTTP/1.1" 200 4265
"GET /myapp/index/thing/section?page=1&pageSize=9 HTTP/1.1" 200 3521
"GET /myapp/index/thing/section?page=1&pageSize=12&searchQuery= HTTP/1.1" 200 3937
"GET /myapp/index/about/section HTTP/1.1" 200 4216
Not Found: /myapp/
Not Found: /myapp/
Not Found: /myapp/
Not Found: /myapp/
Not Found: /myapp/
Not Found: /myapp/
Not Found: /myapp/
Not Found: /myapp/
Not Found: /myapp/
Not Found: /myapp/
Not Found: /myapp/
Not Found: /myapp/
Not Found: /myapp/
Not Found: /myapp/
Not Found: /myapp/
Not Found: /myapp/
Not Found: /myapp/
Not Found: /myapp/
Not Found: /myapp/
Not Found: /myapp/
Not Found: /myapp/
Not Found: /myapp/
Not Found: /myapp/
Not Found: /myapp/
Not Found: /myapp/
Not Found: /myapp/
Not Found: /myapp/
Not Found: /myapp/
Not Found: /myapp/
Not Found: /myapp/
Not Found: /myapp/
Not Found: /myapp/
Not Found: /myapp/
Not Found: /myapp/
Not Found: /myapp/
Not Found: /myapp/
Not Found: /myapp/
Not Found: /myapp/
Not Found: /myapp/
Not Found: /myapp/
Not Found: /myapp/
Not Found: /myapp/
Not Found: /myapp/
Not Found: /myapp/
Not Found: /myapp/
Not Found: /myapp/
Not Found: /myapp/
Not Found: /myapp/
Not Found: /myapp/
Not Found: /myapp/
Watching for file changes with StatReloader
Not Found: /myapp/
Not Found: /myapp/
Not Found: /myapp/
Not Found: /myapp/
Not Found: /myapp/
Not Found: /myapp/
Not Found: /myapp/
Not Found: /myapp/
Not Found: /myapp/
Not Found: /myapp/
Not Found: /myapp/
Not Found: /myapp/
Not Found: /myapp/
Not Found: /myapp/
Not Found: /myapp/
Not Found: /myapp/
Not Found: /myapp/
Not Found: /myapp/
Not Found: /myapp/
Not Found: /myapp/
Not Found: /myapp/
Not Found: /myapp/
Not Found: /myapp/
Not Found: /myapp/
Not Found: /myapp/
Not Found: /myapp/
Not Found: /myapp/
Not Found: /myapp/
Not Found: /myapp/
Not Found: /myapp/
Not Found: /myapp/
Not Found: /myapp/
Not Found: /myapp/
Not Found: /myapp/
Not Found: /myapp/
Not Found: /myapp/
Not Found: /myapp/
Forbidden: /myapp/admin/overview/count
Not Found: /myapp/
Not Found: /myapp/
Not Found: /myapp/
Not Found: /myapp/
Not Found: /myapp/
Not Found: /myapp/
Not Found: /myapp/
Not Found: /myapp/
Not Found: /myapp/
Internal Server Error: /myapp/admin/basicGlobal/listInfo
Traceback (most recent call last):
  File "/usr/local/lib/python3.11/site-packages/pymysql/connections.py", line 613, in connect
    sock = socket.create_connection(
           ^^^^^^^^^^^^^^^^^^^^^^^^^
  File "/usr/local/lib/python3.11/socket.py", line 863, in create_connection
    raise exceptions[0]
  File "/usr/local/lib/python3.11/socket.py", line 848, in create_connection
    sock.connect(sa)
ConnectionRefusedError: [Errno 111] Connection refused

During handling of the above exception, another exception occurred:

Traceback (most recent call last):
  File "/usr/local/lib/python3.11/site-packages/django/db/backends/base/base.py", line 219, in ensure_connection
    self.connect()
  File "/usr/local/lib/python3.11/site-packages/django/utils/asyncio.py", line 33, in inner
    return func(*args, **kwargs)
           ^^^^^^^^^^^^^^^^^^^^^
  File "/usr/local/lib/python3.11/site-packages/django/db/backends/base/base.py", line 200, in connect
    self.connection = self.get_new_connection(conn_params)
                      ^^^^^^^^^^^^^^^^^^^^^^^^^^^^^^^^^^^^
  File "/usr/local/lib/python3.11/site-packages/django/utils/asyncio.py", line 33, in inner
    return func(*args, **kwargs)
           ^^^^^^^^^^^^^^^^^^^^^
  File "/usr/local/lib/python3.11/site-packages/django/db/backends/mysql/base.py", line 234, in get_new_connection
    connection = Database.connect(**conn_params)
                 ^^^^^^^^^^^^^^^^^^^^^^^^^^^^^^^
  File "/usr/local/lib/python3.11/site-packages/pymysql/connections.py", line 353, in __init__
    self.connect()
  File "/usr/local/lib/python3.11/site-packages/pymysql/connections.py", line 664, in connect
    raise exc
pymysql.err.OperationalError: (2003, "Can't connect to MySQL server on '127.0.0.1' ([Errno 111] Connection refused)")

The above exception was the direct cause of the following exception:

Traceback (most recent call last):
  File "/usr/local/lib/python3.11/site-packages/django/core/handlers/exception.py", line 47, in inner
    response = get_response(request)
               ^^^^^^^^^^^^^^^^^^^^^
  File "/usr/local/lib/python3.11/site-packages/django/core/handlers/base.py", line 181, in _get_response
    response = wrapped_callback(request, *callback_args, **callback_kwargs)
               ^^^^^^^^^^^^^^^^^^^^^^^^^^^^^^^^^^^^^^^^^^^^^^^^^^^^^^^^^^^^
  File "/usr/local/lib/python3.11/site-packages/django/views/decorators/csrf.py", line 54, in wrapped_view
    return view_func(*args, **kwargs)
           ^^^^^^^^^^^^^^^^^^^^^^^^^^
  File "/usr/local/lib/python3.11/site-packages/django/views/generic/base.py", line 70, in view
    return self.dispatch(request, *args, **kwargs)
           ^^^^^^^^^^^^^^^^^^^^^^^^^^^^^^^^^^^^^^^
  File "/usr/local/lib/python3.11/site-packages/rest_framework/views.py", line 509, in dispatch
    response = self.handle_exception(exc)
               ^^^^^^^^^^^^^^^^^^^^^^^^^^
  File "/usr/local/lib/python3.11/site-packages/rest_framework/views.py", line 469, in handle_exception
    self.raise_uncaught_exception(exc)
  File "/usr/local/lib/python3.11/site-packages/rest_framework/views.py", line 480, in raise_uncaught_exception
    raise exc
  File "/usr/local/lib/python3.11/site-packages/rest_framework/views.py", line 506, in dispatch
    response = handler(request, *args, **kwargs)
               ^^^^^^^^^^^^^^^^^^^^^^^^^^^^^^^^^
  File "/usr/local/lib/python3.11/site-packages/rest_framework/decorators.py", line 41, in handler
    return func(*args, **kwargs)
           ^^^^^^^^^^^^^^^^^^^^^
  File "/app/myapp/views/admin/basicGlobal.py", line 26, in list_info
    basicGlobal = BasicGlobal.get_solo()
                  ^^^^^^^^^^^^^^^^^^^^^^
  File "/app/myapp/models.py", line 294, in get_solo
    return cls.objects.get()
           ^^^^^^^^^^^^^^^^^
  File "/usr/local/lib/python3.11/site-packages/django/db/models/manager.py", line 85, in manager_method
    return getattr(self.get_queryset(), name)(*args, **kwargs)
           ^^^^^^^^^^^^^^^^^^^^^^^^^^^^^^^^^^^^^^^^^^^^^^^^^^^
  File "/usr/local/lib/python3.11/site-packages/django/db/models/query.py", line 431, in get
    num = len(clone)
          ^^^^^^^^^^
  File "/usr/local/lib/python3.11/site-packages/django/db/models/query.py", line 262, in __len__
    self._fetch_all()
  File "/usr/local/lib/python3.11/site-packages/django/db/models/query.py", line 1324, in _fetch_all
    self._result_cache = list(self._iterable_class(self))
                         ^^^^^^^^^^^^^^^^^^^^^^^^^^^^^^^^
  File "/usr/local/lib/python3.11/site-packages/django/db/models/query.py", line 51, in __iter__
    results = compiler.execute_sql(chunked_fetch=self.chunked_fetch, chunk_size=self.chunk_size)
              ^^^^^^^^^^^^^^^^^^^^^^^^^^^^^^^^^^^^^^^^^^^^^^^^^^^^^^^^^^^^^^^^^^^^^^^^^^^^^^^^^^
  File "/usr/local/lib/python3.11/site-packages/django/db/models/sql/compiler.py", line 1173, in execute_sql
    cursor = self.connection.cursor()
             ^^^^^^^^^^^^^^^^^^^^^^^^
  File "/usr/local/lib/python3.11/site-packages/django/utils/asyncio.py", line 33, in inner
    return func(*args, **kwargs)
           ^^^^^^^^^^^^^^^^^^^^^
  File "/usr/local/lib/python3.11/site-packages/django/db/backends/base/base.py", line 259, in cursor
    return self._cursor()
           ^^^^^^^^^^^^^^
  File "/usr/local/lib/python3.11/site-packages/django/db/backends/base/base.py", line 235, in _cursor
    self.ensure_connection()
  File "/usr/local/lib/python3.11/site-packages/django/utils/asyncio.py", line 33, in inner
    return func(*args, **kwargs)
           ^^^^^^^^^^^^^^^^^^^^^
  File "/usr/local/lib/python3.11/site-packages/django/db/backends/base/base.py", line 218, in ensure_connection
    with self.wrap_database_errors:
  File "/usr/local/lib/python3.11/site-packages/django/db/utils.py", line 90, in __exit__
    raise dj_exc_value.with_traceback(traceback) from exc_value
  File "/usr/local/lib/python3.11/site-packages/django/db/backends/base/base.py", line 219, in ensure_connection
    self.connect()
  File "/usr/local/lib/python3.11/site-packages/django/utils/asyncio.py", line 33, in inner
    return func(*args, **kwargs)
           ^^^^^^^^^^^^^^^^^^^^^
  File "/usr/local/lib/python3.11/site-packages/django/db/backends/base/base.py", line 200, in connect
    self.connection = self.get_new_connection(conn_params)
                      ^^^^^^^^^^^^^^^^^^^^^^^^^^^^^^^^^^^^
  File "/usr/local/lib/python3.11/site-packages/django/utils/asyncio.py", line 33, in inner
    return func(*args, **kwargs)
           ^^^^^^^^^^^^^^^^^^^^^
  File "/usr/local/lib/python3.11/site-packages/django/db/backends/mysql/base.py", line 234, in get_new_connection
    connection = Database.connect(**conn_params)
                 ^^^^^^^^^^^^^^^^^^^^^^^^^^^^^^^
  File "/usr/local/lib/python3.11/site-packages/pymysql/connections.py", line 353, in __init__
    self.connect()
  File "/usr/local/lib/python3.11/site-packages/pymysql/connections.py", line 664, in connect
    raise exc
django.db.utils.OperationalError: (2003, "Can't connect to MySQL server on '127.0.0.1' ([Errno 111] Connection refused)")
Internal Server Error: /myapp/admin/basicGlobal/listInfo
Traceback (most recent call last):
  File "/usr/local/lib/python3.11/site-packages/pymysql/connections.py", line 613, in connect
    sock = socket.create_connection(
           ^^^^^^^^^^^^^^^^^^^^^^^^^
  File "/usr/local/lib/python3.11/socket.py", line 863, in create_connection
    raise exceptions[0]
  File "/usr/local/lib/python3.11/socket.py", line 848, in create_connection
    sock.connect(sa)
ConnectionRefusedError: [Errno 111] Connection refused

During handling of the above exception, another exception occurred:

Traceback (most recent call last):
  File "/usr/local/lib/python3.11/site-packages/django/db/backends/base/base.py", line 219, in ensure_connection
    self.connect()
  File "/usr/local/lib/python3.11/site-packages/django/utils/asyncio.py", line 33, in inner
    return func(*args, **kwargs)
           ^^^^^^^^^^^^^^^^^^^^^
  File "/usr/local/lib/python3.11/site-packages/django/db/backends/base/base.py", line 200, in connect
    self.connection = self.get_new_connection(conn_params)
                      ^^^^^^^^^^^^^^^^^^^^^^^^^^^^^^^^^^^^
  File "/usr/local/lib/python3.11/site-packages/django/utils/asyncio.py", line 33, in inner
    return func(*args, **kwargs)
           ^^^^^^^^^^^^^^^^^^^^^
  File "/usr/local/lib/python3.11/site-packages/django/db/backends/mysql/base.py", line 234, in get_new_connection
    connection = Database.connect(**conn_params)
                 ^^^^^^^^^^^^^^^^^^^^^^^^^^^^^^^
  File "/usr/local/lib/python3.11/site-packages/pymysql/connections.py", line 353, in __init__
    self.connect()
  File "/usr/local/lib/python3.11/site-packages/pymysql/connections.py", line 664, in connect
    raise exc
pymysql.err.OperationalError: (2003, "Can't connect to MySQL server on '127.0.0.1' ([Errno 111] Connection refused)")

The above exception was the direct cause of the following exception:

Traceback (most recent call last):
  File "/usr/local/lib/python3.11/site-packages/django/core/handlers/exception.py", line 47, in inner
    response = get_response(request)
               ^^^^^^^^^^^^^^^^^^^^^
  File "/usr/local/lib/python3.11/site-packages/django/utils/deprecation.py", line 119, in __call__
    response = self.process_response(request, response)
               ^^^^^^^^^^^^^^^^^^^^^^^^^^^^^^^^^^^^^^^^
  File "/app/myapp/middlewares/LogMiddleware.py", line 52, in process_response
    serializer.save()
  File "/usr/local/lib/python3.11/site-packages/rest_framework/serializers.py", line 212, in save
    self.instance = self.create(validated_data)
                    ^^^^^^^^^^^^^^^^^^^^^^^^^^^
  File "/usr/local/lib/python3.11/site-packages/rest_framework/serializers.py", line 962, in create
    instance = ModelClass._default_manager.create(**validated_data)
               ^^^^^^^^^^^^^^^^^^^^^^^^^^^^^^^^^^^^^^^^^^^^^^^^^^^^
  File "/usr/local/lib/python3.11/site-packages/django/db/models/manager.py", line 85, in manager_method
    return getattr(self.get_queryset(), name)(*args, **kwargs)
           ^^^^^^^^^^^^^^^^^^^^^^^^^^^^^^^^^^^^^^^^^^^^^^^^^^^
  File "/usr/local/lib/python3.11/site-packages/django/db/models/query.py", line 453, in create
    obj.save(force_insert=True, using=self.db)
  File "/usr/local/lib/python3.11/site-packages/django/db/models/base.py", line 739, in save
    self.save_base(using=using, force_insert=force_insert,
  File "/usr/local/lib/python3.11/site-packages/django/db/models/base.py", line 776, in save_base
    updated = self._save_table(
              ^^^^^^^^^^^^^^^^^
  File "/usr/local/lib/python3.11/site-packages/django/db/models/base.py", line 881, in _save_table
    results = self._do_insert(cls._base_manager, using, fields, returning_fields, raw)
              ^^^^^^^^^^^^^^^^^^^^^^^^^^^^^^^^^^^^^^^^^^^^^^^^^^^^^^^^^^^^^^^^^^^^^^^^
  File "/usr/local/lib/python3.11/site-packages/django/db/models/base.py", line 919, in _do_insert
    return manager._insert(
           ^^^^^^^^^^^^^^^^
  File "/usr/local/lib/python3.11/site-packages/django/db/models/manager.py", line 85, in manager_method
    return getattr(self.get_queryset(), name)(*args, **kwargs)
           ^^^^^^^^^^^^^^^^^^^^^^^^^^^^^^^^^^^^^^^^^^^^^^^^^^^
  File "/usr/local/lib/python3.11/site-packages/django/db/models/query.py", line 1270, in _insert
    return query.get_compiler(using=using).execute_sql(returning_fields)
           ^^^^^^^^^^^^^^^^^^^^^^^^^^^^^^^^^^^^^^^^^^^^^^^^^^^^^^^^^^^^^
  File "/usr/local/lib/python3.11/site-packages/django/db/models/sql/compiler.py", line 1414, in execute_sql
    with self.connection.cursor() as cursor:
         ^^^^^^^^^^^^^^^^^^^^^^^^
  File "/usr/local/lib/python3.11/site-packages/django/utils/asyncio.py", line 33, in inner
    return func(*args, **kwargs)
           ^^^^^^^^^^^^^^^^^^^^^
  File "/usr/local/lib/python3.11/site-packages/django/db/backends/base/base.py", line 259, in cursor
    return self._cursor()
           ^^^^^^^^^^^^^^
  File "/usr/local/lib/python3.11/site-packages/django/db/backends/base/base.py", line 235, in _cursor
    self.ensure_connection()
  File "/usr/local/lib/python3.11/site-packages/django/utils/asyncio.py", line 33, in inner
    return func(*args, **kwargs)
           ^^^^^^^^^^^^^^^^^^^^^
  File "/usr/local/lib/python3.11/site-packages/django/db/backends/base/base.py", line 218, in ensure_connection
    with self.wrap_database_errors:
  File "/usr/local/lib/python3.11/site-packages/django/db/utils.py", line 90, in __exit__
    raise dj_exc_value.with_traceback(traceback) from exc_value
  File "/usr/local/lib/python3.11/site-packages/django/db/backends/base/base.py", line 219, in ensure_connection
    self.connect()
  File "/usr/local/lib/python3.11/site-packages/django/utils/asyncio.py", line 33, in inner
    return func(*args, **kwargs)
           ^^^^^^^^^^^^^^^^^^^^^
  File "/usr/local/lib/python3.11/site-packages/django/db/backends/base/base.py", line 200, in connect
    self.connection = self.get_new_connection(conn_params)
                      ^^^^^^^^^^^^^^^^^^^^^^^^^^^^^^^^^^^^
  File "/usr/local/lib/python3.11/site-packages/django/utils/asyncio.py", line 33, in inner
    return func(*args, **kwargs)
           ^^^^^^^^^^^^^^^^^^^^^
  File "/usr/local/lib/python3.11/site-packages/django/db/backends/mysql/base.py", line 234, in get_new_connection
    connection = Database.connect(**conn_params)
                 ^^^^^^^^^^^^^^^^^^^^^^^^^^^^^^^
  File "/usr/local/lib/python3.11/site-packages/pymysql/connections.py", line 353, in __init__
    self.connect()
  File "/usr/local/lib/python3.11/site-packages/pymysql/connections.py", line 664, in connect
    raise exc
django.db.utils.OperationalError: (2003, "Can't connect to MySQL server on '127.0.0.1' ([Errno 111] Connection refused)")
Internal Server Error: /myapp/admin/basicGlobal/listInfo
Traceback (most recent call last):
  File "/usr/local/lib/python3.11/site-packages/pymysql/connections.py", line 613, in connect
    sock = socket.create_connection(
           ^^^^^^^^^^^^^^^^^^^^^^^^^
  File "/usr/local/lib/python3.11/socket.py", line 863, in create_connection
    raise exceptions[0]
  File "/usr/local/lib/python3.11/socket.py", line 848, in create_connection
    sock.connect(sa)
ConnectionRefusedError: [Errno 111] Connection refused

During handling of the above exception, another exception occurred:

Traceback (most recent call last):
  File "/usr/local/lib/python3.11/site-packages/django/db/backends/base/base.py", line 219, in ensure_connection
    self.connect()
  File "/usr/local/lib/python3.11/site-packages/django/utils/asyncio.py", line 33, in inner
    return func(*args, **kwargs)
           ^^^^^^^^^^^^^^^^^^^^^
  File "/usr/local/lib/python3.11/site-packages/django/db/backends/base/base.py", line 200, in connect
    self.connection = self.get_new_connection(conn_params)
                      ^^^^^^^^^^^^^^^^^^^^^^^^^^^^^^^^^^^^
  File "/usr/local/lib/python3.11/site-packages/django/utils/asyncio.py", line 33, in inner
    return func(*args, **kwargs)
           ^^^^^^^^^^^^^^^^^^^^^
  File "/usr/local/lib/python3.11/site-packages/django/db/backends/mysql/base.py", line 234, in get_new_connection
    connection = Database.connect(**conn_params)
                 ^^^^^^^^^^^^^^^^^^^^^^^^^^^^^^^
  File "/usr/local/lib/python3.11/site-packages/pymysql/connections.py", line 353, in __init__
    self.connect()
  File "/usr/local/lib/python3.11/site-packages/pymysql/connections.py", line 664, in connect
    raise exc
pymysql.err.OperationalError: (2003, "Can't connect to MySQL server on '127.0.0.1' ([Errno 111] Connection refused)")

The above exception was the direct cause of the following exception:

Traceback (most recent call last):
  File "/usr/local/lib/python3.11/site-packages/django/core/handlers/exception.py", line 47, in inner
    response = get_response(request)
               ^^^^^^^^^^^^^^^^^^^^^
  File "/usr/local/lib/python3.11/site-packages/django/core/handlers/base.py", line 181, in _get_response
    response = wrapped_callback(request, *callback_args, **callback_kwargs)
               ^^^^^^^^^^^^^^^^^^^^^^^^^^^^^^^^^^^^^^^^^^^^^^^^^^^^^^^^^^^^
  File "/usr/local/lib/python3.11/site-packages/django/views/decorators/csrf.py", line 54, in wrapped_view
    return view_func(*args, **kwargs)
           ^^^^^^^^^^^^^^^^^^^^^^^^^^
  File "/usr/local/lib/python3.11/site-packages/django/views/generic/base.py", line 70, in view
    return self.dispatch(request, *args, **kwargs)
           ^^^^^^^^^^^^^^^^^^^^^^^^^^^^^^^^^^^^^^^
  File "/usr/local/lib/python3.11/site-packages/rest_framework/views.py", line 509, in dispatch
    response = self.handle_exception(exc)
               ^^^^^^^^^^^^^^^^^^^^^^^^^^
  File "/usr/local/lib/python3.11/site-packages/rest_framework/views.py", line 469, in handle_exception
    self.raise_uncaught_exception(exc)
  File "/usr/local/lib/python3.11/site-packages/rest_framework/views.py", line 480, in raise_uncaught_exception
    raise exc
  File "/usr/local/lib/python3.11/site-packages/rest_framework/views.py", line 506, in dispatch
    response = handler(request, *args, **kwargs)
               ^^^^^^^^^^^^^^^^^^^^^^^^^^^^^^^^^
  File "/usr/local/lib/python3.11/site-packages/rest_framework/decorators.py", line 41, in handler
    return func(*args, **kwargs)
           ^^^^^^^^^^^^^^^^^^^^^
  File "/app/myapp/views/admin/basicGlobal.py", line 26, in list_info
    basicGlobal = BasicGlobal.get_solo()
                  ^^^^^^^^^^^^^^^^^^^^^^
  File "/app/myapp/models.py", line 294, in get_solo
    return cls.objects.get()
           ^^^^^^^^^^^^^^^^^
  File "/usr/local/lib/python3.11/site-packages/django/db/models/manager.py", line 85, in manager_method
    return getattr(self.get_queryset(), name)(*args, **kwargs)
           ^^^^^^^^^^^^^^^^^^^^^^^^^^^^^^^^^^^^^^^^^^^^^^^^^^^
  File "/usr/local/lib/python3.11/site-packages/django/db/models/query.py", line 431, in get
    num = len(clone)
          ^^^^^^^^^^
  File "/usr/local/lib/python3.11/site-packages/django/db/models/query.py", line 262, in __len__
    self._fetch_all()
  File "/usr/local/lib/python3.11/site-packages/django/db/models/query.py", line 1324, in _fetch_all
    self._result_cache = list(self._iterable_class(self))
                         ^^^^^^^^^^^^^^^^^^^^^^^^^^^^^^^^
  File "/usr/local/lib/python3.11/site-packages/django/db/models/query.py", line 51, in __iter__
    results = compiler.execute_sql(chunked_fetch=self.chunked_fetch, chunk_size=self.chunk_size)
              ^^^^^^^^^^^^^^^^^^^^^^^^^^^^^^^^^^^^^^^^^^^^^^^^^^^^^^^^^^^^^^^^^^^^^^^^^^^^^^^^^^
  File "/usr/local/lib/python3.11/site-packages/django/db/models/sql/compiler.py", line 1173, in execute_sql
    cursor = self.connection.cursor()
             ^^^^^^^^^^^^^^^^^^^^^^^^
  File "/usr/local/lib/python3.11/site-packages/django/utils/asyncio.py", line 33, in inner
    return func(*args, **kwargs)
           ^^^^^^^^^^^^^^^^^^^^^
  File "/usr/local/lib/python3.11/site-packages/django/db/backends/base/base.py", line 259, in cursor
    return self._cursor()
           ^^^^^^^^^^^^^^
  File "/usr/local/lib/python3.11/site-packages/django/db/backends/base/base.py", line 235, in _cursor
    self.ensure_connection()
  File "/usr/local/lib/python3.11/site-packages/django/utils/asyncio.py", line 33, in inner
    return func(*args, **kwargs)
           ^^^^^^^^^^^^^^^^^^^^^
  File "/usr/local/lib/python3.11/site-packages/django/db/backends/base/base.py", line 218, in ensure_connection
    with self.wrap_database_errors:
  File "/usr/local/lib/python3.11/site-packages/django/db/utils.py", line 90, in __exit__
    raise dj_exc_value.with_traceback(traceback) from exc_value
  File "/usr/local/lib/python3.11/site-packages/django/db/backends/base/base.py", line 219, in ensure_connection
    self.connect()
  File "/usr/local/lib/python3.11/site-packages/django/utils/asyncio.py", line 33, in inner
    return func(*args, **kwargs)
           ^^^^^^^^^^^^^^^^^^^^^
  File "/usr/local/lib/python3.11/site-packages/django/db/backends/base/base.py", line 200, in connect
    self.connection = self.get_new_connection(conn_params)
                      ^^^^^^^^^^^^^^^^^^^^^^^^^^^^^^^^^^^^
  File "/usr/local/lib/python3.11/site-packages/django/utils/asyncio.py", line 33, in inner
    return func(*args, **kwargs)
           ^^^^^^^^^^^^^^^^^^^^^
  File "/usr/local/lib/python3.11/site-packages/django/db/backends/mysql/base.py", line 234, in get_new_connection
    connection = Database.connect(**conn_params)
                 ^^^^^^^^^^^^^^^^^^^^^^^^^^^^^^^
  File "/usr/local/lib/python3.11/site-packages/pymysql/connections.py", line 353, in __init__
    self.connect()
  File "/usr/local/lib/python3.11/site-packages/pymysql/connections.py", line 664, in connect
    raise exc
django.db.utils.OperationalError: (2003, "Can't connect to MySQL server on '127.0.0.1' ([Errno 111] Connection refused)")
Internal Server Error: /myapp/admin/basicGlobal/listInfo
Traceback (most recent call last):
  File "/usr/local/lib/python3.11/site-packages/pymysql/connections.py", line 613, in connect
    sock = socket.create_connection(
           ^^^^^^^^^^^^^^^^^^^^^^^^^
  File "/usr/local/lib/python3.11/socket.py", line 863, in create_connection
    raise exceptions[0]
  File "/usr/local/lib/python3.11/socket.py", line 848, in create_connection
    sock.connect(sa)
ConnectionRefusedError: [Errno 111] Connection refused

During handling of the above exception, another exception occurred:

Traceback (most recent call last):
  File "/usr/local/lib/python3.11/site-packages/django/db/backends/base/base.py", line 219, in ensure_connection
    self.connect()
  File "/usr/local/lib/python3.11/site-packages/django/utils/asyncio.py", line 33, in inner
    return func(*args, **kwargs)
           ^^^^^^^^^^^^^^^^^^^^^
  File "/usr/local/lib/python3.11/site-packages/django/db/backends/base/base.py", line 200, in connect
    self.connection = self.get_new_connection(conn_params)
                      ^^^^^^^^^^^^^^^^^^^^^^^^^^^^^^^^^^^^
  File "/usr/local/lib/python3.11/site-packages/django/utils/asyncio.py", line 33, in inner
    return func(*args, **kwargs)
           ^^^^^^^^^^^^^^^^^^^^^
  File "/usr/local/lib/python3.11/site-packages/django/db/backends/mysql/base.py", line 234, in get_new_connection
    connection = Database.connect(**conn_params)
                 ^^^^^^^^^^^^^^^^^^^^^^^^^^^^^^^
  File "/usr/local/lib/python3.11/site-packages/pymysql/connections.py", line 353, in __init__
    self.connect()
  File "/usr/local/lib/python3.11/site-packages/pymysql/connections.py", line 664, in connect
    raise exc
pymysql.err.OperationalError: (2003, "Can't connect to MySQL server on '127.0.0.1' ([Errno 111] Connection refused)")

The above exception was the direct cause of the following exception:

Traceback (most recent call last):
  File "/usr/local/lib/python3.11/site-packages/django/core/handlers/exception.py", line 47, in inner
    response = get_response(request)
               ^^^^^^^^^^^^^^^^^^^^^
  File "/usr/local/lib/python3.11/site-packages/django/utils/deprecation.py", line 119, in __call__
    response = self.process_response(request, response)
               ^^^^^^^^^^^^^^^^^^^^^^^^^^^^^^^^^^^^^^^^
  File "/app/myapp/middlewares/LogMiddleware.py", line 52, in process_response
    serializer.save()
  File "/usr/local/lib/python3.11/site-packages/rest_framework/serializers.py", line 212, in save
    self.instance = self.create(validated_data)
                    ^^^^^^^^^^^^^^^^^^^^^^^^^^^
  File "/usr/local/lib/python3.11/site-packages/rest_framework/serializers.py", line 962, in create
    instance = ModelClass._default_manager.create(**validated_data)
               ^^^^^^^^^^^^^^^^^^^^^^^^^^^^^^^^^^^^^^^^^^^^^^^^^^^^
  File "/usr/local/lib/python3.11/site-packages/django/db/models/manager.py", line 85, in manager_method
    return getattr(self.get_queryset(), name)(*args, **kwargs)
           ^^^^^^^^^^^^^^^^^^^^^^^^^^^^^^^^^^^^^^^^^^^^^^^^^^^
  File "/usr/local/lib/python3.11/site-packages/django/db/models/query.py", line 453, in create
    obj.save(force_insert=True, using=self.db)
  File "/usr/local/lib/python3.11/site-packages/django/db/models/base.py", line 739, in save
    self.save_base(using=using, force_insert=force_insert,
  File "/usr/local/lib/python3.11/site-packages/django/db/models/base.py", line 776, in save_base
    updated = self._save_table(
              ^^^^^^^^^^^^^^^^^
  File "/usr/local/lib/python3.11/site-packages/django/db/models/base.py", line 881, in _save_table
    results = self._do_insert(cls._base_manager, using, fields, returning_fields, raw)
              ^^^^^^^^^^^^^^^^^^^^^^^^^^^^^^^^^^^^^^^^^^^^^^^^^^^^^^^^^^^^^^^^^^^^^^^^
  File "/usr/local/lib/python3.11/site-packages/django/db/models/base.py", line 919, in _do_insert
    return manager._insert(
           ^^^^^^^^^^^^^^^^
  File "/usr/local/lib/python3.11/site-packages/django/db/models/manager.py", line 85, in manager_method
    return getattr(self.get_queryset(), name)(*args, **kwargs)
           ^^^^^^^^^^^^^^^^^^^^^^^^^^^^^^^^^^^^^^^^^^^^^^^^^^^
  File "/usr/local/lib/python3.11/site-packages/django/db/models/query.py", line 1270, in _insert
    return query.get_compiler(using=using).execute_sql(returning_fields)
           ^^^^^^^^^^^^^^^^^^^^^^^^^^^^^^^^^^^^^^^^^^^^^^^^^^^^^^^^^^^^^
  File "/usr/local/lib/python3.11/site-packages/django/db/models/sql/compiler.py", line 1414, in execute_sql
    with self.connection.cursor() as cursor:
         ^^^^^^^^^^^^^^^^^^^^^^^^
  File "/usr/local/lib/python3.11/site-packages/django/utils/asyncio.py", line 33, in inner
    return func(*args, **kwargs)
           ^^^^^^^^^^^^^^^^^^^^^
  File "/usr/local/lib/python3.11/site-packages/django/db/backends/base/base.py", line 259, in cursor
    return self._cursor()
           ^^^^^^^^^^^^^^
  File "/usr/local/lib/python3.11/site-packages/django/db/backends/base/base.py", line 235, in _cursor
    self.ensure_connection()
  File "/usr/local/lib/python3.11/site-packages/django/utils/asyncio.py", line 33, in inner
    return func(*args, **kwargs)
           ^^^^^^^^^^^^^^^^^^^^^
  File "/usr/local/lib/python3.11/site-packages/django/db/backends/base/base.py", line 218, in ensure_connection
    with self.wrap_database_errors:
  File "/usr/local/lib/python3.11/site-packages/django/db/utils.py", line 90, in __exit__
    raise dj_exc_value.with_traceback(traceback) from exc_value
  File "/usr/local/lib/python3.11/site-packages/django/db/backends/base/base.py", line 219, in ensure_connection
    self.connect()
  File "/usr/local/lib/python3.11/site-packages/django/utils/asyncio.py", line 33, in inner
    return func(*args, **kwargs)
           ^^^^^^^^^^^^^^^^^^^^^
  File "/usr/local/lib/python3.11/site-packages/django/db/backends/base/base.py", line 200, in connect
    self.connection = self.get_new_connection(conn_params)
                      ^^^^^^^^^^^^^^^^^^^^^^^^^^^^^^^^^^^^
  File "/usr/local/lib/python3.11/site-packages/django/utils/asyncio.py", line 33, in inner
    return func(*args, **kwargs)
           ^^^^^^^^^^^^^^^^^^^^^
  File "/usr/local/lib/python3.11/site-packages/django/db/backends/mysql/base.py", line 234, in get_new_connection
    connection = Database.connect(**conn_params)
                 ^^^^^^^^^^^^^^^^^^^^^^^^^^^^^^^
  File "/usr/local/lib/python3.11/site-packages/pymysql/connections.py", line 353, in __init__
    self.connect()
  File "/usr/local/lib/python3.11/site-packages/pymysql/connections.py", line 664, in connect
    raise exc
django.db.utils.OperationalError: (2003, "Can't connect to MySQL server on '127.0.0.1' ([Errno 111] Connection refused)")
Internal Server Error: /myapp/admin/basicGlobal/listInfo
Traceback (most recent call last):
  File "/usr/local/lib/python3.11/site-packages/django/contrib/sessions/backends/base.py", line 233, in _get_session
    return self._session_cache
           ^^^^^^^^^^^^^^^^^^^
AttributeError: 'SessionStore' object has no attribute '_session_cache'

During handling of the above exception, another exception occurred:

Traceback (most recent call last):
  File "/usr/local/lib/python3.11/site-packages/django/core/handlers/exception.py", line 47, in inner
    response = get_response(request)
               ^^^^^^^^^^^^^^^^^^^^^
  File "/usr/local/lib/python3.11/site-packages/django/core/handlers/base.py", line 181, in _get_response
    response = wrapped_callback(request, *callback_args, **callback_kwargs)
               ^^^^^^^^^^^^^^^^^^^^^^^^^^^^^^^^^^^^^^^^^^^^^^^^^^^^^^^^^^^^
  File "/usr/local/lib/python3.11/site-packages/django/views/decorators/csrf.py", line 54, in wrapped_view
    return view_func(*args, **kwargs)
           ^^^^^^^^^^^^^^^^^^^^^^^^^^
  File "/usr/local/lib/python3.11/site-packages/django/views/generic/base.py", line 70, in view
    return self.dispatch(request, *args, **kwargs)
           ^^^^^^^^^^^^^^^^^^^^^^^^^^^^^^^^^^^^^^^
  File "/usr/local/lib/python3.11/site-packages/rest_framework/views.py", line 509, in dispatch
    response = self.handle_exception(exc)
               ^^^^^^^^^^^^^^^^^^^^^^^^^^
  File "/usr/local/lib/python3.11/site-packages/rest_framework/views.py", line 469, in handle_exception
    self.raise_uncaught_exception(exc)
  File "/usr/local/lib/python3.11/site-packages/rest_framework/views.py", line 480, in raise_uncaught_exception
    raise exc
  File "/usr/local/lib/python3.11/site-packages/rest_framework/views.py", line 497, in dispatch
    self.initial(request, *args, **kwargs)
  File "/usr/local/lib/python3.11/site-packages/rest_framework/views.py", line 414, in initial
    self.perform_authentication(request)
  File "/usr/local/lib/python3.11/site-packages/rest_framework/views.py", line 324, in perform_authentication
    request.user
  File "/usr/local/lib/python3.11/site-packages/rest_framework/request.py", line 227, in user
    self._authenticate()
  File "/usr/local/lib/python3.11/site-packages/rest_framework/request.py", line 380, in _authenticate
    user_auth_tuple = authenticator.authenticate(self)
                      ^^^^^^^^^^^^^^^^^^^^^^^^^^^^^^^^
  File "/usr/local/lib/python3.11/site-packages/rest_framework/authentication.py", line 127, in authenticate
    if not user or not user.is_active:
  File "/usr/local/lib/python3.11/site-packages/django/utils/functional.py", line 246, in inner
    self._setup()
  File "/usr/local/lib/python3.11/site-packages/django/utils/functional.py", line 382, in _setup
    self._wrapped = self._setupfunc()
                    ^^^^^^^^^^^^^^^^^
  File "/usr/local/lib/python3.11/site-packages/django/contrib/auth/middleware.py", line 23, in <lambda>
    request.user = SimpleLazyObject(lambda: get_user(request))
                                            ^^^^^^^^^^^^^^^^^
  File "/usr/local/lib/python3.11/site-packages/django/contrib/auth/middleware.py", line 11, in get_user
    request._cached_user = auth.get_user(request)
                           ^^^^^^^^^^^^^^^^^^^^^^
  File "/usr/local/lib/python3.11/site-packages/django/contrib/auth/__init__.py", line 177, in get_user
    user_id = _get_user_session_key(request)
              ^^^^^^^^^^^^^^^^^^^^^^^^^^^^^^
  File "/usr/local/lib/python3.11/site-packages/django/contrib/auth/__init__.py", line 60, in _get_user_session_key
    return get_user_model()._meta.pk.to_python(request.session[SESSION_KEY])
                                               ~~~~~~~~~~~~~~~^^^^^^^^^^^^^
  File "/usr/local/lib/python3.11/site-packages/django/contrib/sessions/backends/base.py", line 65, in __getitem__
    return self._session[key]
           ^^^^^^^^^^^^^
  File "/usr/local/lib/python3.11/site-packages/django/contrib/sessions/backends/base.py", line 238, in _get_session
    self._session_cache = self.load()
                          ^^^^^^^^^^^
  File "/usr/local/lib/python3.11/site-packages/django/contrib/sessions/backends/db.py", line 43, in load
    s = self._get_session_from_db()
        ^^^^^^^^^^^^^^^^^^^^^^^^^^^
  File "/usr/local/lib/python3.11/site-packages/django/contrib/sessions/backends/db.py", line 32, in _get_session_from_db
    return self.model.objects.get(
           ^^^^^^^^^^^^^^^^^^^^^^^
  File "/usr/local/lib/python3.11/site-packages/django/db/models/manager.py", line 85, in manager_method
    return getattr(self.get_queryset(), name)(*args, **kwargs)
           ^^^^^^^^^^^^^^^^^^^^^^^^^^^^^^^^^^^^^^^^^^^^^^^^^^^
  File "/usr/local/lib/python3.11/site-packages/django/db/models/query.py", line 431, in get
    num = len(clone)
          ^^^^^^^^^^
  File "/usr/local/lib/python3.11/site-packages/django/db/models/query.py", line 262, in __len__
    self._fetch_all()
  File "/usr/local/lib/python3.11/site-packages/django/db/models/query.py", line 1324, in _fetch_all
    self._result_cache = list(self._iterable_class(self))
                         ^^^^^^^^^^^^^^^^^^^^^^^^^^^^^^^^
  File "/usr/local/lib/python3.11/site-packages/django/db/models/query.py", line 51, in __iter__
    results = compiler.execute_sql(chunked_fetch=self.chunked_fetch, chunk_size=self.chunk_size)
              ^^^^^^^^^^^^^^^^^^^^^^^^^^^^^^^^^^^^^^^^^^^^^^^^^^^^^^^^^^^^^^^^^^^^^^^^^^^^^^^^^^
  File "/usr/local/lib/python3.11/site-packages/django/db/models/sql/compiler.py", line 1173, in execute_sql
    cursor = self.connection.cursor()
             ^^^^^^^^^^^^^^^^^^^^^^^^
  File "/usr/local/lib/python3.11/site-packages/django/utils/asyncio.py", line 33, in inner
    return func(*args, **kwargs)
           ^^^^^^^^^^^^^^^^^^^^^
  File "/usr/local/lib/python3.11/site-packages/django/db/backends/base/base.py", line 259, in cursor
    return self._cursor()
           ^^^^^^^^^^^^^^
  File "/usr/local/lib/python3.11/site-packages/django/db/backends/base/base.py", line 235, in _cursor
    self.ensure_connection()
  File "/usr/local/lib/python3.11/site-packages/django/utils/asyncio.py", line 33, in inner
    return func(*args, **kwargs)
           ^^^^^^^^^^^^^^^^^^^^^
  File "/usr/local/lib/python3.11/site-packages/django/db/backends/base/base.py", line 219, in ensure_connection
    self.connect()
  File "/usr/local/lib/python3.11/site-packages/django/utils/asyncio.py", line 33, in inner
    return func(*args, **kwargs)
           ^^^^^^^^^^^^^^^^^^^^^
  File "/usr/local/lib/python3.11/site-packages/django/db/backends/base/base.py", line 200, in connect
    self.connection = self.get_new_connection(conn_params)
                      ^^^^^^^^^^^^^^^^^^^^^^^^^^^^^^^^^^^^
  File "/usr/local/lib/python3.11/site-packages/django/utils/asyncio.py", line 33, in inner
    return func(*args, **kwargs)
           ^^^^^^^^^^^^^^^^^^^^^
  File "/usr/local/lib/python3.11/site-packages/django/db/backends/mysql/base.py", line 234, in get_new_connection
    connection = Database.connect(**conn_params)
                 ^^^^^^^^^^^^^^^^^^^^^^^^^^^^^^^
  File "/usr/local/lib/python3.11/site-packages/pymysql/connections.py", line 353, in __init__
    self.connect()
  File "/usr/local/lib/python3.11/site-packages/pymysql/connections.py", line 633, in connect
    self._request_authentication()
  File "/usr/local/lib/python3.11/site-packages/pymysql/connections.py", line 932, in _request_authentication
    auth_packet = _auth.caching_sha2_password_auth(self, auth_packet)
                  ^^^^^^^^^^^^^^^^^^^^^^^^^^^^^^^^^^^^^^^^^^^^^^^^^^^
  File "/usr/local/lib/python3.11/site-packages/pymysql/_auth.py", line 265, in caching_sha2_password_auth
    data = sha2_rsa_encrypt(conn.password, conn.salt, conn.server_public_key)
           ^^^^^^^^^^^^^^^^^^^^^^^^^^^^^^^^^^^^^^^^^^^^^^^^^^^^^^^^^^^^^^^^^^
  File "/usr/local/lib/python3.11/site-packages/pymysql/_auth.py", line 143, in sha2_rsa_encrypt
    raise RuntimeError(
RuntimeError: 'cryptography' package is required for sha256_password or caching_sha2_password auth methods
Internal Server Error: /myapp/admin/basicGlobal/listInfo
Traceback (most recent call last):
  File "/usr/local/lib/python3.11/site-packages/django/core/handlers/exception.py", line 47, in inner
    response = get_response(request)
               ^^^^^^^^^^^^^^^^^^^^^
  File "/usr/local/lib/python3.11/site-packages/django/utils/deprecation.py", line 119, in __call__
    response = self.process_response(request, response)
               ^^^^^^^^^^^^^^^^^^^^^^^^^^^^^^^^^^^^^^^^
  File "/app/myapp/middlewares/LogMiddleware.py", line 52, in process_response
    serializer.save()
  File "/usr/local/lib/python3.11/site-packages/rest_framework/serializers.py", line 212, in save
    self.instance = self.create(validated_data)
                    ^^^^^^^^^^^^^^^^^^^^^^^^^^^
  File "/usr/local/lib/python3.11/site-packages/rest_framework/serializers.py", line 962, in create
    instance = ModelClass._default_manager.create(**validated_data)
               ^^^^^^^^^^^^^^^^^^^^^^^^^^^^^^^^^^^^^^^^^^^^^^^^^^^^
  File "/usr/local/lib/python3.11/site-packages/django/db/models/manager.py", line 85, in manager_method
    return getattr(self.get_queryset(), name)(*args, **kwargs)
           ^^^^^^^^^^^^^^^^^^^^^^^^^^^^^^^^^^^^^^^^^^^^^^^^^^^
  File "/usr/local/lib/python3.11/site-packages/django/db/models/query.py", line 453, in create
    obj.save(force_insert=True, using=self.db)
  File "/usr/local/lib/python3.11/site-packages/django/db/models/base.py", line 739, in save
    self.save_base(using=using, force_insert=force_insert,
  File "/usr/local/lib/python3.11/site-packages/django/db/models/base.py", line 776, in save_base
    updated = self._save_table(
              ^^^^^^^^^^^^^^^^^
  File "/usr/local/lib/python3.11/site-packages/django/db/models/base.py", line 881, in _save_table
    results = self._do_insert(cls._base_manager, using, fields, returning_fields, raw)
              ^^^^^^^^^^^^^^^^^^^^^^^^^^^^^^^^^^^^^^^^^^^^^^^^^^^^^^^^^^^^^^^^^^^^^^^^
  File "/usr/local/lib/python3.11/site-packages/django/db/models/base.py", line 919, in _do_insert
    return manager._insert(
           ^^^^^^^^^^^^^^^^
  File "/usr/local/lib/python3.11/site-packages/django/db/models/manager.py", line 85, in manager_method
    return getattr(self.get_queryset(), name)(*args, **kwargs)
           ^^^^^^^^^^^^^^^^^^^^^^^^^^^^^^^^^^^^^^^^^^^^^^^^^^^
  File "/usr/local/lib/python3.11/site-packages/django/db/models/query.py", line 1270, in _insert
    return query.get_compiler(using=using).execute_sql(returning_fields)
           ^^^^^^^^^^^^^^^^^^^^^^^^^^^^^^^^^^^^^^^^^^^^^^^^^^^^^^^^^^^^^
  File "/usr/local/lib/python3.11/site-packages/django/db/models/sql/compiler.py", line 1414, in execute_sql
    with self.connection.cursor() as cursor:
         ^^^^^^^^^^^^^^^^^^^^^^^^
  File "/usr/local/lib/python3.11/site-packages/django/utils/asyncio.py", line 33, in inner
    return func(*args, **kwargs)
           ^^^^^^^^^^^^^^^^^^^^^
  File "/usr/local/lib/python3.11/site-packages/django/db/backends/base/base.py", line 259, in cursor
    return self._cursor()
           ^^^^^^^^^^^^^^
  File "/usr/local/lib/python3.11/site-packages/django/db/backends/base/base.py", line 235, in _cursor
    self.ensure_connection()
  File "/usr/local/lib/python3.11/site-packages/django/utils/asyncio.py", line 33, in inner
    return func(*args, **kwargs)
           ^^^^^^^^^^^^^^^^^^^^^
  File "/usr/local/lib/python3.11/site-packages/django/db/backends/base/base.py", line 219, in ensure_connection
    self.connect()
  File "/usr/local/lib/python3.11/site-packages/django/utils/asyncio.py", line 33, in inner
    return func(*args, **kwargs)
           ^^^^^^^^^^^^^^^^^^^^^
  File "/usr/local/lib/python3.11/site-packages/django/db/backends/base/base.py", line 200, in connect
    self.connection = self.get_new_connection(conn_params)
                      ^^^^^^^^^^^^^^^^^^^^^^^^^^^^^^^^^^^^
  File "/usr/local/lib/python3.11/site-packages/django/utils/asyncio.py", line 33, in inner
    return func(*args, **kwargs)
           ^^^^^^^^^^^^^^^^^^^^^
  File "/usr/local/lib/python3.11/site-packages/django/db/backends/mysql/base.py", line 234, in get_new_connection
    connection = Database.connect(**conn_params)
                 ^^^^^^^^^^^^^^^^^^^^^^^^^^^^^^^
  File "/usr/local/lib/python3.11/site-packages/pymysql/connections.py", line 353, in __init__
    self.connect()
  File "/usr/local/lib/python3.11/site-packages/pymysql/connections.py", line 633, in connect
    self._request_authentication()
  File "/usr/local/lib/python3.11/site-packages/pymysql/connections.py", line 932, in _request_authentication
    auth_packet = _auth.caching_sha2_password_auth(self, auth_packet)
                  ^^^^^^^^^^^^^^^^^^^^^^^^^^^^^^^^^^^^^^^^^^^^^^^^^^^
  File "/usr/local/lib/python3.11/site-packages/pymysql/_auth.py", line 265, in caching_sha2_password_auth
    data = sha2_rsa_encrypt(conn.password, conn.salt, conn.server_public_key)
           ^^^^^^^^^^^^^^^^^^^^^^^^^^^^^^^^^^^^^^^^^^^^^^^^^^^^^^^^^^^^^^^^^^
  File "/usr/local/lib/python3.11/site-packages/pymysql/_auth.py", line 143, in sha2_rsa_encrypt
    raise RuntimeError(
RuntimeError: 'cryptography' package is required for sha256_password or caching_sha2_password auth methods
Internal Server Error: /myapp/admin/basicGlobal/listInfo
Traceback (most recent call last):
  File "/usr/local/lib/python3.11/site-packages/django/contrib/sessions/backends/base.py", line 233, in _get_session
    return self._session_cache
           ^^^^^^^^^^^^^^^^^^^
AttributeError: 'SessionStore' object has no attribute '_session_cache'

During handling of the above exception, another exception occurred:

Traceback (most recent call last):
  File "/usr/local/lib/python3.11/site-packages/django/core/handlers/exception.py", line 47, in inner
    response = get_response(request)
               ^^^^^^^^^^^^^^^^^^^^^
  File "/usr/local/lib/python3.11/site-packages/django/core/handlers/base.py", line 181, in _get_response
    response = wrapped_callback(request, *callback_args, **callback_kwargs)
               ^^^^^^^^^^^^^^^^^^^^^^^^^^^^^^^^^^^^^^^^^^^^^^^^^^^^^^^^^^^^
  File "/usr/local/lib/python3.11/site-packages/django/views/decorators/csrf.py", line 54, in wrapped_view
    return view_func(*args, **kwargs)
           ^^^^^^^^^^^^^^^^^^^^^^^^^^
  File "/usr/local/lib/python3.11/site-packages/django/views/generic/base.py", line 70, in view
    return self.dispatch(request, *args, **kwargs)
           ^^^^^^^^^^^^^^^^^^^^^^^^^^^^^^^^^^^^^^^
  File "/usr/local/lib/python3.11/site-packages/rest_framework/views.py", line 509, in dispatch
    response = self.handle_exception(exc)
               ^^^^^^^^^^^^^^^^^^^^^^^^^^
  File "/usr/local/lib/python3.11/site-packages/rest_framework/views.py", line 469, in handle_exception
    self.raise_uncaught_exception(exc)
  File "/usr/local/lib/python3.11/site-packages/rest_framework/views.py", line 480, in raise_uncaught_exception
    raise exc
  File "/usr/local/lib/python3.11/site-packages/rest_framework/views.py", line 497, in dispatch
    self.initial(request, *args, **kwargs)
  File "/usr/local/lib/python3.11/site-packages/rest_framework/views.py", line 414, in initial
    self.perform_authentication(request)
  File "/usr/local/lib/python3.11/site-packages/rest_framework/views.py", line 324, in perform_authentication
    request.user
  File "/usr/local/lib/python3.11/site-packages/rest_framework/request.py", line 227, in user
    self._authenticate()
  File "/usr/local/lib/python3.11/site-packages/rest_framework/request.py", line 380, in _authenticate
    user_auth_tuple = authenticator.authenticate(self)
                      ^^^^^^^^^^^^^^^^^^^^^^^^^^^^^^^^
  File "/usr/local/lib/python3.11/site-packages/rest_framework/authentication.py", line 127, in authenticate
    if not user or not user.is_active:
  File "/usr/local/lib/python3.11/site-packages/django/utils/functional.py", line 246, in inner
    self._setup()
  File "/usr/local/lib/python3.11/site-packages/django/utils/functional.py", line 382, in _setup
    self._wrapped = self._setupfunc()
                    ^^^^^^^^^^^^^^^^^
  File "/usr/local/lib/python3.11/site-packages/django/contrib/auth/middleware.py", line 23, in <lambda>
    request.user = SimpleLazyObject(lambda: get_user(request))
                                            ^^^^^^^^^^^^^^^^^
  File "/usr/local/lib/python3.11/site-packages/django/contrib/auth/middleware.py", line 11, in get_user
    request._cached_user = auth.get_user(request)
                           ^^^^^^^^^^^^^^^^^^^^^^
  File "/usr/local/lib/python3.11/site-packages/django/contrib/auth/__init__.py", line 177, in get_user
    user_id = _get_user_session_key(request)
              ^^^^^^^^^^^^^^^^^^^^^^^^^^^^^^
  File "/usr/local/lib/python3.11/site-packages/django/contrib/auth/__init__.py", line 60, in _get_user_session_key
    return get_user_model()._meta.pk.to_python(request.session[SESSION_KEY])
                                               ~~~~~~~~~~~~~~~^^^^^^^^^^^^^
  File "/usr/local/lib/python3.11/site-packages/django/contrib/sessions/backends/base.py", line 65, in __getitem__
    return self._session[key]
           ^^^^^^^^^^^^^
  File "/usr/local/lib/python3.11/site-packages/django/contrib/sessions/backends/base.py", line 238, in _get_session
    self._session_cache = self.load()
                          ^^^^^^^^^^^
  File "/usr/local/lib/python3.11/site-packages/django/contrib/sessions/backends/db.py", line 43, in load
    s = self._get_session_from_db()
        ^^^^^^^^^^^^^^^^^^^^^^^^^^^
  File "/usr/local/lib/python3.11/site-packages/django/contrib/sessions/backends/db.py", line 32, in _get_session_from_db
    return self.model.objects.get(
           ^^^^^^^^^^^^^^^^^^^^^^^
  File "/usr/local/lib/python3.11/site-packages/django/db/models/manager.py", line 85, in manager_method
    return getattr(self.get_queryset(), name)(*args, **kwargs)
           ^^^^^^^^^^^^^^^^^^^^^^^^^^^^^^^^^^^^^^^^^^^^^^^^^^^
  File "/usr/local/lib/python3.11/site-packages/django/db/models/query.py", line 431, in get
    num = len(clone)
          ^^^^^^^^^^
  File "/usr/local/lib/python3.11/site-packages/django/db/models/query.py", line 262, in __len__
    self._fetch_all()
  File "/usr/local/lib/python3.11/site-packages/django/db/models/query.py", line 1324, in _fetch_all
    self._result_cache = list(self._iterable_class(self))
                         ^^^^^^^^^^^^^^^^^^^^^^^^^^^^^^^^
  File "/usr/local/lib/python3.11/site-packages/django/db/models/query.py", line 51, in __iter__
    results = compiler.execute_sql(chunked_fetch=self.chunked_fetch, chunk_size=self.chunk_size)
              ^^^^^^^^^^^^^^^^^^^^^^^^^^^^^^^^^^^^^^^^^^^^^^^^^^^^^^^^^^^^^^^^^^^^^^^^^^^^^^^^^^
  File "/usr/local/lib/python3.11/site-packages/django/db/models/sql/compiler.py", line 1173, in execute_sql
    cursor = self.connection.cursor()
             ^^^^^^^^^^^^^^^^^^^^^^^^
  File "/usr/local/lib/python3.11/site-packages/django/utils/asyncio.py", line 33, in inner
    return func(*args, **kwargs)
           ^^^^^^^^^^^^^^^^^^^^^
  File "/usr/local/lib/python3.11/site-packages/django/db/backends/base/base.py", line 259, in cursor
    return self._cursor()
           ^^^^^^^^^^^^^^
  File "/usr/local/lib/python3.11/site-packages/django/db/backends/base/base.py", line 235, in _cursor
    self.ensure_connection()
  File "/usr/local/lib/python3.11/site-packages/django/utils/asyncio.py", line 33, in inner
    return func(*args, **kwargs)
           ^^^^^^^^^^^^^^^^^^^^^
  File "/usr/local/lib/python3.11/site-packages/django/db/backends/base/base.py", line 219, in ensure_connection
    self.connect()
  File "/usr/local/lib/python3.11/site-packages/django/utils/asyncio.py", line 33, in inner
    return func(*args, **kwargs)
           ^^^^^^^^^^^^^^^^^^^^^
  File "/usr/local/lib/python3.11/site-packages/django/db/backends/base/base.py", line 200, in connect
    self.connection = self.get_new_connection(conn_params)
                      ^^^^^^^^^^^^^^^^^^^^^^^^^^^^^^^^^^^^
  File "/usr/local/lib/python3.11/site-packages/django/utils/asyncio.py", line 33, in inner
    return func(*args, **kwargs)
           ^^^^^^^^^^^^^^^^^^^^^
  File "/usr/local/lib/python3.11/site-packages/django/db/backends/mysql/base.py", line 234, in get_new_connection
    connection = Database.connect(**conn_params)
                 ^^^^^^^^^^^^^^^^^^^^^^^^^^^^^^^
  File "/usr/local/lib/python3.11/site-packages/pymysql/connections.py", line 353, in __init__
    self.connect()
  File "/usr/local/lib/python3.11/site-packages/pymysql/connections.py", line 633, in connect
    self._request_authentication()
  File "/usr/local/lib/python3.11/site-packages/pymysql/connections.py", line 932, in _request_authentication
    auth_packet = _auth.caching_sha2_password_auth(self, auth_packet)
                  ^^^^^^^^^^^^^^^^^^^^^^^^^^^^^^^^^^^^^^^^^^^^^^^^^^^
  File "/usr/local/lib/python3.11/site-packages/pymysql/_auth.py", line 265, in caching_sha2_password_auth
    data = sha2_rsa_encrypt(conn.password, conn.salt, conn.server_public_key)
           ^^^^^^^^^^^^^^^^^^^^^^^^^^^^^^^^^^^^^^^^^^^^^^^^^^^^^^^^^^^^^^^^^^
  File "/usr/local/lib/python3.11/site-packages/pymysql/_auth.py", line 143, in sha2_rsa_encrypt
    raise RuntimeError(
RuntimeError: 'cryptography' package is required for sha256_password or caching_sha2_password auth methods
Internal Server Error: /myapp/admin/basicGlobal/listInfo
Traceback (most recent call last):
  File "/usr/local/lib/python3.11/site-packages/django/core/handlers/exception.py", line 47, in inner
    response = get_response(request)
               ^^^^^^^^^^^^^^^^^^^^^
  File "/usr/local/lib/python3.11/site-packages/django/utils/deprecation.py", line 119, in __call__
    response = self.process_response(request, response)
               ^^^^^^^^^^^^^^^^^^^^^^^^^^^^^^^^^^^^^^^^
  File "/app/myapp/middlewares/LogMiddleware.py", line 52, in process_response
    serializer.save()
  File "/usr/local/lib/python3.11/site-packages/rest_framework/serializers.py", line 212, in save
    self.instance = self.create(validated_data)
                    ^^^^^^^^^^^^^^^^^^^^^^^^^^^
  File "/usr/local/lib/python3.11/site-packages/rest_framework/serializers.py", line 962, in create
    instance = ModelClass._default_manager.create(**validated_data)
               ^^^^^^^^^^^^^^^^^^^^^^^^^^^^^^^^^^^^^^^^^^^^^^^^^^^^
  File "/usr/local/lib/python3.11/site-packages/django/db/models/manager.py", line 85, in manager_method
    return getattr(self.get_queryset(), name)(*args, **kwargs)
           ^^^^^^^^^^^^^^^^^^^^^^^^^^^^^^^^^^^^^^^^^^^^^^^^^^^
  File "/usr/local/lib/python3.11/site-packages/django/db/models/query.py", line 453, in create
    obj.save(force_insert=True, using=self.db)
  File "/usr/local/lib/python3.11/site-packages/django/db/models/base.py", line 739, in save
    self.save_base(using=using, force_insert=force_insert,
  File "/usr/local/lib/python3.11/site-packages/django/db/models/base.py", line 776, in save_base
    updated = self._save_table(
              ^^^^^^^^^^^^^^^^^
  File "/usr/local/lib/python3.11/site-packages/django/db/models/base.py", line 881, in _save_table
    results = self._do_insert(cls._base_manager, using, fields, returning_fields, raw)
              ^^^^^^^^^^^^^^^^^^^^^^^^^^^^^^^^^^^^^^^^^^^^^^^^^^^^^^^^^^^^^^^^^^^^^^^^
  File "/usr/local/lib/python3.11/site-packages/django/db/models/base.py", line 919, in _do_insert
    return manager._insert(
           ^^^^^^^^^^^^^^^^
  File "/usr/local/lib/python3.11/site-packages/django/db/models/manager.py", line 85, in manager_method
    return getattr(self.get_queryset(), name)(*args, **kwargs)
           ^^^^^^^^^^^^^^^^^^^^^^^^^^^^^^^^^^^^^^^^^^^^^^^^^^^
  File "/usr/local/lib/python3.11/site-packages/django/db/models/query.py", line 1270, in _insert
    return query.get_compiler(using=using).execute_sql(returning_fields)
           ^^^^^^^^^^^^^^^^^^^^^^^^^^^^^^^^^^^^^^^^^^^^^^^^^^^^^^^^^^^^^
  File "/usr/local/lib/python3.11/site-packages/django/db/models/sql/compiler.py", line 1414, in execute_sql
    with self.connection.cursor() as cursor:
         ^^^^^^^^^^^^^^^^^^^^^^^^
  File "/usr/local/lib/python3.11/site-packages/django/utils/asyncio.py", line 33, in inner
    return func(*args, **kwargs)
           ^^^^^^^^^^^^^^^^^^^^^
  File "/usr/local/lib/python3.11/site-packages/django/db/backends/base/base.py", line 259, in cursor
    return self._cursor()
           ^^^^^^^^^^^^^^
  File "/usr/local/lib/python3.11/site-packages/django/db/backends/base/base.py", line 235, in _cursor
    self.ensure_connection()
  File "/usr/local/lib/python3.11/site-packages/django/utils/asyncio.py", line 33, in inner
    return func(*args, **kwargs)
           ^^^^^^^^^^^^^^^^^^^^^
  File "/usr/local/lib/python3.11/site-packages/django/db/backends/base/base.py", line 219, in ensure_connection
    self.connect()
  File "/usr/local/lib/python3.11/site-packages/django/utils/asyncio.py", line 33, in inner
    return func(*args, **kwargs)
           ^^^^^^^^^^^^^^^^^^^^^
  File "/usr/local/lib/python3.11/site-packages/django/db/backends/base/base.py", line 200, in connect
    self.connection = self.get_new_connection(conn_params)
                      ^^^^^^^^^^^^^^^^^^^^^^^^^^^^^^^^^^^^
  File "/usr/local/lib/python3.11/site-packages/django/utils/asyncio.py", line 33, in inner
    return func(*args, **kwargs)
           ^^^^^^^^^^^^^^^^^^^^^
  File "/usr/local/lib/python3.11/site-packages/django/db/backends/mysql/base.py", line 234, in get_new_connection
    connection = Database.connect(**conn_params)
                 ^^^^^^^^^^^^^^^^^^^^^^^^^^^^^^^
  File "/usr/local/lib/python3.11/site-packages/pymysql/connections.py", line 353, in __init__
    self.connect()
  File "/usr/local/lib/python3.11/site-packages/pymysql/connections.py", line 633, in connect
    self._request_authentication()
  File "/usr/local/lib/python3.11/site-packages/pymysql/connections.py", line 932, in _request_authentication
    auth_packet = _auth.caching_sha2_password_auth(self, auth_packet)
                  ^^^^^^^^^^^^^^^^^^^^^^^^^^^^^^^^^^^^^^^^^^^^^^^^^^^
  File "/usr/local/lib/python3.11/site-packages/pymysql/_auth.py", line 265, in caching_sha2_password_auth
    data = sha2_rsa_encrypt(conn.password, conn.salt, conn.server_public_key)
           ^^^^^^^^^^^^^^^^^^^^^^^^^^^^^^^^^^^^^^^^^^^^^^^^^^^^^^^^^^^^^^^^^^
  File "/usr/local/lib/python3.11/site-packages/pymysql/_auth.py", line 143, in sha2_rsa_encrypt
    raise RuntimeError(
RuntimeError: 'cryptography' package is required for sha256_password or caching_sha2_password auth methods
Internal Server Error: /myapp/admin/basicGlobal/listInfo
Traceback (most recent call last):
  File "/usr/local/lib/python3.11/site-packages/django/contrib/sessions/backends/base.py", line 233, in _get_session
    return self._session_cache
           ^^^^^^^^^^^^^^^^^^^
AttributeError: 'SessionStore' object has no attribute '_session_cache'

During handling of the above exception, another exception occurred:

Traceback (most recent call last):
  File "/usr/local/lib/python3.11/site-packages/django/db/backends/utils.py", line 84, in _execute
    return self.cursor.execute(sql, params)
           ^^^^^^^^^^^^^^^^^^^^^^^^^^^^^^^^
  File "/usr/local/lib/python3.11/site-packages/django/db/backends/mysql/base.py", line 73, in execute
    return self.cursor.execute(query, args)
           ^^^^^^^^^^^^^^^^^^^^^^^^^^^^^^^^
  File "/usr/local/lib/python3.11/site-packages/pymysql/cursors.py", line 148, in execute
    result = self._query(query)
             ^^^^^^^^^^^^^^^^^^
  File "/usr/local/lib/python3.11/site-packages/pymysql/cursors.py", line 310, in _query
    conn.query(q)
  File "/usr/local/lib/python3.11/site-packages/pymysql/connections.py", line 548, in query
    self._affected_rows = self._read_query_result(unbuffered=unbuffered)
                          ^^^^^^^^^^^^^^^^^^^^^^^^^^^^^^^^^^^^^^^^^^^^^^
  File "/usr/local/lib/python3.11/site-packages/pymysql/connections.py", line 775, in _read_query_result
    result.read()
  File "/usr/local/lib/python3.11/site-packages/pymysql/connections.py", line 1156, in read
    first_packet = self.connection._read_packet()
                   ^^^^^^^^^^^^^^^^^^^^^^^^^^^^^^
  File "/usr/local/lib/python3.11/site-packages/pymysql/connections.py", line 725, in _read_packet
    packet.raise_for_error()
  File "/usr/local/lib/python3.11/site-packages/pymysql/protocol.py", line 221, in raise_for_error
    err.raise_mysql_exception(self._data)
  File "/usr/local/lib/python3.11/site-packages/pymysql/err.py", line 143, in raise_mysql_exception
    raise errorclass(errno, errval)
pymysql.err.ProgrammingError: (1146, "Table 'web_b2b.django_session' doesn't exist")

The above exception was the direct cause of the following exception:

Traceback (most recent call last):
  File "/usr/local/lib/python3.11/site-packages/django/core/handlers/exception.py", line 47, in inner
    response = get_response(request)
               ^^^^^^^^^^^^^^^^^^^^^
  File "/usr/local/lib/python3.11/site-packages/django/core/handlers/base.py", line 181, in _get_response
    response = wrapped_callback(request, *callback_args, **callback_kwargs)
               ^^^^^^^^^^^^^^^^^^^^^^^^^^^^^^^^^^^^^^^^^^^^^^^^^^^^^^^^^^^^
  File "/usr/local/lib/python3.11/site-packages/django/views/decorators/csrf.py", line 54, in wrapped_view
    return view_func(*args, **kwargs)
           ^^^^^^^^^^^^^^^^^^^^^^^^^^
  File "/usr/local/lib/python3.11/site-packages/django/views/generic/base.py", line 70, in view
    return self.dispatch(request, *args, **kwargs)
           ^^^^^^^^^^^^^^^^^^^^^^^^^^^^^^^^^^^^^^^
  File "/usr/local/lib/python3.11/site-packages/rest_framework/views.py", line 509, in dispatch
    response = self.handle_exception(exc)
               ^^^^^^^^^^^^^^^^^^^^^^^^^^
  File "/usr/local/lib/python3.11/site-packages/rest_framework/views.py", line 469, in handle_exception
    self.raise_uncaught_exception(exc)
  File "/usr/local/lib/python3.11/site-packages/rest_framework/views.py", line 480, in raise_uncaught_exception
    raise exc
  File "/usr/local/lib/python3.11/site-packages/rest_framework/views.py", line 497, in dispatch
    self.initial(request, *args, **kwargs)
  File "/usr/local/lib/python3.11/site-packages/rest_framework/views.py", line 414, in initial
    self.perform_authentication(request)
  File "/usr/local/lib/python3.11/site-packages/rest_framework/views.py", line 324, in perform_authentication
    request.user
  File "/usr/local/lib/python3.11/site-packages/rest_framework/request.py", line 227, in user
    self._authenticate()
  File "/usr/local/lib/python3.11/site-packages/rest_framework/request.py", line 380, in _authenticate
    user_auth_tuple = authenticator.authenticate(self)
                      ^^^^^^^^^^^^^^^^^^^^^^^^^^^^^^^^
  File "/usr/local/lib/python3.11/site-packages/rest_framework/authentication.py", line 127, in authenticate
    if not user or not user.is_active:
  File "/usr/local/lib/python3.11/site-packages/django/utils/functional.py", line 246, in inner
    self._setup()
  File "/usr/local/lib/python3.11/site-packages/django/utils/functional.py", line 382, in _setup
    self._wrapped = self._setupfunc()
                    ^^^^^^^^^^^^^^^^^
  File "/usr/local/lib/python3.11/site-packages/django/contrib/auth/middleware.py", line 23, in <lambda>
    request.user = SimpleLazyObject(lambda: get_user(request))
                                            ^^^^^^^^^^^^^^^^^
  File "/usr/local/lib/python3.11/site-packages/django/contrib/auth/middleware.py", line 11, in get_user
    request._cached_user = auth.get_user(request)
                           ^^^^^^^^^^^^^^^^^^^^^^
  File "/usr/local/lib/python3.11/site-packages/django/contrib/auth/__init__.py", line 177, in get_user
    user_id = _get_user_session_key(request)
              ^^^^^^^^^^^^^^^^^^^^^^^^^^^^^^
  File "/usr/local/lib/python3.11/site-packages/django/contrib/auth/__init__.py", line 60, in _get_user_session_key
    return get_user_model()._meta.pk.to_python(request.session[SESSION_KEY])
                                               ~~~~~~~~~~~~~~~^^^^^^^^^^^^^
  File "/usr/local/lib/python3.11/site-packages/django/contrib/sessions/backends/base.py", line 65, in __getitem__
    return self._session[key]
           ^^^^^^^^^^^^^
  File "/usr/local/lib/python3.11/site-packages/django/contrib/sessions/backends/base.py", line 238, in _get_session
    self._session_cache = self.load()
                          ^^^^^^^^^^^
  File "/usr/local/lib/python3.11/site-packages/django/contrib/sessions/backends/db.py", line 43, in load
    s = self._get_session_from_db()
        ^^^^^^^^^^^^^^^^^^^^^^^^^^^
  File "/usr/local/lib/python3.11/site-packages/django/contrib/sessions/backends/db.py", line 32, in _get_session_from_db
    return self.model.objects.get(
           ^^^^^^^^^^^^^^^^^^^^^^^
  File "/usr/local/lib/python3.11/site-packages/django/db/models/manager.py", line 85, in manager_method
    return getattr(self.get_queryset(), name)(*args, **kwargs)
           ^^^^^^^^^^^^^^^^^^^^^^^^^^^^^^^^^^^^^^^^^^^^^^^^^^^
  File "/usr/local/lib/python3.11/site-packages/django/db/models/query.py", line 431, in get
    num = len(clone)
          ^^^^^^^^^^
  File "/usr/local/lib/python3.11/site-packages/django/db/models/query.py", line 262, in __len__
    self._fetch_all()
  File "/usr/local/lib/python3.11/site-packages/django/db/models/query.py", line 1324, in _fetch_all
    self._result_cache = list(self._iterable_class(self))
                         ^^^^^^^^^^^^^^^^^^^^^^^^^^^^^^^^
  File "/usr/local/lib/python3.11/site-packages/django/db/models/query.py", line 51, in __iter__
    results = compiler.execute_sql(chunked_fetch=self.chunked_fetch, chunk_size=self.chunk_size)
              ^^^^^^^^^^^^^^^^^^^^^^^^^^^^^^^^^^^^^^^^^^^^^^^^^^^^^^^^^^^^^^^^^^^^^^^^^^^^^^^^^^
  File "/usr/local/lib/python3.11/site-packages/django/db/models/sql/compiler.py", line 1175, in execute_sql
    cursor.execute(sql, params)
  File "/usr/local/lib/python3.11/site-packages/django/db/backends/utils.py", line 66, in execute
    return self._execute_with_wrappers(sql, params, many=False, executor=self._execute)
           ^^^^^^^^^^^^^^^^^^^^^^^^^^^^^^^^^^^^^^^^^^^^^^^^^^^^^^^^^^^^^^^^^^^^^^^^^^^^
  File "/usr/local/lib/python3.11/site-packages/django/db/backends/utils.py", line 75, in _execute_with_wrappers
    return executor(sql, params, many, context)
           ^^^^^^^^^^^^^^^^^^^^^^^^^^^^^^^^^^^^
  File "/usr/local/lib/python3.11/site-packages/django/db/backends/utils.py", line 79, in _execute
    with self.db.wrap_database_errors:
  File "/usr/local/lib/python3.11/site-packages/django/db/utils.py", line 90, in __exit__
    raise dj_exc_value.with_traceback(traceback) from exc_value
  File "/usr/local/lib/python3.11/site-packages/django/db/backends/utils.py", line 84, in _execute
    return self.cursor.execute(sql, params)
           ^^^^^^^^^^^^^^^^^^^^^^^^^^^^^^^^
  File "/usr/local/lib/python3.11/site-packages/django/db/backends/mysql/base.py", line 73, in execute
    return self.cursor.execute(query, args)
           ^^^^^^^^^^^^^^^^^^^^^^^^^^^^^^^^
  File "/usr/local/lib/python3.11/site-packages/pymysql/cursors.py", line 148, in execute
    result = self._query(query)
             ^^^^^^^^^^^^^^^^^^
  File "/usr/local/lib/python3.11/site-packages/pymysql/cursors.py", line 310, in _query
    conn.query(q)
  File "/usr/local/lib/python3.11/site-packages/pymysql/connections.py", line 548, in query
    self._affected_rows = self._read_query_result(unbuffered=unbuffered)
                          ^^^^^^^^^^^^^^^^^^^^^^^^^^^^^^^^^^^^^^^^^^^^^^
  File "/usr/local/lib/python3.11/site-packages/pymysql/connections.py", line 775, in _read_query_result
    result.read()
  File "/usr/local/lib/python3.11/site-packages/pymysql/connections.py", line 1156, in read
    first_packet = self.connection._read_packet()
                   ^^^^^^^^^^^^^^^^^^^^^^^^^^^^^^
  File "/usr/local/lib/python3.11/site-packages/pymysql/connections.py", line 725, in _read_packet
    packet.raise_for_error()
  File "/usr/local/lib/python3.11/site-packages/pymysql/protocol.py", line 221, in raise_for_error
    err.raise_mysql_exception(self._data)
  File "/usr/local/lib/python3.11/site-packages/pymysql/err.py", line 143, in raise_mysql_exception
    raise errorclass(errno, errval)
django.db.utils.ProgrammingError: (1146, "Table 'web_b2b.django_session' doesn't exist")
Internal Server Error: /myapp/admin/basicGlobal/listInfo
Traceback (most recent call last):
  File "/usr/local/lib/python3.11/site-packages/django/db/backends/utils.py", line 84, in _execute
    return self.cursor.execute(sql, params)
           ^^^^^^^^^^^^^^^^^^^^^^^^^^^^^^^^
  File "/usr/local/lib/python3.11/site-packages/django/db/backends/mysql/base.py", line 73, in execute
    return self.cursor.execute(query, args)
           ^^^^^^^^^^^^^^^^^^^^^^^^^^^^^^^^
  File "/usr/local/lib/python3.11/site-packages/pymysql/cursors.py", line 148, in execute
    result = self._query(query)
             ^^^^^^^^^^^^^^^^^^
  File "/usr/local/lib/python3.11/site-packages/pymysql/cursors.py", line 310, in _query
    conn.query(q)
  File "/usr/local/lib/python3.11/site-packages/pymysql/connections.py", line 548, in query
    self._affected_rows = self._read_query_result(unbuffered=unbuffered)
                          ^^^^^^^^^^^^^^^^^^^^^^^^^^^^^^^^^^^^^^^^^^^^^^
  File "/usr/local/lib/python3.11/site-packages/pymysql/connections.py", line 775, in _read_query_result
    result.read()
  File "/usr/local/lib/python3.11/site-packages/pymysql/connections.py", line 1156, in read
    first_packet = self.connection._read_packet()
                   ^^^^^^^^^^^^^^^^^^^^^^^^^^^^^^
  File "/usr/local/lib/python3.11/site-packages/pymysql/connections.py", line 725, in _read_packet
    packet.raise_for_error()
  File "/usr/local/lib/python3.11/site-packages/pymysql/protocol.py", line 221, in raise_for_error
    err.raise_mysql_exception(self._data)
  File "/usr/local/lib/python3.11/site-packages/pymysql/err.py", line 143, in raise_mysql_exception
    raise errorclass(errno, errval)
pymysql.err.ProgrammingError: (1146, "Table 'web_b2b.b_op_log' doesn't exist")

The above exception was the direct cause of the following exception:

Traceback (most recent call last):
  File "/usr/local/lib/python3.11/site-packages/django/core/handlers/exception.py", line 47, in inner
    response = get_response(request)
               ^^^^^^^^^^^^^^^^^^^^^
  File "/usr/local/lib/python3.11/site-packages/django/utils/deprecation.py", line 119, in __call__
    response = self.process_response(request, response)
               ^^^^^^^^^^^^^^^^^^^^^^^^^^^^^^^^^^^^^^^^
  File "/app/myapp/middlewares/LogMiddleware.py", line 52, in process_response
    serializer.save()
  File "/usr/local/lib/python3.11/site-packages/rest_framework/serializers.py", line 212, in save
    self.instance = self.create(validated_data)
                    ^^^^^^^^^^^^^^^^^^^^^^^^^^^
  File "/usr/local/lib/python3.11/site-packages/rest_framework/serializers.py", line 962, in create
    instance = ModelClass._default_manager.create(**validated_data)
               ^^^^^^^^^^^^^^^^^^^^^^^^^^^^^^^^^^^^^^^^^^^^^^^^^^^^
  File "/usr/local/lib/python3.11/site-packages/django/db/models/manager.py", line 85, in manager_method
    return getattr(self.get_queryset(), name)(*args, **kwargs)
           ^^^^^^^^^^^^^^^^^^^^^^^^^^^^^^^^^^^^^^^^^^^^^^^^^^^
  File "/usr/local/lib/python3.11/site-packages/django/db/models/query.py", line 453, in create
    obj.save(force_insert=True, using=self.db)
  File "/usr/local/lib/python3.11/site-packages/django/db/models/base.py", line 739, in save
    self.save_base(using=using, force_insert=force_insert,
  File "/usr/local/lib/python3.11/site-packages/django/db/models/base.py", line 776, in save_base
    updated = self._save_table(
              ^^^^^^^^^^^^^^^^^
  File "/usr/local/lib/python3.11/site-packages/django/db/models/base.py", line 881, in _save_table
    results = self._do_insert(cls._base_manager, using, fields, returning_fields, raw)
              ^^^^^^^^^^^^^^^^^^^^^^^^^^^^^^^^^^^^^^^^^^^^^^^^^^^^^^^^^^^^^^^^^^^^^^^^
  File "/usr/local/lib/python3.11/site-packages/django/db/models/base.py", line 919, in _do_insert
    return manager._insert(
           ^^^^^^^^^^^^^^^^
  File "/usr/local/lib/python3.11/site-packages/django/db/models/manager.py", line 85, in manager_method
    return getattr(self.get_queryset(), name)(*args, **kwargs)
           ^^^^^^^^^^^^^^^^^^^^^^^^^^^^^^^^^^^^^^^^^^^^^^^^^^^
  File "/usr/local/lib/python3.11/site-packages/django/db/models/query.py", line 1270, in _insert
    return query.get_compiler(using=using).execute_sql(returning_fields)
           ^^^^^^^^^^^^^^^^^^^^^^^^^^^^^^^^^^^^^^^^^^^^^^^^^^^^^^^^^^^^^
  File "/usr/local/lib/python3.11/site-packages/django/db/models/sql/compiler.py", line 1416, in execute_sql
    cursor.execute(sql, params)
  File "/usr/local/lib/python3.11/site-packages/django/db/backends/utils.py", line 66, in execute
    return self._execute_with_wrappers(sql, params, many=False, executor=self._execute)
           ^^^^^^^^^^^^^^^^^^^^^^^^^^^^^^^^^^^^^^^^^^^^^^^^^^^^^^^^^^^^^^^^^^^^^^^^^^^^
  File "/usr/local/lib/python3.11/site-packages/django/db/backends/utils.py", line 75, in _execute_with_wrappers
    return executor(sql, params, many, context)
           ^^^^^^^^^^^^^^^^^^^^^^^^^^^^^^^^^^^^
  File "/usr/local/lib/python3.11/site-packages/django/db/backends/utils.py", line 79, in _execute
    with self.db.wrap_database_errors:
  File "/usr/local/lib/python3.11/site-packages/django/db/utils.py", line 90, in __exit__
    raise dj_exc_value.with_traceback(traceback) from exc_value
  File "/usr/local/lib/python3.11/site-packages/django/db/backends/utils.py", line 84, in _execute
    return self.cursor.execute(sql, params)
           ^^^^^^^^^^^^^^^^^^^^^^^^^^^^^^^^
  File "/usr/local/lib/python3.11/site-packages/django/db/backends/mysql/base.py", line 73, in execute
    return self.cursor.execute(query, args)
           ^^^^^^^^^^^^^^^^^^^^^^^^^^^^^^^^
  File "/usr/local/lib/python3.11/site-packages/pymysql/cursors.py", line 148, in execute
    result = self._query(query)
             ^^^^^^^^^^^^^^^^^^
  File "/usr/local/lib/python3.11/site-packages/pymysql/cursors.py", line 310, in _query
    conn.query(q)
  File "/usr/local/lib/python3.11/site-packages/pymysql/connections.py", line 548, in query
    self._affected_rows = self._read_query_result(unbuffered=unbuffered)
                          ^^^^^^^^^^^^^^^^^^^^^^^^^^^^^^^^^^^^^^^^^^^^^^
  File "/usr/local/lib/python3.11/site-packages/pymysql/connections.py", line 775, in _read_query_result
    result.read()
  File "/usr/local/lib/python3.11/site-packages/pymysql/connections.py", line 1156, in read
    first_packet = self.connection._read_packet()
                   ^^^^^^^^^^^^^^^^^^^^^^^^^^^^^^
  File "/usr/local/lib/python3.11/site-packages/pymysql/connections.py", line 725, in _read_packet
    packet.raise_for_error()
  File "/usr/local/lib/python3.11/site-packages/pymysql/protocol.py", line 221, in raise_for_error
    err.raise_mysql_exception(self._data)
  File "/usr/local/lib/python3.11/site-packages/pymysql/err.py", line 143, in raise_mysql_exception
    raise errorclass(errno, errval)
django.db.utils.ProgrammingError: (1146, "Table 'web_b2b.b_op_log' doesn't exist")
Watching for file changes with StatReloader
Watching for file changes with StatReloader
Watching for file changes with StatReloader
Internal Server Error: /myapp/index/common/section
Traceback (most recent call last):
  File "/root/web_b2b/server_venv/lib/python3.12/site-packages/django/db/backends/utils.py", line 84, in _execute
    return self.cursor.execute(sql, params)
           ^^^^^^^^^^^^^^^^^^^^^^^^^^^^^^^^
  File "/root/web_b2b/server_venv/lib/python3.12/site-packages/django/db/backends/mysql/base.py", line 73, in execute
    return self.cursor.execute(query, args)
           ^^^^^^^^^^^^^^^^^^^^^^^^^^^^^^^^
  File "/root/web_b2b/server_venv/lib/python3.12/site-packages/pymysql/cursors.py", line 148, in execute
    result = self._query(query)
             ^^^^^^^^^^^^^^^^^^
  File "/root/web_b2b/server_venv/lib/python3.12/site-packages/pymysql/cursors.py", line 310, in _query
    conn.query(q)
  File "/root/web_b2b/server_venv/lib/python3.12/site-packages/pymysql/connections.py", line 548, in query
    self._affected_rows = self._read_query_result(unbuffered=unbuffered)
                          ^^^^^^^^^^^^^^^^^^^^^^^^^^^^^^^^^^^^^^^^^^^^^^
  File "/root/web_b2b/server_venv/lib/python3.12/site-packages/pymysql/connections.py", line 775, in _read_query_result
    result.read()
  File "/root/web_b2b/server_venv/lib/python3.12/site-packages/pymysql/connections.py", line 1156, in read
    first_packet = self.connection._read_packet()
                   ^^^^^^^^^^^^^^^^^^^^^^^^^^^^^^
  File "/root/web_b2b/server_venv/lib/python3.12/site-packages/pymysql/connections.py", line 725, in _read_packet
    packet.raise_for_error()
  File "/root/web_b2b/server_venv/lib/python3.12/site-packages/pymysql/protocol.py", line 221, in raise_for_error
    err.raise_mysql_exception(self._data)
  File "/root/web_b2b/server_venv/lib/python3.12/site-packages/pymysql/err.py", line 143, in raise_mysql_exception
    raise errorclass(errno, errval)
pymysql.err.ProgrammingError: (1146, "Table 'web_b2b.b_basic_site' doesn't exist")

The above exception was the direct cause of the following exception:

Traceback (most recent call last):
  File "/root/web_b2b/server_venv/lib/python3.12/site-packages/django/core/handlers/exception.py", line 47, in inner
    response = get_response(request)
               ^^^^^^^^^^^^^^^^^^^^^
  File "/root/web_b2b/server_venv/lib/python3.12/site-packages/django/core/handlers/base.py", line 181, in _get_response
    response = wrapped_callback(request, *callback_args, **callback_kwargs)
               ^^^^^^^^^^^^^^^^^^^^^^^^^^^^^^^^^^^^^^^^^^^^^^^^^^^^^^^^^^^^
  File "/root/web_b2b/server_venv/lib/python3.12/site-packages/django/views/decorators/csrf.py", line 54, in wrapped_view
    return view_func(*args, **kwargs)
           ^^^^^^^^^^^^^^^^^^^^^^^^^^
  File "/root/web_b2b/server_venv/lib/python3.12/site-packages/django/views/generic/base.py", line 70, in view
    return self.dispatch(request, *args, **kwargs)
           ^^^^^^^^^^^^^^^^^^^^^^^^^^^^^^^^^^^^^^^
  File "/root/web_b2b/server_venv/lib/python3.12/site-packages/rest_framework/views.py", line 509, in dispatch
    response = self.handle_exception(exc)
               ^^^^^^^^^^^^^^^^^^^^^^^^^^
  File "/root/web_b2b/server_venv/lib/python3.12/site-packages/rest_framework/views.py", line 469, in handle_exception
    self.raise_uncaught_exception(exc)
  File "/root/web_b2b/server_venv/lib/python3.12/site-packages/rest_framework/views.py", line 480, in raise_uncaught_exception
    raise exc
  File "/root/web_b2b/server_venv/lib/python3.12/site-packages/rest_framework/views.py", line 506, in dispatch
    response = handler(request, *args, **kwargs)
               ^^^^^^^^^^^^^^^^^^^^^^^^^^^^^^^^^
  File "/root/web_b2b/server_venv/lib/python3.12/site-packages/rest_framework/decorators.py", line 41, in handler
    return func(*args, **kwargs)
           ^^^^^^^^^^^^^^^^^^^^^
  File "/root/web_b2b/server/myapp/views/index/common.py", line 38, in section
    basicSite = BasicSite.get_solo()
                ^^^^^^^^^^^^^^^^^^^^
  File "/root/web_b2b/server/myapp/models.py", line 193, in get_solo
    return cls.objects.get()
           ^^^^^^^^^^^^^^^^^
  File "/root/web_b2b/server_venv/lib/python3.12/site-packages/django/db/models/manager.py", line 85, in manager_method
    return getattr(self.get_queryset(), name)(*args, **kwargs)
           ^^^^^^^^^^^^^^^^^^^^^^^^^^^^^^^^^^^^^^^^^^^^^^^^^^^
  File "/root/web_b2b/server_venv/lib/python3.12/site-packages/django/db/models/query.py", line 431, in get
    num = len(clone)
          ^^^^^^^^^^
  File "/root/web_b2b/server_venv/lib/python3.12/site-packages/django/db/models/query.py", line 262, in __len__
    self._fetch_all()
  File "/root/web_b2b/server_venv/lib/python3.12/site-packages/django/db/models/query.py", line 1324, in _fetch_all
    self._result_cache = list(self._iterable_class(self))
                         ^^^^^^^^^^^^^^^^^^^^^^^^^^^^^^^^
  File "/root/web_b2b/server_venv/lib/python3.12/site-packages/django/db/models/query.py", line 51, in __iter__
    results = compiler.execute_sql(chunked_fetch=self.chunked_fetch, chunk_size=self.chunk_size)
              ^^^^^^^^^^^^^^^^^^^^^^^^^^^^^^^^^^^^^^^^^^^^^^^^^^^^^^^^^^^^^^^^^^^^^^^^^^^^^^^^^^
  File "/root/web_b2b/server_venv/lib/python3.12/site-packages/django/db/models/sql/compiler.py", line 1175, in execute_sql
    cursor.execute(sql, params)
  File "/root/web_b2b/server_venv/lib/python3.12/site-packages/django/db/backends/utils.py", line 98, in execute
    return super().execute(sql, params)
           ^^^^^^^^^^^^^^^^^^^^^^^^^^^^
  File "/root/web_b2b/server_venv/lib/python3.12/site-packages/django/db/backends/utils.py", line 66, in execute
    return self._execute_with_wrappers(sql, params, many=False, executor=self._execute)
           ^^^^^^^^^^^^^^^^^^^^^^^^^^^^^^^^^^^^^^^^^^^^^^^^^^^^^^^^^^^^^^^^^^^^^^^^^^^^
  File "/root/web_b2b/server_venv/lib/python3.12/site-packages/django/db/backends/utils.py", line 75, in _execute_with_wrappers
    return executor(sql, params, many, context)
           ^^^^^^^^^^^^^^^^^^^^^^^^^^^^^^^^^^^^
  File "/root/web_b2b/server_venv/lib/python3.12/site-packages/django/db/backends/utils.py", line 79, in _execute
    with self.db.wrap_database_errors:
  File "/root/web_b2b/server_venv/lib/python3.12/site-packages/django/db/utils.py", line 90, in __exit__
    raise dj_exc_value.with_traceback(traceback) from exc_value
  File "/root/web_b2b/server_venv/lib/python3.12/site-packages/django/db/backends/utils.py", line 84, in _execute
    return self.cursor.execute(sql, params)
           ^^^^^^^^^^^^^^^^^^^^^^^^^^^^^^^^
  File "/root/web_b2b/server_venv/lib/python3.12/site-packages/django/db/backends/mysql/base.py", line 73, in execute
    return self.cursor.execute(query, args)
           ^^^^^^^^^^^^^^^^^^^^^^^^^^^^^^^^
  File "/root/web_b2b/server_venv/lib/python3.12/site-packages/pymysql/cursors.py", line 148, in execute
    result = self._query(query)
             ^^^^^^^^^^^^^^^^^^
  File "/root/web_b2b/server_venv/lib/python3.12/site-packages/pymysql/cursors.py", line 310, in _query
    conn.query(q)
  File "/root/web_b2b/server_venv/lib/python3.12/site-packages/pymysql/connections.py", line 548, in query
    self._affected_rows = self._read_query_result(unbuffered=unbuffered)
                          ^^^^^^^^^^^^^^^^^^^^^^^^^^^^^^^^^^^^^^^^^^^^^^
  File "/root/web_b2b/server_venv/lib/python3.12/site-packages/pymysql/connections.py", line 775, in _read_query_result
    result.read()
  File "/root/web_b2b/server_venv/lib/python3.12/site-packages/pymysql/connections.py", line 1156, in read
    first_packet = self.connection._read_packet()
                   ^^^^^^^^^^^^^^^^^^^^^^^^^^^^^^
  File "/root/web_b2b/server_venv/lib/python3.12/site-packages/pymysql/connections.py", line 725, in _read_packet
    packet.raise_for_error()
  File "/root/web_b2b/server_venv/lib/python3.12/site-packages/pymysql/protocol.py", line 221, in raise_for_error
    err.raise_mysql_exception(self._data)
  File "/root/web_b2b/server_venv/lib/python3.12/site-packages/pymysql/err.py", line 143, in raise_mysql_exception
    raise errorclass(errno, errval)
django.db.utils.ProgrammingError: (1146, "Table 'web_b2b.b_basic_site' doesn't exist")
Internal Server Error: /myapp/index/home/section
Traceback (most recent call last):
  File "/root/web_b2b/server_venv/lib/python3.12/site-packages/django/db/backends/utils.py", line 84, in _execute
    return self.cursor.execute(sql, params)
           ^^^^^^^^^^^^^^^^^^^^^^^^^^^^^^^^
  File "/root/web_b2b/server_venv/lib/python3.12/site-packages/django/db/backends/mysql/base.py", line 73, in execute
    return self.cursor.execute(query, args)
           ^^^^^^^^^^^^^^^^^^^^^^^^^^^^^^^^
  File "/root/web_b2b/server_venv/lib/python3.12/site-packages/pymysql/cursors.py", line 148, in execute
    result = self._query(query)
             ^^^^^^^^^^^^^^^^^^
  File "/root/web_b2b/server_venv/lib/python3.12/site-packages/pymysql/cursors.py", line 310, in _query
    conn.query(q)
  File "/root/web_b2b/server_venv/lib/python3.12/site-packages/pymysql/connections.py", line 548, in query
    self._affected_rows = self._read_query_result(unbuffered=unbuffered)
                          ^^^^^^^^^^^^^^^^^^^^^^^^^^^^^^^^^^^^^^^^^^^^^^
  File "/root/web_b2b/server_venv/lib/python3.12/site-packages/pymysql/connections.py", line 775, in _read_query_result
    result.read()
  File "/root/web_b2b/server_venv/lib/python3.12/site-packages/pymysql/connections.py", line 1156, in read
    first_packet = self.connection._read_packet()
                   ^^^^^^^^^^^^^^^^^^^^^^^^^^^^^^
  File "/root/web_b2b/server_venv/lib/python3.12/site-packages/pymysql/connections.py", line 725, in _read_packet
    packet.raise_for_error()
  File "/root/web_b2b/server_venv/lib/python3.12/site-packages/pymysql/protocol.py", line 221, in raise_for_error
    err.raise_mysql_exception(self._data)
  File "/root/web_b2b/server_venv/lib/python3.12/site-packages/pymysql/err.py", line 143, in raise_mysql_exception
    raise errorclass(errno, errval)
pymysql.err.ProgrammingError: (1146, "Table 'web_b2b.b_basic_tdk' doesn't exist")

The above exception was the direct cause of the following exception:

Traceback (most recent call last):
  File "/root/web_b2b/server_venv/lib/python3.12/site-packages/django/core/handlers/exception.py", line 47, in inner
    response = get_response(request)
               ^^^^^^^^^^^^^^^^^^^^^
  File "/root/web_b2b/server_venv/lib/python3.12/site-packages/django/core/handlers/base.py", line 181, in _get_response
    response = wrapped_callback(request, *callback_args, **callback_kwargs)
               ^^^^^^^^^^^^^^^^^^^^^^^^^^^^^^^^^^^^^^^^^^^^^^^^^^^^^^^^^^^^
  File "/root/web_b2b/server_venv/lib/python3.12/site-packages/django/views/decorators/csrf.py", line 54, in wrapped_view
    return view_func(*args, **kwargs)
           ^^^^^^^^^^^^^^^^^^^^^^^^^^
  File "/root/web_b2b/server_venv/lib/python3.12/site-packages/django/views/generic/base.py", line 70, in view
    return self.dispatch(request, *args, **kwargs)
           ^^^^^^^^^^^^^^^^^^^^^^^^^^^^^^^^^^^^^^^
  File "/root/web_b2b/server_venv/lib/python3.12/site-packages/rest_framework/views.py", line 509, in dispatch
    response = self.handle_exception(exc)
               ^^^^^^^^^^^^^^^^^^^^^^^^^^
  File "/root/web_b2b/server_venv/lib/python3.12/site-packages/rest_framework/views.py", line 469, in handle_exception
    self.raise_uncaught_exception(exc)
  File "/root/web_b2b/server_venv/lib/python3.12/site-packages/rest_framework/views.py", line 480, in raise_uncaught_exception
    raise exc
  File "/root/web_b2b/server_venv/lib/python3.12/site-packages/rest_framework/views.py", line 506, in dispatch
    response = handler(request, *args, **kwargs)
               ^^^^^^^^^^^^^^^^^^^^^^^^^^^^^^^^^
  File "/root/web_b2b/server_venv/lib/python3.12/site-packages/rest_framework/decorators.py", line 41, in handler
    return func(*args, **kwargs)
           ^^^^^^^^^^^^^^^^^^^^^
  File "/root/web_b2b/server/myapp/views/index/home.py", line 28, in section
    basicTdk = BasicTdk.get_solo()
               ^^^^^^^^^^^^^^^^^^^
  File "/root/web_b2b/server/myapp/models.py", line 236, in get_solo
    return cls.objects.get()
           ^^^^^^^^^^^^^^^^^
  File "/root/web_b2b/server_venv/lib/python3.12/site-packages/django/db/models/manager.py", line 85, in manager_method
    return getattr(self.get_queryset(), name)(*args, **kwargs)
           ^^^^^^^^^^^^^^^^^^^^^^^^^^^^^^^^^^^^^^^^^^^^^^^^^^^
  File "/root/web_b2b/server_venv/lib/python3.12/site-packages/django/db/models/query.py", line 431, in get
    num = len(clone)
          ^^^^^^^^^^
  File "/root/web_b2b/server_venv/lib/python3.12/site-packages/django/db/models/query.py", line 262, in __len__
    self._fetch_all()
  File "/root/web_b2b/server_venv/lib/python3.12/site-packages/django/db/models/query.py", line 1324, in _fetch_all
    self._result_cache = list(self._iterable_class(self))
                         ^^^^^^^^^^^^^^^^^^^^^^^^^^^^^^^^
  File "/root/web_b2b/server_venv/lib/python3.12/site-packages/django/db/models/query.py", line 51, in __iter__
    results = compiler.execute_sql(chunked_fetch=self.chunked_fetch, chunk_size=self.chunk_size)
              ^^^^^^^^^^^^^^^^^^^^^^^^^^^^^^^^^^^^^^^^^^^^^^^^^^^^^^^^^^^^^^^^^^^^^^^^^^^^^^^^^^
  File "/root/web_b2b/server_venv/lib/python3.12/site-packages/django/db/models/sql/compiler.py", line 1175, in execute_sql
    cursor.execute(sql, params)
  File "/root/web_b2b/server_venv/lib/python3.12/site-packages/django/db/backends/utils.py", line 98, in execute
    return super().execute(sql, params)
           ^^^^^^^^^^^^^^^^^^^^^^^^^^^^
  File "/root/web_b2b/server_venv/lib/python3.12/site-packages/django/db/backends/utils.py", line 66, in execute
    return self._execute_with_wrappers(sql, params, many=False, executor=self._execute)
           ^^^^^^^^^^^^^^^^^^^^^^^^^^^^^^^^^^^^^^^^^^^^^^^^^^^^^^^^^^^^^^^^^^^^^^^^^^^^
  File "/root/web_b2b/server_venv/lib/python3.12/site-packages/django/db/backends/utils.py", line 75, in _execute_with_wrappers
    return executor(sql, params, many, context)
           ^^^^^^^^^^^^^^^^^^^^^^^^^^^^^^^^^^^^
  File "/root/web_b2b/server_venv/lib/python3.12/site-packages/django/db/backends/utils.py", line 79, in _execute
    with self.db.wrap_database_errors:
  File "/root/web_b2b/server_venv/lib/python3.12/site-packages/django/db/utils.py", line 90, in __exit__
    raise dj_exc_value.with_traceback(traceback) from exc_value
  File "/root/web_b2b/server_venv/lib/python3.12/site-packages/django/db/backends/utils.py", line 84, in _execute
    return self.cursor.execute(sql, params)
           ^^^^^^^^^^^^^^^^^^^^^^^^^^^^^^^^
  File "/root/web_b2b/server_venv/lib/python3.12/site-packages/django/db/backends/mysql/base.py", line 73, in execute
    return self.cursor.execute(query, args)
           ^^^^^^^^^^^^^^^^^^^^^^^^^^^^^^^^
  File "/root/web_b2b/server_venv/lib/python3.12/site-packages/pymysql/cursors.py", line 148, in execute
    result = self._query(query)
             ^^^^^^^^^^^^^^^^^^
  File "/root/web_b2b/server_venv/lib/python3.12/site-packages/pymysql/cursors.py", line 310, in _query
    conn.query(q)
  File "/root/web_b2b/server_venv/lib/python3.12/site-packages/pymysql/connections.py", line 548, in query
    self._affected_rows = self._read_query_result(unbuffered=unbuffered)
                          ^^^^^^^^^^^^^^^^^^^^^^^^^^^^^^^^^^^^^^^^^^^^^^
  File "/root/web_b2b/server_venv/lib/python3.12/site-packages/pymysql/connections.py", line 775, in _read_query_result
    result.read()
  File "/root/web_b2b/server_venv/lib/python3.12/site-packages/pymysql/connections.py", line 1156, in read
    first_packet = self.connection._read_packet()
                   ^^^^^^^^^^^^^^^^^^^^^^^^^^^^^^
  File "/root/web_b2b/server_venv/lib/python3.12/site-packages/pymysql/connections.py", line 725, in _read_packet
    packet.raise_for_error()
  File "/root/web_b2b/server_venv/lib/python3.12/site-packages/pymysql/protocol.py", line 221, in raise_for_error
    err.raise_mysql_exception(self._data)
  File "/root/web_b2b/server_venv/lib/python3.12/site-packages/pymysql/err.py", line 143, in raise_mysql_exception
    raise errorclass(errno, errval)
django.db.utils.ProgrammingError: (1146, "Table 'web_b2b.b_basic_tdk' doesn't exist")
Internal Server Error: /myapp/index/common/section
Traceback (most recent call last):
  File "/root/web_b2b/server_venv/lib/python3.12/site-packages/django/db/backends/utils.py", line 84, in _execute
    return self.cursor.execute(sql, params)
           ^^^^^^^^^^^^^^^^^^^^^^^^^^^^^^^^
  File "/root/web_b2b/server_venv/lib/python3.12/site-packages/django/db/backends/mysql/base.py", line 73, in execute
    return self.cursor.execute(query, args)
           ^^^^^^^^^^^^^^^^^^^^^^^^^^^^^^^^
  File "/root/web_b2b/server_venv/lib/python3.12/site-packages/pymysql/cursors.py", line 148, in execute
    result = self._query(query)
             ^^^^^^^^^^^^^^^^^^
  File "/root/web_b2b/server_venv/lib/python3.12/site-packages/pymysql/cursors.py", line 310, in _query
    conn.query(q)
  File "/root/web_b2b/server_venv/lib/python3.12/site-packages/pymysql/connections.py", line 548, in query
    self._affected_rows = self._read_query_result(unbuffered=unbuffered)
                          ^^^^^^^^^^^^^^^^^^^^^^^^^^^^^^^^^^^^^^^^^^^^^^
  File "/root/web_b2b/server_venv/lib/python3.12/site-packages/pymysql/connections.py", line 775, in _read_query_result
    result.read()
  File "/root/web_b2b/server_venv/lib/python3.12/site-packages/pymysql/connections.py", line 1156, in read
    first_packet = self.connection._read_packet()
                   ^^^^^^^^^^^^^^^^^^^^^^^^^^^^^^
  File "/root/web_b2b/server_venv/lib/python3.12/site-packages/pymysql/connections.py", line 725, in _read_packet
    packet.raise_for_error()
  File "/root/web_b2b/server_venv/lib/python3.12/site-packages/pymysql/protocol.py", line 221, in raise_for_error
    err.raise_mysql_exception(self._data)
  File "/root/web_b2b/server_venv/lib/python3.12/site-packages/pymysql/err.py", line 143, in raise_mysql_exception
    raise errorclass(errno, errval)
pymysql.err.ProgrammingError: (1146, "Table 'web_b2b.b_op_log' doesn't exist")

The above exception was the direct cause of the following exception:

Traceback (most recent call last):
  File "/root/web_b2b/server_venv/lib/python3.12/site-packages/django/core/handlers/exception.py", line 47, in inner
    response = get_response(request)
               ^^^^^^^^^^^^^^^^^^^^^
  File "/root/web_b2b/server_venv/lib/python3.12/site-packages/django/utils/deprecation.py", line 119, in __call__
    response = self.process_response(request, response)
               ^^^^^^^^^^^^^^^^^^^^^^^^^^^^^^^^^^^^^^^^
  File "/root/web_b2b/server/myapp/middlewares/LogMiddleware.py", line 52, in process_response
    serializer.save()
  File "/root/web_b2b/server_venv/lib/python3.12/site-packages/rest_framework/serializers.py", line 212, in save
    self.instance = self.create(validated_data)
                    ^^^^^^^^^^^^^^^^^^^^^^^^^^^
  File "/root/web_b2b/server_venv/lib/python3.12/site-packages/rest_framework/serializers.py", line 962, in create
    instance = ModelClass._default_manager.create(**validated_data)
               ^^^^^^^^^^^^^^^^^^^^^^^^^^^^^^^^^^^^^^^^^^^^^^^^^^^^
  File "/root/web_b2b/server_venv/lib/python3.12/site-packages/django/db/models/manager.py", line 85, in manager_method
    return getattr(self.get_queryset(), name)(*args, **kwargs)
           ^^^^^^^^^^^^^^^^^^^^^^^^^^^^^^^^^^^^^^^^^^^^^^^^^^^
  File "/root/web_b2b/server_venv/lib/python3.12/site-packages/django/db/models/query.py", line 453, in create
    obj.save(force_insert=True, using=self.db)
  File "/root/web_b2b/server_venv/lib/python3.12/site-packages/django/db/models/base.py", line 739, in save
    self.save_base(using=using, force_insert=force_insert,
  File "/root/web_b2b/server_venv/lib/python3.12/site-packages/django/db/models/base.py", line 776, in save_base
    updated = self._save_table(
              ^^^^^^^^^^^^^^^^^
  File "/root/web_b2b/server_venv/lib/python3.12/site-packages/django/db/models/base.py", line 881, in _save_table
    results = self._do_insert(cls._base_manager, using, fields, returning_fields, raw)
              ^^^^^^^^^^^^^^^^^^^^^^^^^^^^^^^^^^^^^^^^^^^^^^^^^^^^^^^^^^^^^^^^^^^^^^^^
  File "/root/web_b2b/server_venv/lib/python3.12/site-packages/django/db/models/base.py", line 919, in _do_insert
    return manager._insert(
           ^^^^^^^^^^^^^^^^
  File "/root/web_b2b/server_venv/lib/python3.12/site-packages/django/db/models/manager.py", line 85, in manager_method
    return getattr(self.get_queryset(), name)(*args, **kwargs)
           ^^^^^^^^^^^^^^^^^^^^^^^^^^^^^^^^^^^^^^^^^^^^^^^^^^^
  File "/root/web_b2b/server_venv/lib/python3.12/site-packages/django/db/models/query.py", line 1270, in _insert
    return query.get_compiler(using=using).execute_sql(returning_fields)
           ^^^^^^^^^^^^^^^^^^^^^^^^^^^^^^^^^^^^^^^^^^^^^^^^^^^^^^^^^^^^^
  File "/root/web_b2b/server_venv/lib/python3.12/site-packages/django/db/models/sql/compiler.py", line 1416, in execute_sql
    cursor.execute(sql, params)
  File "/root/web_b2b/server_venv/lib/python3.12/site-packages/django/db/backends/utils.py", line 98, in execute
    return super().execute(sql, params)
           ^^^^^^^^^^^^^^^^^^^^^^^^^^^^
  File "/root/web_b2b/server_venv/lib/python3.12/site-packages/django/db/backends/utils.py", line 66, in execute
    return self._execute_with_wrappers(sql, params, many=False, executor=self._execute)
           ^^^^^^^^^^^^^^^^^^^^^^^^^^^^^^^^^^^^^^^^^^^^^^^^^^^^^^^^^^^^^^^^^^^^^^^^^^^^
  File "/root/web_b2b/server_venv/lib/python3.12/site-packages/django/db/backends/utils.py", line 75, in _execute_with_wrappers
    return executor(sql, params, many, context)
           ^^^^^^^^^^^^^^^^^^^^^^^^^^^^^^^^^^^^
  File "/root/web_b2b/server_venv/lib/python3.12/site-packages/django/db/backends/utils.py", line 79, in _execute
    with self.db.wrap_database_errors:
  File "/root/web_b2b/server_venv/lib/python3.12/site-packages/django/db/utils.py", line 90, in __exit__
    raise dj_exc_value.with_traceback(traceback) from exc_value
  File "/root/web_b2b/server_venv/lib/python3.12/site-packages/django/db/backends/utils.py", line 84, in _execute
    return self.cursor.execute(sql, params)
           ^^^^^^^^^^^^^^^^^^^^^^^^^^^^^^^^
  File "/root/web_b2b/server_venv/lib/python3.12/site-packages/django/db/backends/mysql/base.py", line 73, in execute
    return self.cursor.execute(query, args)
           ^^^^^^^^^^^^^^^^^^^^^^^^^^^^^^^^
  File "/root/web_b2b/server_venv/lib/python3.12/site-packages/pymysql/cursors.py", line 148, in execute
    result = self._query(query)
             ^^^^^^^^^^^^^^^^^^
  File "/root/web_b2b/server_venv/lib/python3.12/site-packages/pymysql/cursors.py", line 310, in _query
    conn.query(q)
  File "/root/web_b2b/server_venv/lib/python3.12/site-packages/pymysql/connections.py", line 548, in query
    self._affected_rows = self._read_query_result(unbuffered=unbuffered)
                          ^^^^^^^^^^^^^^^^^^^^^^^^^^^^^^^^^^^^^^^^^^^^^^
  File "/root/web_b2b/server_venv/lib/python3.12/site-packages/pymysql/connections.py", line 775, in _read_query_result
    result.read()
  File "/root/web_b2b/server_venv/lib/python3.12/site-packages/pymysql/connections.py", line 1156, in read
    first_packet = self.connection._read_packet()
                   ^^^^^^^^^^^^^^^^^^^^^^^^^^^^^^
  File "/root/web_b2b/server_venv/lib/python3.12/site-packages/pymysql/connections.py", line 725, in _read_packet
    packet.raise_for_error()
  File "/root/web_b2b/server_venv/lib/python3.12/site-packages/pymysql/protocol.py", line 221, in raise_for_error
    err.raise_mysql_exception(self._data)
  File "/root/web_b2b/server_venv/lib/python3.12/site-packages/pymysql/err.py", line 143, in raise_mysql_exception
    raise errorclass(errno, errval)
django.db.utils.ProgrammingError: (1146, "Table 'web_b2b.b_op_log' doesn't exist")
Internal Server Error: /myapp/index/home/section
Traceback (most recent call last):
  File "/root/web_b2b/server_venv/lib/python3.12/site-packages/django/db/backends/utils.py", line 84, in _execute
    return self.cursor.execute(sql, params)
           ^^^^^^^^^^^^^^^^^^^^^^^^^^^^^^^^
  File "/root/web_b2b/server_venv/lib/python3.12/site-packages/django/db/backends/mysql/base.py", line 73, in execute
    return self.cursor.execute(query, args)
           ^^^^^^^^^^^^^^^^^^^^^^^^^^^^^^^^
  File "/root/web_b2b/server_venv/lib/python3.12/site-packages/pymysql/cursors.py", line 148, in execute
    result = self._query(query)
             ^^^^^^^^^^^^^^^^^^
  File "/root/web_b2b/server_venv/lib/python3.12/site-packages/pymysql/cursors.py", line 310, in _query
    conn.query(q)
  File "/root/web_b2b/server_venv/lib/python3.12/site-packages/pymysql/connections.py", line 548, in query
    self._affected_rows = self._read_query_result(unbuffered=unbuffered)
                          ^^^^^^^^^^^^^^^^^^^^^^^^^^^^^^^^^^^^^^^^^^^^^^
  File "/root/web_b2b/server_venv/lib/python3.12/site-packages/pymysql/connections.py", line 775, in _read_query_result
    result.read()
  File "/root/web_b2b/server_venv/lib/python3.12/site-packages/pymysql/connections.py", line 1156, in read
    first_packet = self.connection._read_packet()
                   ^^^^^^^^^^^^^^^^^^^^^^^^^^^^^^
  File "/root/web_b2b/server_venv/lib/python3.12/site-packages/pymysql/connections.py", line 725, in _read_packet
    packet.raise_for_error()
  File "/root/web_b2b/server_venv/lib/python3.12/site-packages/pymysql/protocol.py", line 221, in raise_for_error
    err.raise_mysql_exception(self._data)
  File "/root/web_b2b/server_venv/lib/python3.12/site-packages/pymysql/err.py", line 143, in raise_mysql_exception
    raise errorclass(errno, errval)
pymysql.err.ProgrammingError: (1146, "Table 'web_b2b.b_op_log' doesn't exist")

The above exception was the direct cause of the following exception:

Traceback (most recent call last):
  File "/root/web_b2b/server_venv/lib/python3.12/site-packages/django/core/handlers/exception.py", line 47, in inner
    response = get_response(request)
               ^^^^^^^^^^^^^^^^^^^^^
  File "/root/web_b2b/server_venv/lib/python3.12/site-packages/django/utils/deprecation.py", line 119, in __call__
    response = self.process_response(request, response)
               ^^^^^^^^^^^^^^^^^^^^^^^^^^^^^^^^^^^^^^^^
  File "/root/web_b2b/server/myapp/middlewares/LogMiddleware.py", line 52, in process_response
    serializer.save()
  File "/root/web_b2b/server_venv/lib/python3.12/site-packages/rest_framework/serializers.py", line 212, in save
    self.instance = self.create(validated_data)
                    ^^^^^^^^^^^^^^^^^^^^^^^^^^^
  File "/root/web_b2b/server_venv/lib/python3.12/site-packages/rest_framework/serializers.py", line 962, in create
    instance = ModelClass._default_manager.create(**validated_data)
               ^^^^^^^^^^^^^^^^^^^^^^^^^^^^^^^^^^^^^^^^^^^^^^^^^^^^
  File "/root/web_b2b/server_venv/lib/python3.12/site-packages/django/db/models/manager.py", line 85, in manager_method
    return getattr(self.get_queryset(), name)(*args, **kwargs)
           ^^^^^^^^^^^^^^^^^^^^^^^^^^^^^^^^^^^^^^^^^^^^^^^^^^^
  File "/root/web_b2b/server_venv/lib/python3.12/site-packages/django/db/models/query.py", line 453, in create
    obj.save(force_insert=True, using=self.db)
  File "/root/web_b2b/server_venv/lib/python3.12/site-packages/django/db/models/base.py", line 739, in save
    self.save_base(using=using, force_insert=force_insert,
  File "/root/web_b2b/server_venv/lib/python3.12/site-packages/django/db/models/base.py", line 776, in save_base
    updated = self._save_table(
              ^^^^^^^^^^^^^^^^^
  File "/root/web_b2b/server_venv/lib/python3.12/site-packages/django/db/models/base.py", line 881, in _save_table
    results = self._do_insert(cls._base_manager, using, fields, returning_fields, raw)
              ^^^^^^^^^^^^^^^^^^^^^^^^^^^^^^^^^^^^^^^^^^^^^^^^^^^^^^^^^^^^^^^^^^^^^^^^
  File "/root/web_b2b/server_venv/lib/python3.12/site-packages/django/db/models/base.py", line 919, in _do_insert
    return manager._insert(
           ^^^^^^^^^^^^^^^^
  File "/root/web_b2b/server_venv/lib/python3.12/site-packages/django/db/models/manager.py", line 85, in manager_method
    return getattr(self.get_queryset(), name)(*args, **kwargs)
           ^^^^^^^^^^^^^^^^^^^^^^^^^^^^^^^^^^^^^^^^^^^^^^^^^^^
  File "/root/web_b2b/server_venv/lib/python3.12/site-packages/django/db/models/query.py", line 1270, in _insert
    return query.get_compiler(using=using).execute_sql(returning_fields)
           ^^^^^^^^^^^^^^^^^^^^^^^^^^^^^^^^^^^^^^^^^^^^^^^^^^^^^^^^^^^^^
  File "/root/web_b2b/server_venv/lib/python3.12/site-packages/django/db/models/sql/compiler.py", line 1416, in execute_sql
    cursor.execute(sql, params)
  File "/root/web_b2b/server_venv/lib/python3.12/site-packages/django/db/backends/utils.py", line 98, in execute
    return super().execute(sql, params)
           ^^^^^^^^^^^^^^^^^^^^^^^^^^^^
  File "/root/web_b2b/server_venv/lib/python3.12/site-packages/django/db/backends/utils.py", line 66, in execute
    return self._execute_with_wrappers(sql, params, many=False, executor=self._execute)
           ^^^^^^^^^^^^^^^^^^^^^^^^^^^^^^^^^^^^^^^^^^^^^^^^^^^^^^^^^^^^^^^^^^^^^^^^^^^^
  File "/root/web_b2b/server_venv/lib/python3.12/site-packages/django/db/backends/utils.py", line 75, in _execute_with_wrappers
    return executor(sql, params, many, context)
           ^^^^^^^^^^^^^^^^^^^^^^^^^^^^^^^^^^^^
  File "/root/web_b2b/server_venv/lib/python3.12/site-packages/django/db/backends/utils.py", line 79, in _execute
    with self.db.wrap_database_errors:
  File "/root/web_b2b/server_venv/lib/python3.12/site-packages/django/db/utils.py", line 90, in __exit__
    raise dj_exc_value.with_traceback(traceback) from exc_value
  File "/root/web_b2b/server_venv/lib/python3.12/site-packages/django/db/backends/utils.py", line 84, in _execute
    return self.cursor.execute(sql, params)
           ^^^^^^^^^^^^^^^^^^^^^^^^^^^^^^^^
  File "/root/web_b2b/server_venv/lib/python3.12/site-packages/django/db/backends/mysql/base.py", line 73, in execute
    return self.cursor.execute(query, args)
           ^^^^^^^^^^^^^^^^^^^^^^^^^^^^^^^^
  File "/root/web_b2b/server_venv/lib/python3.12/site-packages/pymysql/cursors.py", line 148, in execute
    result = self._query(query)
             ^^^^^^^^^^^^^^^^^^
  File "/root/web_b2b/server_venv/lib/python3.12/site-packages/pymysql/cursors.py", line 310, in _query
    conn.query(q)
  File "/root/web_b2b/server_venv/lib/python3.12/site-packages/pymysql/connections.py", line 548, in query
    self._affected_rows = self._read_query_result(unbuffered=unbuffered)
                          ^^^^^^^^^^^^^^^^^^^^^^^^^^^^^^^^^^^^^^^^^^^^^^
  File "/root/web_b2b/server_venv/lib/python3.12/site-packages/pymysql/connections.py", line 775, in _read_query_result
    result.read()
  File "/root/web_b2b/server_venv/lib/python3.12/site-packages/pymysql/connections.py", line 1156, in read
    first_packet = self.connection._read_packet()
                   ^^^^^^^^^^^^^^^^^^^^^^^^^^^^^^
  File "/root/web_b2b/server_venv/lib/python3.12/site-packages/pymysql/connections.py", line 725, in _read_packet
    packet.raise_for_error()
  File "/root/web_b2b/server_venv/lib/python3.12/site-packages/pymysql/protocol.py", line 221, in raise_for_error
    err.raise_mysql_exception(self._data)
  File "/root/web_b2b/server_venv/lib/python3.12/site-packages/pymysql/err.py", line 143, in raise_mysql_exception
    raise errorclass(errno, errval)
django.db.utils.ProgrammingError: (1146, "Table 'web_b2b.b_op_log' doesn't exist")
"GET /myapp/index/common/section HTTP/1.1" 500 229143
"GET /myapp/index/home/section HTTP/1.1" 500 229225
Internal Server Error: /myapp/index/home/section
Traceback (most recent call last):
  File "/root/web_b2b/server_venv/lib/python3.12/site-packages/django/db/backends/utils.py", line 84, in _execute
    return self.cursor.execute(sql, params)
           ^^^^^^^^^^^^^^^^^^^^^^^^^^^^^^^^
  File "/root/web_b2b/server_venv/lib/python3.12/site-packages/django/db/backends/mysql/base.py", line 73, in execute
    return self.cursor.execute(query, args)
           ^^^^^^^^^^^^^^^^^^^^^^^^^^^^^^^^
  File "/root/web_b2b/server_venv/lib/python3.12/site-packages/pymysql/cursors.py", line 148, in execute
    result = self._query(query)
             ^^^^^^^^^^^^^^^^^^
  File "/root/web_b2b/server_venv/lib/python3.12/site-packages/pymysql/cursors.py", line 310, in _query
    conn.query(q)
  File "/root/web_b2b/server_venv/lib/python3.12/site-packages/pymysql/connections.py", line 548, in query
    self._affected_rows = self._read_query_result(unbuffered=unbuffered)
                          ^^^^^^^^^^^^^^^^^^^^^^^^^^^^^^^^^^^^^^^^^^^^^^
  File "/root/web_b2b/server_venv/lib/python3.12/site-packages/pymysql/connections.py", line 775, in _read_query_result
    result.read()
  File "/root/web_b2b/server_venv/lib/python3.12/site-packages/pymysql/connections.py", line 1156, in read
    first_packet = self.connection._read_packet()
                   ^^^^^^^^^^^^^^^^^^^^^^^^^^^^^^
  File "/root/web_b2b/server_venv/lib/python3.12/site-packages/pymysql/connections.py", line 725, in _read_packet
    packet.raise_for_error()
  File "/root/web_b2b/server_venv/lib/python3.12/site-packages/pymysql/protocol.py", line 221, in raise_for_error
    err.raise_mysql_exception(self._data)
  File "/root/web_b2b/server_venv/lib/python3.12/site-packages/pymysql/err.py", line 143, in raise_mysql_exception
    raise errorclass(errno, errval)
pymysql.err.ProgrammingError: (1146, "Table 'web_b2b.b_basic_tdk' doesn't exist")

The above exception was the direct cause of the following exception:

Traceback (most recent call last):
  File "/root/web_b2b/server_venv/lib/python3.12/site-packages/django/core/handlers/exception.py", line 47, in inner
    response = get_response(request)
               ^^^^^^^^^^^^^^^^^^^^^
  File "/root/web_b2b/server_venv/lib/python3.12/site-packages/django/core/handlers/base.py", line 181, in _get_response
    response = wrapped_callback(request, *callback_args, **callback_kwargs)
               ^^^^^^^^^^^^^^^^^^^^^^^^^^^^^^^^^^^^^^^^^^^^^^^^^^^^^^^^^^^^
  File "/root/web_b2b/server_venv/lib/python3.12/site-packages/django/views/decorators/csrf.py", line 54, in wrapped_view
    return view_func(*args, **kwargs)
           ^^^^^^^^^^^^^^^^^^^^^^^^^^
  File "/root/web_b2b/server_venv/lib/python3.12/site-packages/django/views/generic/base.py", line 70, in view
    return self.dispatch(request, *args, **kwargs)
           ^^^^^^^^^^^^^^^^^^^^^^^^^^^^^^^^^^^^^^^
  File "/root/web_b2b/server_venv/lib/python3.12/site-packages/rest_framework/views.py", line 509, in dispatch
    response = self.handle_exception(exc)
               ^^^^^^^^^^^^^^^^^^^^^^^^^^
  File "/root/web_b2b/server_venv/lib/python3.12/site-packages/rest_framework/views.py", line 469, in handle_exception
    self.raise_uncaught_exception(exc)
  File "/root/web_b2b/server_venv/lib/python3.12/site-packages/rest_framework/views.py", line 480, in raise_uncaught_exception
    raise exc
  File "/root/web_b2b/server_venv/lib/python3.12/site-packages/rest_framework/views.py", line 506, in dispatch
    response = handler(request, *args, **kwargs)
               ^^^^^^^^^^^^^^^^^^^^^^^^^^^^^^^^^
  File "/root/web_b2b/server_venv/lib/python3.12/site-packages/rest_framework/decorators.py", line 41, in handler
    return func(*args, **kwargs)
           ^^^^^^^^^^^^^^^^^^^^^
  File "/root/web_b2b/server/myapp/views/index/home.py", line 28, in section
    basicTdk = BasicTdk.get_solo()
               ^^^^^^^^^^^^^^^^^^^
  File "/root/web_b2b/server/myapp/models.py", line 236, in get_solo
    return cls.objects.get()
           ^^^^^^^^^^^^^^^^^
  File "/root/web_b2b/server_venv/lib/python3.12/site-packages/django/db/models/manager.py", line 85, in manager_method
    return getattr(self.get_queryset(), name)(*args, **kwargs)
           ^^^^^^^^^^^^^^^^^^^^^^^^^^^^^^^^^^^^^^^^^^^^^^^^^^^
  File "/root/web_b2b/server_venv/lib/python3.12/site-packages/django/db/models/query.py", line 431, in get
    num = len(clone)
          ^^^^^^^^^^
  File "/root/web_b2b/server_venv/lib/python3.12/site-packages/django/db/models/query.py", line 262, in __len__
    self._fetch_all()
  File "/root/web_b2b/server_venv/lib/python3.12/site-packages/django/db/models/query.py", line 1324, in _fetch_all
    self._result_cache = list(self._iterable_class(self))
                         ^^^^^^^^^^^^^^^^^^^^^^^^^^^^^^^^
  File "/root/web_b2b/server_venv/lib/python3.12/site-packages/django/db/models/query.py", line 51, in __iter__
    results = compiler.execute_sql(chunked_fetch=self.chunked_fetch, chunk_size=self.chunk_size)
              ^^^^^^^^^^^^^^^^^^^^^^^^^^^^^^^^^^^^^^^^^^^^^^^^^^^^^^^^^^^^^^^^^^^^^^^^^^^^^^^^^^
  File "/root/web_b2b/server_venv/lib/python3.12/site-packages/django/db/models/sql/compiler.py", line 1175, in execute_sql
    cursor.execute(sql, params)
  File "/root/web_b2b/server_venv/lib/python3.12/site-packages/django/db/backends/utils.py", line 98, in execute
    return super().execute(sql, params)
           ^^^^^^^^^^^^^^^^^^^^^^^^^^^^
  File "/root/web_b2b/server_venv/lib/python3.12/site-packages/django/db/backends/utils.py", line 66, in execute
    return self._execute_with_wrappers(sql, params, many=False, executor=self._execute)
           ^^^^^^^^^^^^^^^^^^^^^^^^^^^^^^^^^^^^^^^^^^^^^^^^^^^^^^^^^^^^^^^^^^^^^^^^^^^^
  File "/root/web_b2b/server_venv/lib/python3.12/site-packages/django/db/backends/utils.py", line 75, in _execute_with_wrappers
    return executor(sql, params, many, context)
           ^^^^^^^^^^^^^^^^^^^^^^^^^^^^^^^^^^^^
  File "/root/web_b2b/server_venv/lib/python3.12/site-packages/django/db/backends/utils.py", line 79, in _execute
    with self.db.wrap_database_errors:
  File "/root/web_b2b/server_venv/lib/python3.12/site-packages/django/db/utils.py", line 90, in __exit__
    raise dj_exc_value.with_traceback(traceback) from exc_value
  File "/root/web_b2b/server_venv/lib/python3.12/site-packages/django/db/backends/utils.py", line 84, in _execute
    return self.cursor.execute(sql, params)
           ^^^^^^^^^^^^^^^^^^^^^^^^^^^^^^^^
  File "/root/web_b2b/server_venv/lib/python3.12/site-packages/django/db/backends/mysql/base.py", line 73, in execute
    return self.cursor.execute(query, args)
           ^^^^^^^^^^^^^^^^^^^^^^^^^^^^^^^^
  File "/root/web_b2b/server_venv/lib/python3.12/site-packages/pymysql/cursors.py", line 148, in execute
    result = self._query(query)
             ^^^^^^^^^^^^^^^^^^
  File "/root/web_b2b/server_venv/lib/python3.12/site-packages/pymysql/cursors.py", line 310, in _query
    conn.query(q)
  File "/root/web_b2b/server_venv/lib/python3.12/site-packages/pymysql/connections.py", line 548, in query
    self._affected_rows = self._read_query_result(unbuffered=unbuffered)
                          ^^^^^^^^^^^^^^^^^^^^^^^^^^^^^^^^^^^^^^^^^^^^^^
  File "/root/web_b2b/server_venv/lib/python3.12/site-packages/pymysql/connections.py", line 775, in _read_query_result
    result.read()
  File "/root/web_b2b/server_venv/lib/python3.12/site-packages/pymysql/connections.py", line 1156, in read
    first_packet = self.connection._read_packet()
                   ^^^^^^^^^^^^^^^^^^^^^^^^^^^^^^
  File "/root/web_b2b/server_venv/lib/python3.12/site-packages/pymysql/connections.py", line 725, in _read_packet
    packet.raise_for_error()
  File "/root/web_b2b/server_venv/lib/python3.12/site-packages/pymysql/protocol.py", line 221, in raise_for_error
    err.raise_mysql_exception(self._data)
  File "/root/web_b2b/server_venv/lib/python3.12/site-packages/pymysql/err.py", line 143, in raise_mysql_exception
    raise errorclass(errno, errval)
django.db.utils.ProgrammingError: (1146, "Table 'web_b2b.b_basic_tdk' doesn't exist")
Internal Server Error: /myapp/index/home/section
Traceback (most recent call last):
  File "/root/web_b2b/server_venv/lib/python3.12/site-packages/django/db/backends/utils.py", line 84, in _execute
    return self.cursor.execute(sql, params)
           ^^^^^^^^^^^^^^^^^^^^^^^^^^^^^^^^
  File "/root/web_b2b/server_venv/lib/python3.12/site-packages/django/db/backends/mysql/base.py", line 73, in execute
    return self.cursor.execute(query, args)
           ^^^^^^^^^^^^^^^^^^^^^^^^^^^^^^^^
  File "/root/web_b2b/server_venv/lib/python3.12/site-packages/pymysql/cursors.py", line 148, in execute
    result = self._query(query)
             ^^^^^^^^^^^^^^^^^^
  File "/root/web_b2b/server_venv/lib/python3.12/site-packages/pymysql/cursors.py", line 310, in _query
    conn.query(q)
  File "/root/web_b2b/server_venv/lib/python3.12/site-packages/pymysql/connections.py", line 548, in query
    self._affected_rows = self._read_query_result(unbuffered=unbuffered)
                          ^^^^^^^^^^^^^^^^^^^^^^^^^^^^^^^^^^^^^^^^^^^^^^
  File "/root/web_b2b/server_venv/lib/python3.12/site-packages/pymysql/connections.py", line 775, in _read_query_result
    result.read()
  File "/root/web_b2b/server_venv/lib/python3.12/site-packages/pymysql/connections.py", line 1156, in read
    first_packet = self.connection._read_packet()
                   ^^^^^^^^^^^^^^^^^^^^^^^^^^^^^^
  File "/root/web_b2b/server_venv/lib/python3.12/site-packages/pymysql/connections.py", line 725, in _read_packet
    packet.raise_for_error()
  File "/root/web_b2b/server_venv/lib/python3.12/site-packages/pymysql/protocol.py", line 221, in raise_for_error
    err.raise_mysql_exception(self._data)
  File "/root/web_b2b/server_venv/lib/python3.12/site-packages/pymysql/err.py", line 143, in raise_mysql_exception
    raise errorclass(errno, errval)
pymysql.err.ProgrammingError: (1146, "Table 'web_b2b.b_op_log' doesn't exist")

The above exception was the direct cause of the following exception:

Traceback (most recent call last):
  File "/root/web_b2b/server_venv/lib/python3.12/site-packages/django/core/handlers/exception.py", line 47, in inner
    response = get_response(request)
               ^^^^^^^^^^^^^^^^^^^^^
  File "/root/web_b2b/server_venv/lib/python3.12/site-packages/django/utils/deprecation.py", line 119, in __call__
    response = self.process_response(request, response)
               ^^^^^^^^^^^^^^^^^^^^^^^^^^^^^^^^^^^^^^^^
  File "/root/web_b2b/server/myapp/middlewares/LogMiddleware.py", line 52, in process_response
    serializer.save()
  File "/root/web_b2b/server_venv/lib/python3.12/site-packages/rest_framework/serializers.py", line 212, in save
    self.instance = self.create(validated_data)
                    ^^^^^^^^^^^^^^^^^^^^^^^^^^^
  File "/root/web_b2b/server_venv/lib/python3.12/site-packages/rest_framework/serializers.py", line 962, in create
    instance = ModelClass._default_manager.create(**validated_data)
               ^^^^^^^^^^^^^^^^^^^^^^^^^^^^^^^^^^^^^^^^^^^^^^^^^^^^
  File "/root/web_b2b/server_venv/lib/python3.12/site-packages/django/db/models/manager.py", line 85, in manager_method
    return getattr(self.get_queryset(), name)(*args, **kwargs)
           ^^^^^^^^^^^^^^^^^^^^^^^^^^^^^^^^^^^^^^^^^^^^^^^^^^^
  File "/root/web_b2b/server_venv/lib/python3.12/site-packages/django/db/models/query.py", line 453, in create
    obj.save(force_insert=True, using=self.db)
  File "/root/web_b2b/server_venv/lib/python3.12/site-packages/django/db/models/base.py", line 739, in save
    self.save_base(using=using, force_insert=force_insert,
  File "/root/web_b2b/server_venv/lib/python3.12/site-packages/django/db/models/base.py", line 776, in save_base
    updated = self._save_table(
              ^^^^^^^^^^^^^^^^^
  File "/root/web_b2b/server_venv/lib/python3.12/site-packages/django/db/models/base.py", line 881, in _save_table
    results = self._do_insert(cls._base_manager, using, fields, returning_fields, raw)
              ^^^^^^^^^^^^^^^^^^^^^^^^^^^^^^^^^^^^^^^^^^^^^^^^^^^^^^^^^^^^^^^^^^^^^^^^
  File "/root/web_b2b/server_venv/lib/python3.12/site-packages/django/db/models/base.py", line 919, in _do_insert
    return manager._insert(
           ^^^^^^^^^^^^^^^^
  File "/root/web_b2b/server_venv/lib/python3.12/site-packages/django/db/models/manager.py", line 85, in manager_method
    return getattr(self.get_queryset(), name)(*args, **kwargs)
           ^^^^^^^^^^^^^^^^^^^^^^^^^^^^^^^^^^^^^^^^^^^^^^^^^^^
  File "/root/web_b2b/server_venv/lib/python3.12/site-packages/django/db/models/query.py", line 1270, in _insert
    return query.get_compiler(using=using).execute_sql(returning_fields)
           ^^^^^^^^^^^^^^^^^^^^^^^^^^^^^^^^^^^^^^^^^^^^^^^^^^^^^^^^^^^^^
  File "/root/web_b2b/server_venv/lib/python3.12/site-packages/django/db/models/sql/compiler.py", line 1416, in execute_sql
    cursor.execute(sql, params)
  File "/root/web_b2b/server_venv/lib/python3.12/site-packages/django/db/backends/utils.py", line 98, in execute
    return super().execute(sql, params)
           ^^^^^^^^^^^^^^^^^^^^^^^^^^^^
  File "/root/web_b2b/server_venv/lib/python3.12/site-packages/django/db/backends/utils.py", line 66, in execute
    return self._execute_with_wrappers(sql, params, many=False, executor=self._execute)
           ^^^^^^^^^^^^^^^^^^^^^^^^^^^^^^^^^^^^^^^^^^^^^^^^^^^^^^^^^^^^^^^^^^^^^^^^^^^^
  File "/root/web_b2b/server_venv/lib/python3.12/site-packages/django/db/backends/utils.py", line 75, in _execute_with_wrappers
    return executor(sql, params, many, context)
           ^^^^^^^^^^^^^^^^^^^^^^^^^^^^^^^^^^^^
  File "/root/web_b2b/server_venv/lib/python3.12/site-packages/django/db/backends/utils.py", line 79, in _execute
    with self.db.wrap_database_errors:
  File "/root/web_b2b/server_venv/lib/python3.12/site-packages/django/db/utils.py", line 90, in __exit__
    raise dj_exc_value.with_traceback(traceback) from exc_value
  File "/root/web_b2b/server_venv/lib/python3.12/site-packages/django/db/backends/utils.py", line 84, in _execute
    return self.cursor.execute(sql, params)
           ^^^^^^^^^^^^^^^^^^^^^^^^^^^^^^^^
  File "/root/web_b2b/server_venv/lib/python3.12/site-packages/django/db/backends/mysql/base.py", line 73, in execute
    return self.cursor.execute(query, args)
           ^^^^^^^^^^^^^^^^^^^^^^^^^^^^^^^^
  File "/root/web_b2b/server_venv/lib/python3.12/site-packages/pymysql/cursors.py", line 148, in execute
    result = self._query(query)
             ^^^^^^^^^^^^^^^^^^
  File "/root/web_b2b/server_venv/lib/python3.12/site-packages/pymysql/cursors.py", line 310, in _query
    conn.query(q)
  File "/root/web_b2b/server_venv/lib/python3.12/site-packages/pymysql/connections.py", line 548, in query
    self._affected_rows = self._read_query_result(unbuffered=unbuffered)
                          ^^^^^^^^^^^^^^^^^^^^^^^^^^^^^^^^^^^^^^^^^^^^^^
  File "/root/web_b2b/server_venv/lib/python3.12/site-packages/pymysql/connections.py", line 775, in _read_query_result
    result.read()
  File "/root/web_b2b/server_venv/lib/python3.12/site-packages/pymysql/connections.py", line 1156, in read
    first_packet = self.connection._read_packet()
                   ^^^^^^^^^^^^^^^^^^^^^^^^^^^^^^
  File "/root/web_b2b/server_venv/lib/python3.12/site-packages/pymysql/connections.py", line 725, in _read_packet
    packet.raise_for_error()
  File "/root/web_b2b/server_venv/lib/python3.12/site-packages/pymysql/protocol.py", line 221, in raise_for_error
    err.raise_mysql_exception(self._data)
  File "/root/web_b2b/server_venv/lib/python3.12/site-packages/pymysql/err.py", line 143, in raise_mysql_exception
    raise errorclass(errno, errval)
django.db.utils.ProgrammingError: (1146, "Table 'web_b2b.b_op_log' doesn't exist")
"GET /myapp/index/home/section HTTP/1.1" 500 229297
Watching for file changes with StatReloader
Internal Server Error: /myapp/index/common/section
Traceback (most recent call last):
  File "/root/web_b2b/server_venv/lib/python3.12/site-packages/django/db/backends/utils.py", line 84, in _execute
    return self.cursor.execute(sql, params)
           ^^^^^^^^^^^^^^^^^^^^^^^^^^^^^^^^
  File "/root/web_b2b/server_venv/lib/python3.12/site-packages/django/db/backends/mysql/base.py", line 73, in execute
    return self.cursor.execute(query, args)
           ^^^^^^^^^^^^^^^^^^^^^^^^^^^^^^^^
  File "/root/web_b2b/server_venv/lib/python3.12/site-packages/pymysql/cursors.py", line 148, in execute
    result = self._query(query)
             ^^^^^^^^^^^^^^^^^^
  File "/root/web_b2b/server_venv/lib/python3.12/site-packages/pymysql/cursors.py", line 310, in _query
    conn.query(q)
  File "/root/web_b2b/server_venv/lib/python3.12/site-packages/pymysql/connections.py", line 548, in query
    self._affected_rows = self._read_query_result(unbuffered=unbuffered)
                          ^^^^^^^^^^^^^^^^^^^^^^^^^^^^^^^^^^^^^^^^^^^^^^
  File "/root/web_b2b/server_venv/lib/python3.12/site-packages/pymysql/connections.py", line 775, in _read_query_result
    result.read()
  File "/root/web_b2b/server_venv/lib/python3.12/site-packages/pymysql/connections.py", line 1156, in read
    first_packet = self.connection._read_packet()
                   ^^^^^^^^^^^^^^^^^^^^^^^^^^^^^^
  File "/root/web_b2b/server_venv/lib/python3.12/site-packages/pymysql/connections.py", line 725, in _read_packet
    packet.raise_for_error()
  File "/root/web_b2b/server_venv/lib/python3.12/site-packages/pymysql/protocol.py", line 221, in raise_for_error
    err.raise_mysql_exception(self._data)
  File "/root/web_b2b/server_venv/lib/python3.12/site-packages/pymysql/err.py", line 143, in raise_mysql_exception
    raise errorclass(errno, errval)
pymysql.err.ProgrammingError: (1146, "Table 'web_b2b.b_basic_site' doesn't exist")

The above exception was the direct cause of the following exception:

Traceback (most recent call last):
  File "/root/web_b2b/server_venv/lib/python3.12/site-packages/django/core/handlers/exception.py", line 47, in inner
    response = get_response(request)
               ^^^^^^^^^^^^^^^^^^^^^
  File "/root/web_b2b/server_venv/lib/python3.12/site-packages/django/core/handlers/base.py", line 181, in _get_response
    response = wrapped_callback(request, *callback_args, **callback_kwargs)
               ^^^^^^^^^^^^^^^^^^^^^^^^^^^^^^^^^^^^^^^^^^^^^^^^^^^^^^^^^^^^
  File "/root/web_b2b/server_venv/lib/python3.12/site-packages/django/views/decorators/csrf.py", line 54, in wrapped_view
    return view_func(*args, **kwargs)
           ^^^^^^^^^^^^^^^^^^^^^^^^^^
  File "/root/web_b2b/server_venv/lib/python3.12/site-packages/django/views/generic/base.py", line 70, in view
    return self.dispatch(request, *args, **kwargs)
           ^^^^^^^^^^^^^^^^^^^^^^^^^^^^^^^^^^^^^^^
  File "/root/web_b2b/server_venv/lib/python3.12/site-packages/rest_framework/views.py", line 509, in dispatch
    response = self.handle_exception(exc)
               ^^^^^^^^^^^^^^^^^^^^^^^^^^
  File "/root/web_b2b/server_venv/lib/python3.12/site-packages/rest_framework/views.py", line 469, in handle_exception
    self.raise_uncaught_exception(exc)
  File "/root/web_b2b/server_venv/lib/python3.12/site-packages/rest_framework/views.py", line 480, in raise_uncaught_exception
    raise exc
  File "/root/web_b2b/server_venv/lib/python3.12/site-packages/rest_framework/views.py", line 506, in dispatch
    response = handler(request, *args, **kwargs)
               ^^^^^^^^^^^^^^^^^^^^^^^^^^^^^^^^^
  File "/root/web_b2b/server_venv/lib/python3.12/site-packages/rest_framework/decorators.py", line 41, in handler
    return func(*args, **kwargs)
           ^^^^^^^^^^^^^^^^^^^^^
  File "/root/web_b2b/server/myapp/views/index/common.py", line 38, in section
    basicSite = BasicSite.get_solo()
                ^^^^^^^^^^^^^^^^^^^^
  File "/root/web_b2b/server/myapp/models.py", line 193, in get_solo
    return cls.objects.get()
           ^^^^^^^^^^^^^^^^^
  File "/root/web_b2b/server_venv/lib/python3.12/site-packages/django/db/models/manager.py", line 85, in manager_method
    return getattr(self.get_queryset(), name)(*args, **kwargs)
           ^^^^^^^^^^^^^^^^^^^^^^^^^^^^^^^^^^^^^^^^^^^^^^^^^^^
  File "/root/web_b2b/server_venv/lib/python3.12/site-packages/django/db/models/query.py", line 431, in get
    num = len(clone)
          ^^^^^^^^^^
  File "/root/web_b2b/server_venv/lib/python3.12/site-packages/django/db/models/query.py", line 262, in __len__
    self._fetch_all()
  File "/root/web_b2b/server_venv/lib/python3.12/site-packages/django/db/models/query.py", line 1324, in _fetch_all
    self._result_cache = list(self._iterable_class(self))
                         ^^^^^^^^^^^^^^^^^^^^^^^^^^^^^^^^
  File "/root/web_b2b/server_venv/lib/python3.12/site-packages/django/db/models/query.py", line 51, in __iter__
    results = compiler.execute_sql(chunked_fetch=self.chunked_fetch, chunk_size=self.chunk_size)
              ^^^^^^^^^^^^^^^^^^^^^^^^^^^^^^^^^^^^^^^^^^^^^^^^^^^^^^^^^^^^^^^^^^^^^^^^^^^^^^^^^^
  File "/root/web_b2b/server_venv/lib/python3.12/site-packages/django/db/models/sql/compiler.py", line 1175, in execute_sql
    cursor.execute(sql, params)
  File "/root/web_b2b/server_venv/lib/python3.12/site-packages/django/db/backends/utils.py", line 98, in execute
    return super().execute(sql, params)
           ^^^^^^^^^^^^^^^^^^^^^^^^^^^^
  File "/root/web_b2b/server_venv/lib/python3.12/site-packages/django/db/backends/utils.py", line 66, in execute
    return self._execute_with_wrappers(sql, params, many=False, executor=self._execute)
           ^^^^^^^^^^^^^^^^^^^^^^^^^^^^^^^^^^^^^^^^^^^^^^^^^^^^^^^^^^^^^^^^^^^^^^^^^^^^
  File "/root/web_b2b/server_venv/lib/python3.12/site-packages/django/db/backends/utils.py", line 75, in _execute_with_wrappers
    return executor(sql, params, many, context)
           ^^^^^^^^^^^^^^^^^^^^^^^^^^^^^^^^^^^^
  File "/root/web_b2b/server_venv/lib/python3.12/site-packages/django/db/backends/utils.py", line 79, in _execute
    with self.db.wrap_database_errors:
  File "/root/web_b2b/server_venv/lib/python3.12/site-packages/django/db/utils.py", line 90, in __exit__
    raise dj_exc_value.with_traceback(traceback) from exc_value
  File "/root/web_b2b/server_venv/lib/python3.12/site-packages/django/db/backends/utils.py", line 84, in _execute
    return self.cursor.execute(sql, params)
           ^^^^^^^^^^^^^^^^^^^^^^^^^^^^^^^^
  File "/root/web_b2b/server_venv/lib/python3.12/site-packages/django/db/backends/mysql/base.py", line 73, in execute
    return self.cursor.execute(query, args)
           ^^^^^^^^^^^^^^^^^^^^^^^^^^^^^^^^
  File "/root/web_b2b/server_venv/lib/python3.12/site-packages/pymysql/cursors.py", line 148, in execute
    result = self._query(query)
             ^^^^^^^^^^^^^^^^^^
  File "/root/web_b2b/server_venv/lib/python3.12/site-packages/pymysql/cursors.py", line 310, in _query
    conn.query(q)
  File "/root/web_b2b/server_venv/lib/python3.12/site-packages/pymysql/connections.py", line 548, in query
    self._affected_rows = self._read_query_result(unbuffered=unbuffered)
                          ^^^^^^^^^^^^^^^^^^^^^^^^^^^^^^^^^^^^^^^^^^^^^^
  File "/root/web_b2b/server_venv/lib/python3.12/site-packages/pymysql/connections.py", line 775, in _read_query_result
    result.read()
  File "/root/web_b2b/server_venv/lib/python3.12/site-packages/pymysql/connections.py", line 1156, in read
    first_packet = self.connection._read_packet()
                   ^^^^^^^^^^^^^^^^^^^^^^^^^^^^^^
  File "/root/web_b2b/server_venv/lib/python3.12/site-packages/pymysql/connections.py", line 725, in _read_packet
    packet.raise_for_error()
  File "/root/web_b2b/server_venv/lib/python3.12/site-packages/pymysql/protocol.py", line 221, in raise_for_error
    err.raise_mysql_exception(self._data)
  File "/root/web_b2b/server_venv/lib/python3.12/site-packages/pymysql/err.py", line 143, in raise_mysql_exception
    raise errorclass(errno, errval)
django.db.utils.ProgrammingError: (1146, "Table 'web_b2b.b_basic_site' doesn't exist")
Internal Server Error: /myapp/index/home/section
Traceback (most recent call last):
  File "/root/web_b2b/server_venv/lib/python3.12/site-packages/django/db/backends/utils.py", line 84, in _execute
    return self.cursor.execute(sql, params)
           ^^^^^^^^^^^^^^^^^^^^^^^^^^^^^^^^
  File "/root/web_b2b/server_venv/lib/python3.12/site-packages/django/db/backends/mysql/base.py", line 73, in execute
    return self.cursor.execute(query, args)
           ^^^^^^^^^^^^^^^^^^^^^^^^^^^^^^^^
  File "/root/web_b2b/server_venv/lib/python3.12/site-packages/pymysql/cursors.py", line 148, in execute
    result = self._query(query)
             ^^^^^^^^^^^^^^^^^^
  File "/root/web_b2b/server_venv/lib/python3.12/site-packages/pymysql/cursors.py", line 310, in _query
    conn.query(q)
  File "/root/web_b2b/server_venv/lib/python3.12/site-packages/pymysql/connections.py", line 548, in query
    self._affected_rows = self._read_query_result(unbuffered=unbuffered)
                          ^^^^^^^^^^^^^^^^^^^^^^^^^^^^^^^^^^^^^^^^^^^^^^
  File "/root/web_b2b/server_venv/lib/python3.12/site-packages/pymysql/connections.py", line 775, in _read_query_result
    result.read()
  File "/root/web_b2b/server_venv/lib/python3.12/site-packages/pymysql/connections.py", line 1156, in read
    first_packet = self.connection._read_packet()
                   ^^^^^^^^^^^^^^^^^^^^^^^^^^^^^^
  File "/root/web_b2b/server_venv/lib/python3.12/site-packages/pymysql/connections.py", line 725, in _read_packet
    packet.raise_for_error()
  File "/root/web_b2b/server_venv/lib/python3.12/site-packages/pymysql/protocol.py", line 221, in raise_for_error
    err.raise_mysql_exception(self._data)
  File "/root/web_b2b/server_venv/lib/python3.12/site-packages/pymysql/err.py", line 143, in raise_mysql_exception
    raise errorclass(errno, errval)
pymysql.err.ProgrammingError: (1146, "Table 'web_b2b.b_basic_tdk' doesn't exist")

The above exception was the direct cause of the following exception:

Traceback (most recent call last):
  File "/root/web_b2b/server_venv/lib/python3.12/site-packages/django/core/handlers/exception.py", line 47, in inner
    response = get_response(request)
               ^^^^^^^^^^^^^^^^^^^^^
  File "/root/web_b2b/server_venv/lib/python3.12/site-packages/django/core/handlers/base.py", line 181, in _get_response
    response = wrapped_callback(request, *callback_args, **callback_kwargs)
               ^^^^^^^^^^^^^^^^^^^^^^^^^^^^^^^^^^^^^^^^^^^^^^^^^^^^^^^^^^^^
  File "/root/web_b2b/server_venv/lib/python3.12/site-packages/django/views/decorators/csrf.py", line 54, in wrapped_view
    return view_func(*args, **kwargs)
           ^^^^^^^^^^^^^^^^^^^^^^^^^^
  File "/root/web_b2b/server_venv/lib/python3.12/site-packages/django/views/generic/base.py", line 70, in view
    return self.dispatch(request, *args, **kwargs)
           ^^^^^^^^^^^^^^^^^^^^^^^^^^^^^^^^^^^^^^^
  File "/root/web_b2b/server_venv/lib/python3.12/site-packages/rest_framework/views.py", line 509, in dispatch
    response = self.handle_exception(exc)
               ^^^^^^^^^^^^^^^^^^^^^^^^^^
  File "/root/web_b2b/server_venv/lib/python3.12/site-packages/rest_framework/views.py", line 469, in handle_exception
    self.raise_uncaught_exception(exc)
  File "/root/web_b2b/server_venv/lib/python3.12/site-packages/rest_framework/views.py", line 480, in raise_uncaught_exception
    raise exc
  File "/root/web_b2b/server_venv/lib/python3.12/site-packages/rest_framework/views.py", line 506, in dispatch
    response = handler(request, *args, **kwargs)
               ^^^^^^^^^^^^^^^^^^^^^^^^^^^^^^^^^
  File "/root/web_b2b/server_venv/lib/python3.12/site-packages/rest_framework/decorators.py", line 41, in handler
    return func(*args, **kwargs)
           ^^^^^^^^^^^^^^^^^^^^^
  File "/root/web_b2b/server/myapp/views/index/home.py", line 28, in section
    basicTdk = BasicTdk.get_solo()
               ^^^^^^^^^^^^^^^^^^^
  File "/root/web_b2b/server/myapp/models.py", line 236, in get_solo
    return cls.objects.get()
           ^^^^^^^^^^^^^^^^^
  File "/root/web_b2b/server_venv/lib/python3.12/site-packages/django/db/models/manager.py", line 85, in manager_method
    return getattr(self.get_queryset(), name)(*args, **kwargs)
           ^^^^^^^^^^^^^^^^^^^^^^^^^^^^^^^^^^^^^^^^^^^^^^^^^^^
  File "/root/web_b2b/server_venv/lib/python3.12/site-packages/django/db/models/query.py", line 431, in get
    num = len(clone)
          ^^^^^^^^^^
  File "/root/web_b2b/server_venv/lib/python3.12/site-packages/django/db/models/query.py", line 262, in __len__
    self._fetch_all()
  File "/root/web_b2b/server_venv/lib/python3.12/site-packages/django/db/models/query.py", line 1324, in _fetch_all
    self._result_cache = list(self._iterable_class(self))
                         ^^^^^^^^^^^^^^^^^^^^^^^^^^^^^^^^
  File "/root/web_b2b/server_venv/lib/python3.12/site-packages/django/db/models/query.py", line 51, in __iter__
    results = compiler.execute_sql(chunked_fetch=self.chunked_fetch, chunk_size=self.chunk_size)
              ^^^^^^^^^^^^^^^^^^^^^^^^^^^^^^^^^^^^^^^^^^^^^^^^^^^^^^^^^^^^^^^^^^^^^^^^^^^^^^^^^^
  File "/root/web_b2b/server_venv/lib/python3.12/site-packages/django/db/models/sql/compiler.py", line 1175, in execute_sql
    cursor.execute(sql, params)
  File "/root/web_b2b/server_venv/lib/python3.12/site-packages/django/db/backends/utils.py", line 98, in execute
    return super().execute(sql, params)
           ^^^^^^^^^^^^^^^^^^^^^^^^^^^^
  File "/root/web_b2b/server_venv/lib/python3.12/site-packages/django/db/backends/utils.py", line 66, in execute
    return self._execute_with_wrappers(sql, params, many=False, executor=self._execute)
           ^^^^^^^^^^^^^^^^^^^^^^^^^^^^^^^^^^^^^^^^^^^^^^^^^^^^^^^^^^^^^^^^^^^^^^^^^^^^
  File "/root/web_b2b/server_venv/lib/python3.12/site-packages/django/db/backends/utils.py", line 75, in _execute_with_wrappers
    return executor(sql, params, many, context)
           ^^^^^^^^^^^^^^^^^^^^^^^^^^^^^^^^^^^^
  File "/root/web_b2b/server_venv/lib/python3.12/site-packages/django/db/backends/utils.py", line 79, in _execute
    with self.db.wrap_database_errors:
  File "/root/web_b2b/server_venv/lib/python3.12/site-packages/django/db/utils.py", line 90, in __exit__
    raise dj_exc_value.with_traceback(traceback) from exc_value
  File "/root/web_b2b/server_venv/lib/python3.12/site-packages/django/db/backends/utils.py", line 84, in _execute
    return self.cursor.execute(sql, params)
           ^^^^^^^^^^^^^^^^^^^^^^^^^^^^^^^^
  File "/root/web_b2b/server_venv/lib/python3.12/site-packages/django/db/backends/mysql/base.py", line 73, in execute
    return self.cursor.execute(query, args)
           ^^^^^^^^^^^^^^^^^^^^^^^^^^^^^^^^
  File "/root/web_b2b/server_venv/lib/python3.12/site-packages/pymysql/cursors.py", line 148, in execute
    result = self._query(query)
             ^^^^^^^^^^^^^^^^^^
  File "/root/web_b2b/server_venv/lib/python3.12/site-packages/pymysql/cursors.py", line 310, in _query
    conn.query(q)
  File "/root/web_b2b/server_venv/lib/python3.12/site-packages/pymysql/connections.py", line 548, in query
    self._affected_rows = self._read_query_result(unbuffered=unbuffered)
                          ^^^^^^^^^^^^^^^^^^^^^^^^^^^^^^^^^^^^^^^^^^^^^^
  File "/root/web_b2b/server_venv/lib/python3.12/site-packages/pymysql/connections.py", line 775, in _read_query_result
    result.read()
  File "/root/web_b2b/server_venv/lib/python3.12/site-packages/pymysql/connections.py", line 1156, in read
    first_packet = self.connection._read_packet()
                   ^^^^^^^^^^^^^^^^^^^^^^^^^^^^^^
  File "/root/web_b2b/server_venv/lib/python3.12/site-packages/pymysql/connections.py", line 725, in _read_packet
    packet.raise_for_error()
  File "/root/web_b2b/server_venv/lib/python3.12/site-packages/pymysql/protocol.py", line 221, in raise_for_error
    err.raise_mysql_exception(self._data)
  File "/root/web_b2b/server_venv/lib/python3.12/site-packages/pymysql/err.py", line 143, in raise_mysql_exception
    raise errorclass(errno, errval)
django.db.utils.ProgrammingError: (1146, "Table 'web_b2b.b_basic_tdk' doesn't exist")
Internal Server Error: /myapp/index/common/section
Traceback (most recent call last):
  File "/root/web_b2b/server_venv/lib/python3.12/site-packages/django/db/backends/utils.py", line 84, in _execute
    return self.cursor.execute(sql, params)
           ^^^^^^^^^^^^^^^^^^^^^^^^^^^^^^^^
  File "/root/web_b2b/server_venv/lib/python3.12/site-packages/django/db/backends/mysql/base.py", line 73, in execute
    return self.cursor.execute(query, args)
           ^^^^^^^^^^^^^^^^^^^^^^^^^^^^^^^^
  File "/root/web_b2b/server_venv/lib/python3.12/site-packages/pymysql/cursors.py", line 148, in execute
    result = self._query(query)
             ^^^^^^^^^^^^^^^^^^
  File "/root/web_b2b/server_venv/lib/python3.12/site-packages/pymysql/cursors.py", line 310, in _query
    conn.query(q)
  File "/root/web_b2b/server_venv/lib/python3.12/site-packages/pymysql/connections.py", line 548, in query
    self._affected_rows = self._read_query_result(unbuffered=unbuffered)
                          ^^^^^^^^^^^^^^^^^^^^^^^^^^^^^^^^^^^^^^^^^^^^^^
  File "/root/web_b2b/server_venv/lib/python3.12/site-packages/pymysql/connections.py", line 775, in _read_query_result
    result.read()
  File "/root/web_b2b/server_venv/lib/python3.12/site-packages/pymysql/connections.py", line 1156, in read
    first_packet = self.connection._read_packet()
                   ^^^^^^^^^^^^^^^^^^^^^^^^^^^^^^
  File "/root/web_b2b/server_venv/lib/python3.12/site-packages/pymysql/connections.py", line 725, in _read_packet
    packet.raise_for_error()
  File "/root/web_b2b/server_venv/lib/python3.12/site-packages/pymysql/protocol.py", line 221, in raise_for_error
    err.raise_mysql_exception(self._data)
  File "/root/web_b2b/server_venv/lib/python3.12/site-packages/pymysql/err.py", line 143, in raise_mysql_exception
    raise errorclass(errno, errval)
pymysql.err.ProgrammingError: (1146, "Table 'web_b2b.b_op_log' doesn't exist")

The above exception was the direct cause of the following exception:

Traceback (most recent call last):
  File "/root/web_b2b/server_venv/lib/python3.12/site-packages/django/core/handlers/exception.py", line 47, in inner
    response = get_response(request)
               ^^^^^^^^^^^^^^^^^^^^^
  File "/root/web_b2b/server_venv/lib/python3.12/site-packages/django/utils/deprecation.py", line 119, in __call__
    response = self.process_response(request, response)
               ^^^^^^^^^^^^^^^^^^^^^^^^^^^^^^^^^^^^^^^^
  File "/root/web_b2b/server/myapp/middlewares/LogMiddleware.py", line 52, in process_response
    serializer.save()
  File "/root/web_b2b/server_venv/lib/python3.12/site-packages/rest_framework/serializers.py", line 212, in save
    self.instance = self.create(validated_data)
                    ^^^^^^^^^^^^^^^^^^^^^^^^^^^
  File "/root/web_b2b/server_venv/lib/python3.12/site-packages/rest_framework/serializers.py", line 962, in create
    instance = ModelClass._default_manager.create(**validated_data)
               ^^^^^^^^^^^^^^^^^^^^^^^^^^^^^^^^^^^^^^^^^^^^^^^^^^^^
  File "/root/web_b2b/server_venv/lib/python3.12/site-packages/django/db/models/manager.py", line 85, in manager_method
    return getattr(self.get_queryset(), name)(*args, **kwargs)
           ^^^^^^^^^^^^^^^^^^^^^^^^^^^^^^^^^^^^^^^^^^^^^^^^^^^
  File "/root/web_b2b/server_venv/lib/python3.12/site-packages/django/db/models/query.py", line 453, in create
    obj.save(force_insert=True, using=self.db)
  File "/root/web_b2b/server_venv/lib/python3.12/site-packages/django/db/models/base.py", line 739, in save
    self.save_base(using=using, force_insert=force_insert,
  File "/root/web_b2b/server_venv/lib/python3.12/site-packages/django/db/models/base.py", line 776, in save_base
    updated = self._save_table(
              ^^^^^^^^^^^^^^^^^
  File "/root/web_b2b/server_venv/lib/python3.12/site-packages/django/db/models/base.py", line 881, in _save_table
    results = self._do_insert(cls._base_manager, using, fields, returning_fields, raw)
              ^^^^^^^^^^^^^^^^^^^^^^^^^^^^^^^^^^^^^^^^^^^^^^^^^^^^^^^^^^^^^^^^^^^^^^^^
  File "/root/web_b2b/server_venv/lib/python3.12/site-packages/django/db/models/base.py", line 919, in _do_insert
    return manager._insert(
           ^^^^^^^^^^^^^^^^
  File "/root/web_b2b/server_venv/lib/python3.12/site-packages/django/db/models/manager.py", line 85, in manager_method
    return getattr(self.get_queryset(), name)(*args, **kwargs)
           ^^^^^^^^^^^^^^^^^^^^^^^^^^^^^^^^^^^^^^^^^^^^^^^^^^^
  File "/root/web_b2b/server_venv/lib/python3.12/site-packages/django/db/models/query.py", line 1270, in _insert
    return query.get_compiler(using=using).execute_sql(returning_fields)
           ^^^^^^^^^^^^^^^^^^^^^^^^^^^^^^^^^^^^^^^^^^^^^^^^^^^^^^^^^^^^^
  File "/root/web_b2b/server_venv/lib/python3.12/site-packages/django/db/models/sql/compiler.py", line 1416, in execute_sql
    cursor.execute(sql, params)
  File "/root/web_b2b/server_venv/lib/python3.12/site-packages/django/db/backends/utils.py", line 98, in execute
    return super().execute(sql, params)
           ^^^^^^^^^^^^^^^^^^^^^^^^^^^^
  File "/root/web_b2b/server_venv/lib/python3.12/site-packages/django/db/backends/utils.py", line 66, in execute
    return self._execute_with_wrappers(sql, params, many=False, executor=self._execute)
           ^^^^^^^^^^^^^^^^^^^^^^^^^^^^^^^^^^^^^^^^^^^^^^^^^^^^^^^^^^^^^^^^^^^^^^^^^^^^
  File "/root/web_b2b/server_venv/lib/python3.12/site-packages/django/db/backends/utils.py", line 75, in _execute_with_wrappers
    return executor(sql, params, many, context)
           ^^^^^^^^^^^^^^^^^^^^^^^^^^^^^^^^^^^^
  File "/root/web_b2b/server_venv/lib/python3.12/site-packages/django/db/backends/utils.py", line 79, in _execute
    with self.db.wrap_database_errors:
  File "/root/web_b2b/server_venv/lib/python3.12/site-packages/django/db/utils.py", line 90, in __exit__
    raise dj_exc_value.with_traceback(traceback) from exc_value
  File "/root/web_b2b/server_venv/lib/python3.12/site-packages/django/db/backends/utils.py", line 84, in _execute
    return self.cursor.execute(sql, params)
           ^^^^^^^^^^^^^^^^^^^^^^^^^^^^^^^^
  File "/root/web_b2b/server_venv/lib/python3.12/site-packages/django/db/backends/mysql/base.py", line 73, in execute
    return self.cursor.execute(query, args)
           ^^^^^^^^^^^^^^^^^^^^^^^^^^^^^^^^
  File "/root/web_b2b/server_venv/lib/python3.12/site-packages/pymysql/cursors.py", line 148, in execute
    result = self._query(query)
             ^^^^^^^^^^^^^^^^^^
  File "/root/web_b2b/server_venv/lib/python3.12/site-packages/pymysql/cursors.py", line 310, in _query
    conn.query(q)
  File "/root/web_b2b/server_venv/lib/python3.12/site-packages/pymysql/connections.py", line 548, in query
    self._affected_rows = self._read_query_result(unbuffered=unbuffered)
                          ^^^^^^^^^^^^^^^^^^^^^^^^^^^^^^^^^^^^^^^^^^^^^^
  File "/root/web_b2b/server_venv/lib/python3.12/site-packages/pymysql/connections.py", line 775, in _read_query_result
    result.read()
  File "/root/web_b2b/server_venv/lib/python3.12/site-packages/pymysql/connections.py", line 1156, in read
    first_packet = self.connection._read_packet()
                   ^^^^^^^^^^^^^^^^^^^^^^^^^^^^^^
  File "/root/web_b2b/server_venv/lib/python3.12/site-packages/pymysql/connections.py", line 725, in _read_packet
    packet.raise_for_error()
  File "/root/web_b2b/server_venv/lib/python3.12/site-packages/pymysql/protocol.py", line 221, in raise_for_error
    err.raise_mysql_exception(self._data)
  File "/root/web_b2b/server_venv/lib/python3.12/site-packages/pymysql/err.py", line 143, in raise_mysql_exception
    raise errorclass(errno, errval)
django.db.utils.ProgrammingError: (1146, "Table 'web_b2b.b_op_log' doesn't exist")
"GET /myapp/index/common/section HTTP/1.1" 500 229123
Internal Server Error: /myapp/index/home/section
Traceback (most recent call last):
  File "/root/web_b2b/server_venv/lib/python3.12/site-packages/django/db/backends/utils.py", line 84, in _execute
    return self.cursor.execute(sql, params)
           ^^^^^^^^^^^^^^^^^^^^^^^^^^^^^^^^
  File "/root/web_b2b/server_venv/lib/python3.12/site-packages/django/db/backends/mysql/base.py", line 73, in execute
    return self.cursor.execute(query, args)
           ^^^^^^^^^^^^^^^^^^^^^^^^^^^^^^^^
  File "/root/web_b2b/server_venv/lib/python3.12/site-packages/pymysql/cursors.py", line 148, in execute
    result = self._query(query)
             ^^^^^^^^^^^^^^^^^^
  File "/root/web_b2b/server_venv/lib/python3.12/site-packages/pymysql/cursors.py", line 310, in _query
    conn.query(q)
  File "/root/web_b2b/server_venv/lib/python3.12/site-packages/pymysql/connections.py", line 548, in query
    self._affected_rows = self._read_query_result(unbuffered=unbuffered)
                          ^^^^^^^^^^^^^^^^^^^^^^^^^^^^^^^^^^^^^^^^^^^^^^
  File "/root/web_b2b/server_venv/lib/python3.12/site-packages/pymysql/connections.py", line 775, in _read_query_result
    result.read()
  File "/root/web_b2b/server_venv/lib/python3.12/site-packages/pymysql/connections.py", line 1156, in read
    first_packet = self.connection._read_packet()
                   ^^^^^^^^^^^^^^^^^^^^^^^^^^^^^^
  File "/root/web_b2b/server_venv/lib/python3.12/site-packages/pymysql/connections.py", line 725, in _read_packet
    packet.raise_for_error()
  File "/root/web_b2b/server_venv/lib/python3.12/site-packages/pymysql/protocol.py", line 221, in raise_for_error
    err.raise_mysql_exception(self._data)
  File "/root/web_b2b/server_venv/lib/python3.12/site-packages/pymysql/err.py", line 143, in raise_mysql_exception
    raise errorclass(errno, errval)
pymysql.err.ProgrammingError: (1146, "Table 'web_b2b.b_op_log' doesn't exist")

The above exception was the direct cause of the following exception:

Traceback (most recent call last):
  File "/root/web_b2b/server_venv/lib/python3.12/site-packages/django/core/handlers/exception.py", line 47, in inner
    response = get_response(request)
               ^^^^^^^^^^^^^^^^^^^^^
  File "/root/web_b2b/server_venv/lib/python3.12/site-packages/django/utils/deprecation.py", line 119, in __call__
    response = self.process_response(request, response)
               ^^^^^^^^^^^^^^^^^^^^^^^^^^^^^^^^^^^^^^^^
  File "/root/web_b2b/server/myapp/middlewares/LogMiddleware.py", line 52, in process_response
    serializer.save()
  File "/root/web_b2b/server_venv/lib/python3.12/site-packages/rest_framework/serializers.py", line 212, in save
    self.instance = self.create(validated_data)
                    ^^^^^^^^^^^^^^^^^^^^^^^^^^^
  File "/root/web_b2b/server_venv/lib/python3.12/site-packages/rest_framework/serializers.py", line 962, in create
    instance = ModelClass._default_manager.create(**validated_data)
               ^^^^^^^^^^^^^^^^^^^^^^^^^^^^^^^^^^^^^^^^^^^^^^^^^^^^
  File "/root/web_b2b/server_venv/lib/python3.12/site-packages/django/db/models/manager.py", line 85, in manager_method
    return getattr(self.get_queryset(), name)(*args, **kwargs)
           ^^^^^^^^^^^^^^^^^^^^^^^^^^^^^^^^^^^^^^^^^^^^^^^^^^^
  File "/root/web_b2b/server_venv/lib/python3.12/site-packages/django/db/models/query.py", line 453, in create
    obj.save(force_insert=True, using=self.db)
  File "/root/web_b2b/server_venv/lib/python3.12/site-packages/django/db/models/base.py", line 739, in save
    self.save_base(using=using, force_insert=force_insert,
  File "/root/web_b2b/server_venv/lib/python3.12/site-packages/django/db/models/base.py", line 776, in save_base
    updated = self._save_table(
              ^^^^^^^^^^^^^^^^^
  File "/root/web_b2b/server_venv/lib/python3.12/site-packages/django/db/models/base.py", line 881, in _save_table
    results = self._do_insert(cls._base_manager, using, fields, returning_fields, raw)
              ^^^^^^^^^^^^^^^^^^^^^^^^^^^^^^^^^^^^^^^^^^^^^^^^^^^^^^^^^^^^^^^^^^^^^^^^
  File "/root/web_b2b/server_venv/lib/python3.12/site-packages/django/db/models/base.py", line 919, in _do_insert
    return manager._insert(
           ^^^^^^^^^^^^^^^^
  File "/root/web_b2b/server_venv/lib/python3.12/site-packages/django/db/models/manager.py", line 85, in manager_method
    return getattr(self.get_queryset(), name)(*args, **kwargs)
           ^^^^^^^^^^^^^^^^^^^^^^^^^^^^^^^^^^^^^^^^^^^^^^^^^^^
  File "/root/web_b2b/server_venv/lib/python3.12/site-packages/django/db/models/query.py", line 1270, in _insert
    return query.get_compiler(using=using).execute_sql(returning_fields)
           ^^^^^^^^^^^^^^^^^^^^^^^^^^^^^^^^^^^^^^^^^^^^^^^^^^^^^^^^^^^^^
  File "/root/web_b2b/server_venv/lib/python3.12/site-packages/django/db/models/sql/compiler.py", line 1416, in execute_sql
    cursor.execute(sql, params)
  File "/root/web_b2b/server_venv/lib/python3.12/site-packages/django/db/backends/utils.py", line 98, in execute
    return super().execute(sql, params)
           ^^^^^^^^^^^^^^^^^^^^^^^^^^^^
  File "/root/web_b2b/server_venv/lib/python3.12/site-packages/django/db/backends/utils.py", line 66, in execute
    return self._execute_with_wrappers(sql, params, many=False, executor=self._execute)
           ^^^^^^^^^^^^^^^^^^^^^^^^^^^^^^^^^^^^^^^^^^^^^^^^^^^^^^^^^^^^^^^^^^^^^^^^^^^^
  File "/root/web_b2b/server_venv/lib/python3.12/site-packages/django/db/backends/utils.py", line 75, in _execute_with_wrappers
    return executor(sql, params, many, context)
           ^^^^^^^^^^^^^^^^^^^^^^^^^^^^^^^^^^^^
  File "/root/web_b2b/server_venv/lib/python3.12/site-packages/django/db/backends/utils.py", line 79, in _execute
    with self.db.wrap_database_errors:
  File "/root/web_b2b/server_venv/lib/python3.12/site-packages/django/db/utils.py", line 90, in __exit__
    raise dj_exc_value.with_traceback(traceback) from exc_value
  File "/root/web_b2b/server_venv/lib/python3.12/site-packages/django/db/backends/utils.py", line 84, in _execute
    return self.cursor.execute(sql, params)
           ^^^^^^^^^^^^^^^^^^^^^^^^^^^^^^^^
  File "/root/web_b2b/server_venv/lib/python3.12/site-packages/django/db/backends/mysql/base.py", line 73, in execute
    return self.cursor.execute(query, args)
           ^^^^^^^^^^^^^^^^^^^^^^^^^^^^^^^^
  File "/root/web_b2b/server_venv/lib/python3.12/site-packages/pymysql/cursors.py", line 148, in execute
    result = self._query(query)
             ^^^^^^^^^^^^^^^^^^
  File "/root/web_b2b/server_venv/lib/python3.12/site-packages/pymysql/cursors.py", line 310, in _query
    conn.query(q)
  File "/root/web_b2b/server_venv/lib/python3.12/site-packages/pymysql/connections.py", line 548, in query
    self._affected_rows = self._read_query_result(unbuffered=unbuffered)
                          ^^^^^^^^^^^^^^^^^^^^^^^^^^^^^^^^^^^^^^^^^^^^^^
  File "/root/web_b2b/server_venv/lib/python3.12/site-packages/pymysql/connections.py", line 775, in _read_query_result
    result.read()
  File "/root/web_b2b/server_venv/lib/python3.12/site-packages/pymysql/connections.py", line 1156, in read
    first_packet = self.connection._read_packet()
                   ^^^^^^^^^^^^^^^^^^^^^^^^^^^^^^
  File "/root/web_b2b/server_venv/lib/python3.12/site-packages/pymysql/connections.py", line 725, in _read_packet
    packet.raise_for_error()
  File "/root/web_b2b/server_venv/lib/python3.12/site-packages/pymysql/protocol.py", line 221, in raise_for_error
    err.raise_mysql_exception(self._data)
  File "/root/web_b2b/server_venv/lib/python3.12/site-packages/pymysql/err.py", line 143, in raise_mysql_exception
    raise errorclass(errno, errval)
django.db.utils.ProgrammingError: (1146, "Table 'web_b2b.b_op_log' doesn't exist")
"GET /myapp/index/home/section HTTP/1.1" 500 229224
Internal Server Error: /myapp/index/home/section
Traceback (most recent call last):
  File "/root/web_b2b/server_venv/lib/python3.12/site-packages/django/db/backends/utils.py", line 84, in _execute
    return self.cursor.execute(sql, params)
           ^^^^^^^^^^^^^^^^^^^^^^^^^^^^^^^^
  File "/root/web_b2b/server_venv/lib/python3.12/site-packages/django/db/backends/mysql/base.py", line 73, in execute
    return self.cursor.execute(query, args)
           ^^^^^^^^^^^^^^^^^^^^^^^^^^^^^^^^
  File "/root/web_b2b/server_venv/lib/python3.12/site-packages/pymysql/cursors.py", line 148, in execute
    result = self._query(query)
             ^^^^^^^^^^^^^^^^^^
  File "/root/web_b2b/server_venv/lib/python3.12/site-packages/pymysql/cursors.py", line 310, in _query
    conn.query(q)
  File "/root/web_b2b/server_venv/lib/python3.12/site-packages/pymysql/connections.py", line 548, in query
    self._affected_rows = self._read_query_result(unbuffered=unbuffered)
                          ^^^^^^^^^^^^^^^^^^^^^^^^^^^^^^^^^^^^^^^^^^^^^^
  File "/root/web_b2b/server_venv/lib/python3.12/site-packages/pymysql/connections.py", line 775, in _read_query_result
    result.read()
  File "/root/web_b2b/server_venv/lib/python3.12/site-packages/pymysql/connections.py", line 1156, in read
    first_packet = self.connection._read_packet()
                   ^^^^^^^^^^^^^^^^^^^^^^^^^^^^^^
  File "/root/web_b2b/server_venv/lib/python3.12/site-packages/pymysql/connections.py", line 725, in _read_packet
    packet.raise_for_error()
  File "/root/web_b2b/server_venv/lib/python3.12/site-packages/pymysql/protocol.py", line 221, in raise_for_error
    err.raise_mysql_exception(self._data)
  File "/root/web_b2b/server_venv/lib/python3.12/site-packages/pymysql/err.py", line 143, in raise_mysql_exception
    raise errorclass(errno, errval)
pymysql.err.ProgrammingError: (1146, "Table 'web_b2b.b_basic_tdk' doesn't exist")

The above exception was the direct cause of the following exception:

Traceback (most recent call last):
  File "/root/web_b2b/server_venv/lib/python3.12/site-packages/django/core/handlers/exception.py", line 47, in inner
    response = get_response(request)
               ^^^^^^^^^^^^^^^^^^^^^
  File "/root/web_b2b/server_venv/lib/python3.12/site-packages/django/core/handlers/base.py", line 181, in _get_response
    response = wrapped_callback(request, *callback_args, **callback_kwargs)
               ^^^^^^^^^^^^^^^^^^^^^^^^^^^^^^^^^^^^^^^^^^^^^^^^^^^^^^^^^^^^
  File "/root/web_b2b/server_venv/lib/python3.12/site-packages/django/views/decorators/csrf.py", line 54, in wrapped_view
    return view_func(*args, **kwargs)
           ^^^^^^^^^^^^^^^^^^^^^^^^^^
  File "/root/web_b2b/server_venv/lib/python3.12/site-packages/django/views/generic/base.py", line 70, in view
    return self.dispatch(request, *args, **kwargs)
           ^^^^^^^^^^^^^^^^^^^^^^^^^^^^^^^^^^^^^^^
  File "/root/web_b2b/server_venv/lib/python3.12/site-packages/rest_framework/views.py", line 509, in dispatch
    response = self.handle_exception(exc)
               ^^^^^^^^^^^^^^^^^^^^^^^^^^
  File "/root/web_b2b/server_venv/lib/python3.12/site-packages/rest_framework/views.py", line 469, in handle_exception
    self.raise_uncaught_exception(exc)
  File "/root/web_b2b/server_venv/lib/python3.12/site-packages/rest_framework/views.py", line 480, in raise_uncaught_exception
    raise exc
  File "/root/web_b2b/server_venv/lib/python3.12/site-packages/rest_framework/views.py", line 506, in dispatch
    response = handler(request, *args, **kwargs)
               ^^^^^^^^^^^^^^^^^^^^^^^^^^^^^^^^^
  File "/root/web_b2b/server_venv/lib/python3.12/site-packages/rest_framework/decorators.py", line 41, in handler
    return func(*args, **kwargs)
           ^^^^^^^^^^^^^^^^^^^^^
  File "/root/web_b2b/server/myapp/views/index/home.py", line 28, in section
    basicTdk = BasicTdk.get_solo()
               ^^^^^^^^^^^^^^^^^^^
  File "/root/web_b2b/server/myapp/models.py", line 236, in get_solo
    return cls.objects.get()
           ^^^^^^^^^^^^^^^^^
  File "/root/web_b2b/server_venv/lib/python3.12/site-packages/django/db/models/manager.py", line 85, in manager_method
    return getattr(self.get_queryset(), name)(*args, **kwargs)
           ^^^^^^^^^^^^^^^^^^^^^^^^^^^^^^^^^^^^^^^^^^^^^^^^^^^
  File "/root/web_b2b/server_venv/lib/python3.12/site-packages/django/db/models/query.py", line 431, in get
    num = len(clone)
          ^^^^^^^^^^
  File "/root/web_b2b/server_venv/lib/python3.12/site-packages/django/db/models/query.py", line 262, in __len__
    self._fetch_all()
  File "/root/web_b2b/server_venv/lib/python3.12/site-packages/django/db/models/query.py", line 1324, in _fetch_all
    self._result_cache = list(self._iterable_class(self))
                         ^^^^^^^^^^^^^^^^^^^^^^^^^^^^^^^^
  File "/root/web_b2b/server_venv/lib/python3.12/site-packages/django/db/models/query.py", line 51, in __iter__
    results = compiler.execute_sql(chunked_fetch=self.chunked_fetch, chunk_size=self.chunk_size)
              ^^^^^^^^^^^^^^^^^^^^^^^^^^^^^^^^^^^^^^^^^^^^^^^^^^^^^^^^^^^^^^^^^^^^^^^^^^^^^^^^^^
  File "/root/web_b2b/server_venv/lib/python3.12/site-packages/django/db/models/sql/compiler.py", line 1175, in execute_sql
    cursor.execute(sql, params)
  File "/root/web_b2b/server_venv/lib/python3.12/site-packages/django/db/backends/utils.py", line 98, in execute
    return super().execute(sql, params)
           ^^^^^^^^^^^^^^^^^^^^^^^^^^^^
  File "/root/web_b2b/server_venv/lib/python3.12/site-packages/django/db/backends/utils.py", line 66, in execute
    return self._execute_with_wrappers(sql, params, many=False, executor=self._execute)
           ^^^^^^^^^^^^^^^^^^^^^^^^^^^^^^^^^^^^^^^^^^^^^^^^^^^^^^^^^^^^^^^^^^^^^^^^^^^^
  File "/root/web_b2b/server_venv/lib/python3.12/site-packages/django/db/backends/utils.py", line 75, in _execute_with_wrappers
    return executor(sql, params, many, context)
           ^^^^^^^^^^^^^^^^^^^^^^^^^^^^^^^^^^^^
  File "/root/web_b2b/server_venv/lib/python3.12/site-packages/django/db/backends/utils.py", line 79, in _execute
    with self.db.wrap_database_errors:
  File "/root/web_b2b/server_venv/lib/python3.12/site-packages/django/db/utils.py", line 90, in __exit__
    raise dj_exc_value.with_traceback(traceback) from exc_value
  File "/root/web_b2b/server_venv/lib/python3.12/site-packages/django/db/backends/utils.py", line 84, in _execute
    return self.cursor.execute(sql, params)
           ^^^^^^^^^^^^^^^^^^^^^^^^^^^^^^^^
  File "/root/web_b2b/server_venv/lib/python3.12/site-packages/django/db/backends/mysql/base.py", line 73, in execute
    return self.cursor.execute(query, args)
           ^^^^^^^^^^^^^^^^^^^^^^^^^^^^^^^^
  File "/root/web_b2b/server_venv/lib/python3.12/site-packages/pymysql/cursors.py", line 148, in execute
    result = self._query(query)
             ^^^^^^^^^^^^^^^^^^
  File "/root/web_b2b/server_venv/lib/python3.12/site-packages/pymysql/cursors.py", line 310, in _query
    conn.query(q)
  File "/root/web_b2b/server_venv/lib/python3.12/site-packages/pymysql/connections.py", line 548, in query
    self._affected_rows = self._read_query_result(unbuffered=unbuffered)
                          ^^^^^^^^^^^^^^^^^^^^^^^^^^^^^^^^^^^^^^^^^^^^^^
  File "/root/web_b2b/server_venv/lib/python3.12/site-packages/pymysql/connections.py", line 775, in _read_query_result
    result.read()
  File "/root/web_b2b/server_venv/lib/python3.12/site-packages/pymysql/connections.py", line 1156, in read
    first_packet = self.connection._read_packet()
                   ^^^^^^^^^^^^^^^^^^^^^^^^^^^^^^
  File "/root/web_b2b/server_venv/lib/python3.12/site-packages/pymysql/connections.py", line 725, in _read_packet
    packet.raise_for_error()
  File "/root/web_b2b/server_venv/lib/python3.12/site-packages/pymysql/protocol.py", line 221, in raise_for_error
    err.raise_mysql_exception(self._data)
  File "/root/web_b2b/server_venv/lib/python3.12/site-packages/pymysql/err.py", line 143, in raise_mysql_exception
    raise errorclass(errno, errval)
django.db.utils.ProgrammingError: (1146, "Table 'web_b2b.b_basic_tdk' doesn't exist")
Internal Server Error: /myapp/index/home/section
Traceback (most recent call last):
  File "/root/web_b2b/server_venv/lib/python3.12/site-packages/django/db/backends/utils.py", line 84, in _execute
    return self.cursor.execute(sql, params)
           ^^^^^^^^^^^^^^^^^^^^^^^^^^^^^^^^
  File "/root/web_b2b/server_venv/lib/python3.12/site-packages/django/db/backends/mysql/base.py", line 73, in execute
    return self.cursor.execute(query, args)
           ^^^^^^^^^^^^^^^^^^^^^^^^^^^^^^^^
  File "/root/web_b2b/server_venv/lib/python3.12/site-packages/pymysql/cursors.py", line 148, in execute
    result = self._query(query)
             ^^^^^^^^^^^^^^^^^^
  File "/root/web_b2b/server_venv/lib/python3.12/site-packages/pymysql/cursors.py", line 310, in _query
    conn.query(q)
  File "/root/web_b2b/server_venv/lib/python3.12/site-packages/pymysql/connections.py", line 548, in query
    self._affected_rows = self._read_query_result(unbuffered=unbuffered)
                          ^^^^^^^^^^^^^^^^^^^^^^^^^^^^^^^^^^^^^^^^^^^^^^
  File "/root/web_b2b/server_venv/lib/python3.12/site-packages/pymysql/connections.py", line 775, in _read_query_result
    result.read()
  File "/root/web_b2b/server_venv/lib/python3.12/site-packages/pymysql/connections.py", line 1156, in read
    first_packet = self.connection._read_packet()
                   ^^^^^^^^^^^^^^^^^^^^^^^^^^^^^^
  File "/root/web_b2b/server_venv/lib/python3.12/site-packages/pymysql/connections.py", line 725, in _read_packet
    packet.raise_for_error()
  File "/root/web_b2b/server_venv/lib/python3.12/site-packages/pymysql/protocol.py", line 221, in raise_for_error
    err.raise_mysql_exception(self._data)
  File "/root/web_b2b/server_venv/lib/python3.12/site-packages/pymysql/err.py", line 143, in raise_mysql_exception
    raise errorclass(errno, errval)
pymysql.err.ProgrammingError: (1146, "Table 'web_b2b.b_op_log' doesn't exist")

The above exception was the direct cause of the following exception:

Traceback (most recent call last):
  File "/root/web_b2b/server_venv/lib/python3.12/site-packages/django/core/handlers/exception.py", line 47, in inner
    response = get_response(request)
               ^^^^^^^^^^^^^^^^^^^^^
  File "/root/web_b2b/server_venv/lib/python3.12/site-packages/django/utils/deprecation.py", line 119, in __call__
    response = self.process_response(request, response)
               ^^^^^^^^^^^^^^^^^^^^^^^^^^^^^^^^^^^^^^^^
  File "/root/web_b2b/server/myapp/middlewares/LogMiddleware.py", line 52, in process_response
    serializer.save()
  File "/root/web_b2b/server_venv/lib/python3.12/site-packages/rest_framework/serializers.py", line 212, in save
    self.instance = self.create(validated_data)
                    ^^^^^^^^^^^^^^^^^^^^^^^^^^^
  File "/root/web_b2b/server_venv/lib/python3.12/site-packages/rest_framework/serializers.py", line 962, in create
    instance = ModelClass._default_manager.create(**validated_data)
               ^^^^^^^^^^^^^^^^^^^^^^^^^^^^^^^^^^^^^^^^^^^^^^^^^^^^
  File "/root/web_b2b/server_venv/lib/python3.12/site-packages/django/db/models/manager.py", line 85, in manager_method
    return getattr(self.get_queryset(), name)(*args, **kwargs)
           ^^^^^^^^^^^^^^^^^^^^^^^^^^^^^^^^^^^^^^^^^^^^^^^^^^^
  File "/root/web_b2b/server_venv/lib/python3.12/site-packages/django/db/models/query.py", line 453, in create
    obj.save(force_insert=True, using=self.db)
  File "/root/web_b2b/server_venv/lib/python3.12/site-packages/django/db/models/base.py", line 739, in save
    self.save_base(using=using, force_insert=force_insert,
  File "/root/web_b2b/server_venv/lib/python3.12/site-packages/django/db/models/base.py", line 776, in save_base
    updated = self._save_table(
              ^^^^^^^^^^^^^^^^^
  File "/root/web_b2b/server_venv/lib/python3.12/site-packages/django/db/models/base.py", line 881, in _save_table
    results = self._do_insert(cls._base_manager, using, fields, returning_fields, raw)
              ^^^^^^^^^^^^^^^^^^^^^^^^^^^^^^^^^^^^^^^^^^^^^^^^^^^^^^^^^^^^^^^^^^^^^^^^
  File "/root/web_b2b/server_venv/lib/python3.12/site-packages/django/db/models/base.py", line 919, in _do_insert
    return manager._insert(
           ^^^^^^^^^^^^^^^^
  File "/root/web_b2b/server_venv/lib/python3.12/site-packages/django/db/models/manager.py", line 85, in manager_method
    return getattr(self.get_queryset(), name)(*args, **kwargs)
           ^^^^^^^^^^^^^^^^^^^^^^^^^^^^^^^^^^^^^^^^^^^^^^^^^^^
  File "/root/web_b2b/server_venv/lib/python3.12/site-packages/django/db/models/query.py", line 1270, in _insert
    return query.get_compiler(using=using).execute_sql(returning_fields)
           ^^^^^^^^^^^^^^^^^^^^^^^^^^^^^^^^^^^^^^^^^^^^^^^^^^^^^^^^^^^^^
  File "/root/web_b2b/server_venv/lib/python3.12/site-packages/django/db/models/sql/compiler.py", line 1416, in execute_sql
    cursor.execute(sql, params)
  File "/root/web_b2b/server_venv/lib/python3.12/site-packages/django/db/backends/utils.py", line 98, in execute
    return super().execute(sql, params)
           ^^^^^^^^^^^^^^^^^^^^^^^^^^^^
  File "/root/web_b2b/server_venv/lib/python3.12/site-packages/django/db/backends/utils.py", line 66, in execute
    return self._execute_with_wrappers(sql, params, many=False, executor=self._execute)
           ^^^^^^^^^^^^^^^^^^^^^^^^^^^^^^^^^^^^^^^^^^^^^^^^^^^^^^^^^^^^^^^^^^^^^^^^^^^^
  File "/root/web_b2b/server_venv/lib/python3.12/site-packages/django/db/backends/utils.py", line 75, in _execute_with_wrappers
    return executor(sql, params, many, context)
           ^^^^^^^^^^^^^^^^^^^^^^^^^^^^^^^^^^^^
  File "/root/web_b2b/server_venv/lib/python3.12/site-packages/django/db/backends/utils.py", line 79, in _execute
    with self.db.wrap_database_errors:
  File "/root/web_b2b/server_venv/lib/python3.12/site-packages/django/db/utils.py", line 90, in __exit__
    raise dj_exc_value.with_traceback(traceback) from exc_value
  File "/root/web_b2b/server_venv/lib/python3.12/site-packages/django/db/backends/utils.py", line 84, in _execute
    return self.cursor.execute(sql, params)
           ^^^^^^^^^^^^^^^^^^^^^^^^^^^^^^^^
  File "/root/web_b2b/server_venv/lib/python3.12/site-packages/django/db/backends/mysql/base.py", line 73, in execute
    return self.cursor.execute(query, args)
           ^^^^^^^^^^^^^^^^^^^^^^^^^^^^^^^^
  File "/root/web_b2b/server_venv/lib/python3.12/site-packages/pymysql/cursors.py", line 148, in execute
    result = self._query(query)
             ^^^^^^^^^^^^^^^^^^
  File "/root/web_b2b/server_venv/lib/python3.12/site-packages/pymysql/cursors.py", line 310, in _query
    conn.query(q)
  File "/root/web_b2b/server_venv/lib/python3.12/site-packages/pymysql/connections.py", line 548, in query
    self._affected_rows = self._read_query_result(unbuffered=unbuffered)
                          ^^^^^^^^^^^^^^^^^^^^^^^^^^^^^^^^^^^^^^^^^^^^^^
  File "/root/web_b2b/server_venv/lib/python3.12/site-packages/pymysql/connections.py", line 775, in _read_query_result
    result.read()
  File "/root/web_b2b/server_venv/lib/python3.12/site-packages/pymysql/connections.py", line 1156, in read
    first_packet = self.connection._read_packet()
                   ^^^^^^^^^^^^^^^^^^^^^^^^^^^^^^
  File "/root/web_b2b/server_venv/lib/python3.12/site-packages/pymysql/connections.py", line 725, in _read_packet
    packet.raise_for_error()
  File "/root/web_b2b/server_venv/lib/python3.12/site-packages/pymysql/protocol.py", line 221, in raise_for_error
    err.raise_mysql_exception(self._data)
  File "/root/web_b2b/server_venv/lib/python3.12/site-packages/pymysql/err.py", line 143, in raise_mysql_exception
    raise errorclass(errno, errval)
django.db.utils.ProgrammingError: (1146, "Table 'web_b2b.b_op_log' doesn't exist")
"GET /myapp/index/home/section HTTP/1.1" 500 229272
Watching for file changes with StatReloader
Internal Server Error: /myapp/index/home/section
Traceback (most recent call last):
  File "/root/web_b2b/server_venv/lib/python3.12/site-packages/django/db/backends/utils.py", line 84, in _execute
    return self.cursor.execute(sql, params)
           ^^^^^^^^^^^^^^^^^^^^^^^^^^^^^^^^
  File "/root/web_b2b/server_venv/lib/python3.12/site-packages/django/db/backends/mysql/base.py", line 73, in execute
    return self.cursor.execute(query, args)
           ^^^^^^^^^^^^^^^^^^^^^^^^^^^^^^^^
  File "/root/web_b2b/server_venv/lib/python3.12/site-packages/pymysql/cursors.py", line 148, in execute
    result = self._query(query)
             ^^^^^^^^^^^^^^^^^^
  File "/root/web_b2b/server_venv/lib/python3.12/site-packages/pymysql/cursors.py", line 310, in _query
    conn.query(q)
  File "/root/web_b2b/server_venv/lib/python3.12/site-packages/pymysql/connections.py", line 548, in query
    self._affected_rows = self._read_query_result(unbuffered=unbuffered)
                          ^^^^^^^^^^^^^^^^^^^^^^^^^^^^^^^^^^^^^^^^^^^^^^
  File "/root/web_b2b/server_venv/lib/python3.12/site-packages/pymysql/connections.py", line 775, in _read_query_result
    result.read()
  File "/root/web_b2b/server_venv/lib/python3.12/site-packages/pymysql/connections.py", line 1156, in read
    first_packet = self.connection._read_packet()
                   ^^^^^^^^^^^^^^^^^^^^^^^^^^^^^^
  File "/root/web_b2b/server_venv/lib/python3.12/site-packages/pymysql/connections.py", line 725, in _read_packet
    packet.raise_for_error()
  File "/root/web_b2b/server_venv/lib/python3.12/site-packages/pymysql/protocol.py", line 221, in raise_for_error
    err.raise_mysql_exception(self._data)
  File "/root/web_b2b/server_venv/lib/python3.12/site-packages/pymysql/err.py", line 143, in raise_mysql_exception
    raise errorclass(errno, errval)
pymysql.err.ProgrammingError: (1146, "Table 'web_b2b.b_basic_tdk' doesn't exist")

The above exception was the direct cause of the following exception:

Traceback (most recent call last):
  File "/root/web_b2b/server_venv/lib/python3.12/site-packages/django/core/handlers/exception.py", line 47, in inner
    response = get_response(request)
               ^^^^^^^^^^^^^^^^^^^^^
  File "/root/web_b2b/server_venv/lib/python3.12/site-packages/django/core/handlers/base.py", line 181, in _get_response
    response = wrapped_callback(request, *callback_args, **callback_kwargs)
               ^^^^^^^^^^^^^^^^^^^^^^^^^^^^^^^^^^^^^^^^^^^^^^^^^^^^^^^^^^^^
  File "/root/web_b2b/server_venv/lib/python3.12/site-packages/django/views/decorators/csrf.py", line 54, in wrapped_view
    return view_func(*args, **kwargs)
           ^^^^^^^^^^^^^^^^^^^^^^^^^^
  File "/root/web_b2b/server_venv/lib/python3.12/site-packages/django/views/generic/base.py", line 70, in view
    return self.dispatch(request, *args, **kwargs)
           ^^^^^^^^^^^^^^^^^^^^^^^^^^^^^^^^^^^^^^^
  File "/root/web_b2b/server_venv/lib/python3.12/site-packages/rest_framework/views.py", line 509, in dispatch
    response = self.handle_exception(exc)
               ^^^^^^^^^^^^^^^^^^^^^^^^^^
  File "/root/web_b2b/server_venv/lib/python3.12/site-packages/rest_framework/views.py", line 469, in handle_exception
    self.raise_uncaught_exception(exc)
  File "/root/web_b2b/server_venv/lib/python3.12/site-packages/rest_framework/views.py", line 480, in raise_uncaught_exception
    raise exc
  File "/root/web_b2b/server_venv/lib/python3.12/site-packages/rest_framework/views.py", line 506, in dispatch
    response = handler(request, *args, **kwargs)
               ^^^^^^^^^^^^^^^^^^^^^^^^^^^^^^^^^
  File "/root/web_b2b/server_venv/lib/python3.12/site-packages/rest_framework/decorators.py", line 41, in handler
    return func(*args, **kwargs)
           ^^^^^^^^^^^^^^^^^^^^^
  File "/root/web_b2b/server/myapp/views/index/home.py", line 28, in section
    basicTdk = BasicTdk.get_solo()
               ^^^^^^^^^^^^^^^^^^^
  File "/root/web_b2b/server/myapp/models.py", line 236, in get_solo
    return cls.objects.get()
           ^^^^^^^^^^^^^^^^^
  File "/root/web_b2b/server_venv/lib/python3.12/site-packages/django/db/models/manager.py", line 85, in manager_method
    return getattr(self.get_queryset(), name)(*args, **kwargs)
           ^^^^^^^^^^^^^^^^^^^^^^^^^^^^^^^^^^^^^^^^^^^^^^^^^^^
  File "/root/web_b2b/server_venv/lib/python3.12/site-packages/django/db/models/query.py", line 431, in get
    num = len(clone)
          ^^^^^^^^^^
  File "/root/web_b2b/server_venv/lib/python3.12/site-packages/django/db/models/query.py", line 262, in __len__
    self._fetch_all()
  File "/root/web_b2b/server_venv/lib/python3.12/site-packages/django/db/models/query.py", line 1324, in _fetch_all
    self._result_cache = list(self._iterable_class(self))
                         ^^^^^^^^^^^^^^^^^^^^^^^^^^^^^^^^
  File "/root/web_b2b/server_venv/lib/python3.12/site-packages/django/db/models/query.py", line 51, in __iter__
    results = compiler.execute_sql(chunked_fetch=self.chunked_fetch, chunk_size=self.chunk_size)
              ^^^^^^^^^^^^^^^^^^^^^^^^^^^^^^^^^^^^^^^^^^^^^^^^^^^^^^^^^^^^^^^^^^^^^^^^^^^^^^^^^^
  File "/root/web_b2b/server_venv/lib/python3.12/site-packages/django/db/models/sql/compiler.py", line 1175, in execute_sql
    cursor.execute(sql, params)
  File "/root/web_b2b/server_venv/lib/python3.12/site-packages/django/db/backends/utils.py", line 98, in execute
    return super().execute(sql, params)
           ^^^^^^^^^^^^^^^^^^^^^^^^^^^^
  File "/root/web_b2b/server_venv/lib/python3.12/site-packages/django/db/backends/utils.py", line 66, in execute
    return self._execute_with_wrappers(sql, params, many=False, executor=self._execute)
           ^^^^^^^^^^^^^^^^^^^^^^^^^^^^^^^^^^^^^^^^^^^^^^^^^^^^^^^^^^^^^^^^^^^^^^^^^^^^
  File "/root/web_b2b/server_venv/lib/python3.12/site-packages/django/db/backends/utils.py", line 75, in _execute_with_wrappers
    return executor(sql, params, many, context)
           ^^^^^^^^^^^^^^^^^^^^^^^^^^^^^^^^^^^^
  File "/root/web_b2b/server_venv/lib/python3.12/site-packages/django/db/backends/utils.py", line 79, in _execute
    with self.db.wrap_database_errors:
  File "/root/web_b2b/server_venv/lib/python3.12/site-packages/django/db/utils.py", line 90, in __exit__
    raise dj_exc_value.with_traceback(traceback) from exc_value
  File "/root/web_b2b/server_venv/lib/python3.12/site-packages/django/db/backends/utils.py", line 84, in _execute
    return self.cursor.execute(sql, params)
           ^^^^^^^^^^^^^^^^^^^^^^^^^^^^^^^^
  File "/root/web_b2b/server_venv/lib/python3.12/site-packages/django/db/backends/mysql/base.py", line 73, in execute
    return self.cursor.execute(query, args)
           ^^^^^^^^^^^^^^^^^^^^^^^^^^^^^^^^
  File "/root/web_b2b/server_venv/lib/python3.12/site-packages/pymysql/cursors.py", line 148, in execute
    result = self._query(query)
             ^^^^^^^^^^^^^^^^^^
  File "/root/web_b2b/server_venv/lib/python3.12/site-packages/pymysql/cursors.py", line 310, in _query
    conn.query(q)
  File "/root/web_b2b/server_venv/lib/python3.12/site-packages/pymysql/connections.py", line 548, in query
    self._affected_rows = self._read_query_result(unbuffered=unbuffered)
                          ^^^^^^^^^^^^^^^^^^^^^^^^^^^^^^^^^^^^^^^^^^^^^^
  File "/root/web_b2b/server_venv/lib/python3.12/site-packages/pymysql/connections.py", line 775, in _read_query_result
    result.read()
  File "/root/web_b2b/server_venv/lib/python3.12/site-packages/pymysql/connections.py", line 1156, in read
    first_packet = self.connection._read_packet()
                   ^^^^^^^^^^^^^^^^^^^^^^^^^^^^^^
  File "/root/web_b2b/server_venv/lib/python3.12/site-packages/pymysql/connections.py", line 725, in _read_packet
    packet.raise_for_error()
  File "/root/web_b2b/server_venv/lib/python3.12/site-packages/pymysql/protocol.py", line 221, in raise_for_error
    err.raise_mysql_exception(self._data)
  File "/root/web_b2b/server_venv/lib/python3.12/site-packages/pymysql/err.py", line 143, in raise_mysql_exception
    raise errorclass(errno, errval)
django.db.utils.ProgrammingError: (1146, "Table 'web_b2b.b_basic_tdk' doesn't exist")
Internal Server Error: /myapp/index/common/section
Traceback (most recent call last):
  File "/root/web_b2b/server_venv/lib/python3.12/site-packages/django/db/backends/utils.py", line 84, in _execute
    return self.cursor.execute(sql, params)
           ^^^^^^^^^^^^^^^^^^^^^^^^^^^^^^^^
  File "/root/web_b2b/server_venv/lib/python3.12/site-packages/django/db/backends/mysql/base.py", line 73, in execute
    return self.cursor.execute(query, args)
           ^^^^^^^^^^^^^^^^^^^^^^^^^^^^^^^^
  File "/root/web_b2b/server_venv/lib/python3.12/site-packages/pymysql/cursors.py", line 148, in execute
    result = self._query(query)
             ^^^^^^^^^^^^^^^^^^
  File "/root/web_b2b/server_venv/lib/python3.12/site-packages/pymysql/cursors.py", line 310, in _query
    conn.query(q)
  File "/root/web_b2b/server_venv/lib/python3.12/site-packages/pymysql/connections.py", line 548, in query
    self._affected_rows = self._read_query_result(unbuffered=unbuffered)
                          ^^^^^^^^^^^^^^^^^^^^^^^^^^^^^^^^^^^^^^^^^^^^^^
  File "/root/web_b2b/server_venv/lib/python3.12/site-packages/pymysql/connections.py", line 775, in _read_query_result
    result.read()
  File "/root/web_b2b/server_venv/lib/python3.12/site-packages/pymysql/connections.py", line 1156, in read
    first_packet = self.connection._read_packet()
                   ^^^^^^^^^^^^^^^^^^^^^^^^^^^^^^
  File "/root/web_b2b/server_venv/lib/python3.12/site-packages/pymysql/connections.py", line 725, in _read_packet
    packet.raise_for_error()
  File "/root/web_b2b/server_venv/lib/python3.12/site-packages/pymysql/protocol.py", line 221, in raise_for_error
    err.raise_mysql_exception(self._data)
  File "/root/web_b2b/server_venv/lib/python3.12/site-packages/pymysql/err.py", line 143, in raise_mysql_exception
    raise errorclass(errno, errval)
pymysql.err.ProgrammingError: (1146, "Table 'web_b2b.b_basic_site' doesn't exist")

The above exception was the direct cause of the following exception:

Traceback (most recent call last):
  File "/root/web_b2b/server_venv/lib/python3.12/site-packages/django/core/handlers/exception.py", line 47, in inner
    response = get_response(request)
               ^^^^^^^^^^^^^^^^^^^^^
  File "/root/web_b2b/server_venv/lib/python3.12/site-packages/django/core/handlers/base.py", line 181, in _get_response
    response = wrapped_callback(request, *callback_args, **callback_kwargs)
               ^^^^^^^^^^^^^^^^^^^^^^^^^^^^^^^^^^^^^^^^^^^^^^^^^^^^^^^^^^^^
  File "/root/web_b2b/server_venv/lib/python3.12/site-packages/django/views/decorators/csrf.py", line 54, in wrapped_view
    return view_func(*args, **kwargs)
           ^^^^^^^^^^^^^^^^^^^^^^^^^^
  File "/root/web_b2b/server_venv/lib/python3.12/site-packages/django/views/generic/base.py", line 70, in view
    return self.dispatch(request, *args, **kwargs)
           ^^^^^^^^^^^^^^^^^^^^^^^^^^^^^^^^^^^^^^^
  File "/root/web_b2b/server_venv/lib/python3.12/site-packages/rest_framework/views.py", line 509, in dispatch
    response = self.handle_exception(exc)
               ^^^^^^^^^^^^^^^^^^^^^^^^^^
  File "/root/web_b2b/server_venv/lib/python3.12/site-packages/rest_framework/views.py", line 469, in handle_exception
    self.raise_uncaught_exception(exc)
  File "/root/web_b2b/server_venv/lib/python3.12/site-packages/rest_framework/views.py", line 480, in raise_uncaught_exception
    raise exc
  File "/root/web_b2b/server_venv/lib/python3.12/site-packages/rest_framework/views.py", line 506, in dispatch
    response = handler(request, *args, **kwargs)
               ^^^^^^^^^^^^^^^^^^^^^^^^^^^^^^^^^
  File "/root/web_b2b/server_venv/lib/python3.12/site-packages/rest_framework/decorators.py", line 41, in handler
    return func(*args, **kwargs)
           ^^^^^^^^^^^^^^^^^^^^^
  File "/root/web_b2b/server/myapp/views/index/common.py", line 38, in section
    basicSite = BasicSite.get_solo()
                ^^^^^^^^^^^^^^^^^^^^
  File "/root/web_b2b/server/myapp/models.py", line 193, in get_solo
    return cls.objects.get()
           ^^^^^^^^^^^^^^^^^
  File "/root/web_b2b/server_venv/lib/python3.12/site-packages/django/db/models/manager.py", line 85, in manager_method
    return getattr(self.get_queryset(), name)(*args, **kwargs)
           ^^^^^^^^^^^^^^^^^^^^^^^^^^^^^^^^^^^^^^^^^^^^^^^^^^^
  File "/root/web_b2b/server_venv/lib/python3.12/site-packages/django/db/models/query.py", line 431, in get
    num = len(clone)
          ^^^^^^^^^^
  File "/root/web_b2b/server_venv/lib/python3.12/site-packages/django/db/models/query.py", line 262, in __len__
    self._fetch_all()
  File "/root/web_b2b/server_venv/lib/python3.12/site-packages/django/db/models/query.py", line 1324, in _fetch_all
    self._result_cache = list(self._iterable_class(self))
                         ^^^^^^^^^^^^^^^^^^^^^^^^^^^^^^^^
  File "/root/web_b2b/server_venv/lib/python3.12/site-packages/django/db/models/query.py", line 51, in __iter__
    results = compiler.execute_sql(chunked_fetch=self.chunked_fetch, chunk_size=self.chunk_size)
              ^^^^^^^^^^^^^^^^^^^^^^^^^^^^^^^^^^^^^^^^^^^^^^^^^^^^^^^^^^^^^^^^^^^^^^^^^^^^^^^^^^
  File "/root/web_b2b/server_venv/lib/python3.12/site-packages/django/db/models/sql/compiler.py", line 1175, in execute_sql
    cursor.execute(sql, params)
  File "/root/web_b2b/server_venv/lib/python3.12/site-packages/django/db/backends/utils.py", line 98, in execute
    return super().execute(sql, params)
           ^^^^^^^^^^^^^^^^^^^^^^^^^^^^
  File "/root/web_b2b/server_venv/lib/python3.12/site-packages/django/db/backends/utils.py", line 66, in execute
    return self._execute_with_wrappers(sql, params, many=False, executor=self._execute)
           ^^^^^^^^^^^^^^^^^^^^^^^^^^^^^^^^^^^^^^^^^^^^^^^^^^^^^^^^^^^^^^^^^^^^^^^^^^^^
  File "/root/web_b2b/server_venv/lib/python3.12/site-packages/django/db/backends/utils.py", line 75, in _execute_with_wrappers
    return executor(sql, params, many, context)
           ^^^^^^^^^^^^^^^^^^^^^^^^^^^^^^^^^^^^
  File "/root/web_b2b/server_venv/lib/python3.12/site-packages/django/db/backends/utils.py", line 79, in _execute
    with self.db.wrap_database_errors:
  File "/root/web_b2b/server_venv/lib/python3.12/site-packages/django/db/utils.py", line 90, in __exit__
    raise dj_exc_value.with_traceback(traceback) from exc_value
  File "/root/web_b2b/server_venv/lib/python3.12/site-packages/django/db/backends/utils.py", line 84, in _execute
    return self.cursor.execute(sql, params)
           ^^^^^^^^^^^^^^^^^^^^^^^^^^^^^^^^
  File "/root/web_b2b/server_venv/lib/python3.12/site-packages/django/db/backends/mysql/base.py", line 73, in execute
    return self.cursor.execute(query, args)
           ^^^^^^^^^^^^^^^^^^^^^^^^^^^^^^^^
  File "/root/web_b2b/server_venv/lib/python3.12/site-packages/pymysql/cursors.py", line 148, in execute
    result = self._query(query)
             ^^^^^^^^^^^^^^^^^^
  File "/root/web_b2b/server_venv/lib/python3.12/site-packages/pymysql/cursors.py", line 310, in _query
    conn.query(q)
  File "/root/web_b2b/server_venv/lib/python3.12/site-packages/pymysql/connections.py", line 548, in query
    self._affected_rows = self._read_query_result(unbuffered=unbuffered)
                          ^^^^^^^^^^^^^^^^^^^^^^^^^^^^^^^^^^^^^^^^^^^^^^
  File "/root/web_b2b/server_venv/lib/python3.12/site-packages/pymysql/connections.py", line 775, in _read_query_result
    result.read()
  File "/root/web_b2b/server_venv/lib/python3.12/site-packages/pymysql/connections.py", line 1156, in read
    first_packet = self.connection._read_packet()
                   ^^^^^^^^^^^^^^^^^^^^^^^^^^^^^^
  File "/root/web_b2b/server_venv/lib/python3.12/site-packages/pymysql/connections.py", line 725, in _read_packet
    packet.raise_for_error()
  File "/root/web_b2b/server_venv/lib/python3.12/site-packages/pymysql/protocol.py", line 221, in raise_for_error
    err.raise_mysql_exception(self._data)
  File "/root/web_b2b/server_venv/lib/python3.12/site-packages/pymysql/err.py", line 143, in raise_mysql_exception
    raise errorclass(errno, errval)
django.db.utils.ProgrammingError: (1146, "Table 'web_b2b.b_basic_site' doesn't exist")
Internal Server Error: /myapp/index/common/section
Traceback (most recent call last):
  File "/root/web_b2b/server_venv/lib/python3.12/site-packages/django/db/backends/utils.py", line 84, in _execute
    return self.cursor.execute(sql, params)
           ^^^^^^^^^^^^^^^^^^^^^^^^^^^^^^^^
  File "/root/web_b2b/server_venv/lib/python3.12/site-packages/django/db/backends/mysql/base.py", line 73, in execute
    return self.cursor.execute(query, args)
           ^^^^^^^^^^^^^^^^^^^^^^^^^^^^^^^^
  File "/root/web_b2b/server_venv/lib/python3.12/site-packages/pymysql/cursors.py", line 148, in execute
    result = self._query(query)
             ^^^^^^^^^^^^^^^^^^
  File "/root/web_b2b/server_venv/lib/python3.12/site-packages/pymysql/cursors.py", line 310, in _query
    conn.query(q)
  File "/root/web_b2b/server_venv/lib/python3.12/site-packages/pymysql/connections.py", line 548, in query
    self._affected_rows = self._read_query_result(unbuffered=unbuffered)
                          ^^^^^^^^^^^^^^^^^^^^^^^^^^^^^^^^^^^^^^^^^^^^^^
  File "/root/web_b2b/server_venv/lib/python3.12/site-packages/pymysql/connections.py", line 775, in _read_query_result
    result.read()
  File "/root/web_b2b/server_venv/lib/python3.12/site-packages/pymysql/connections.py", line 1156, in read
    first_packet = self.connection._read_packet()
                   ^^^^^^^^^^^^^^^^^^^^^^^^^^^^^^
  File "/root/web_b2b/server_venv/lib/python3.12/site-packages/pymysql/connections.py", line 725, in _read_packet
    packet.raise_for_error()
  File "/root/web_b2b/server_venv/lib/python3.12/site-packages/pymysql/protocol.py", line 221, in raise_for_error
    err.raise_mysql_exception(self._data)
  File "/root/web_b2b/server_venv/lib/python3.12/site-packages/pymysql/err.py", line 143, in raise_mysql_exception
    raise errorclass(errno, errval)
pymysql.err.ProgrammingError: (1146, "Table 'web_b2b.b_op_log' doesn't exist")

The above exception was the direct cause of the following exception:

Traceback (most recent call last):
  File "/root/web_b2b/server_venv/lib/python3.12/site-packages/django/core/handlers/exception.py", line 47, in inner
    response = get_response(request)
               ^^^^^^^^^^^^^^^^^^^^^
  File "/root/web_b2b/server_venv/lib/python3.12/site-packages/django/utils/deprecation.py", line 119, in __call__
    response = self.process_response(request, response)
               ^^^^^^^^^^^^^^^^^^^^^^^^^^^^^^^^^^^^^^^^
  File "/root/web_b2b/server/myapp/middlewares/LogMiddleware.py", line 52, in process_response
    serializer.save()
  File "/root/web_b2b/server_venv/lib/python3.12/site-packages/rest_framework/serializers.py", line 212, in save
    self.instance = self.create(validated_data)
                    ^^^^^^^^^^^^^^^^^^^^^^^^^^^
  File "/root/web_b2b/server_venv/lib/python3.12/site-packages/rest_framework/serializers.py", line 962, in create
    instance = ModelClass._default_manager.create(**validated_data)
               ^^^^^^^^^^^^^^^^^^^^^^^^^^^^^^^^^^^^^^^^^^^^^^^^^^^^
  File "/root/web_b2b/server_venv/lib/python3.12/site-packages/django/db/models/manager.py", line 85, in manager_method
    return getattr(self.get_queryset(), name)(*args, **kwargs)
           ^^^^^^^^^^^^^^^^^^^^^^^^^^^^^^^^^^^^^^^^^^^^^^^^^^^
  File "/root/web_b2b/server_venv/lib/python3.12/site-packages/django/db/models/query.py", line 453, in create
    obj.save(force_insert=True, using=self.db)
  File "/root/web_b2b/server_venv/lib/python3.12/site-packages/django/db/models/base.py", line 739, in save
    self.save_base(using=using, force_insert=force_insert,
  File "/root/web_b2b/server_venv/lib/python3.12/site-packages/django/db/models/base.py", line 776, in save_base
    updated = self._save_table(
              ^^^^^^^^^^^^^^^^^
  File "/root/web_b2b/server_venv/lib/python3.12/site-packages/django/db/models/base.py", line 881, in _save_table
    results = self._do_insert(cls._base_manager, using, fields, returning_fields, raw)
              ^^^^^^^^^^^^^^^^^^^^^^^^^^^^^^^^^^^^^^^^^^^^^^^^^^^^^^^^^^^^^^^^^^^^^^^^
  File "/root/web_b2b/server_venv/lib/python3.12/site-packages/django/db/models/base.py", line 919, in _do_insert
    return manager._insert(
           ^^^^^^^^^^^^^^^^
  File "/root/web_b2b/server_venv/lib/python3.12/site-packages/django/db/models/manager.py", line 85, in manager_method
    return getattr(self.get_queryset(), name)(*args, **kwargs)
           ^^^^^^^^^^^^^^^^^^^^^^^^^^^^^^^^^^^^^^^^^^^^^^^^^^^
  File "/root/web_b2b/server_venv/lib/python3.12/site-packages/django/db/models/query.py", line 1270, in _insert
    return query.get_compiler(using=using).execute_sql(returning_fields)
           ^^^^^^^^^^^^^^^^^^^^^^^^^^^^^^^^^^^^^^^^^^^^^^^^^^^^^^^^^^^^^
  File "/root/web_b2b/server_venv/lib/python3.12/site-packages/django/db/models/sql/compiler.py", line 1416, in execute_sql
    cursor.execute(sql, params)
  File "/root/web_b2b/server_venv/lib/python3.12/site-packages/django/db/backends/utils.py", line 98, in execute
    return super().execute(sql, params)
           ^^^^^^^^^^^^^^^^^^^^^^^^^^^^
  File "/root/web_b2b/server_venv/lib/python3.12/site-packages/django/db/backends/utils.py", line 66, in execute
    return self._execute_with_wrappers(sql, params, many=False, executor=self._execute)
           ^^^^^^^^^^^^^^^^^^^^^^^^^^^^^^^^^^^^^^^^^^^^^^^^^^^^^^^^^^^^^^^^^^^^^^^^^^^^
  File "/root/web_b2b/server_venv/lib/python3.12/site-packages/django/db/backends/utils.py", line 75, in _execute_with_wrappers
    return executor(sql, params, many, context)
           ^^^^^^^^^^^^^^^^^^^^^^^^^^^^^^^^^^^^
  File "/root/web_b2b/server_venv/lib/python3.12/site-packages/django/db/backends/utils.py", line 79, in _execute
    with self.db.wrap_database_errors:
  File "/root/web_b2b/server_venv/lib/python3.12/site-packages/django/db/utils.py", line 90, in __exit__
    raise dj_exc_value.with_traceback(traceback) from exc_value
  File "/root/web_b2b/server_venv/lib/python3.12/site-packages/django/db/backends/utils.py", line 84, in _execute
    return self.cursor.execute(sql, params)
           ^^^^^^^^^^^^^^^^^^^^^^^^^^^^^^^^
  File "/root/web_b2b/server_venv/lib/python3.12/site-packages/django/db/backends/mysql/base.py", line 73, in execute
    return self.cursor.execute(query, args)
           ^^^^^^^^^^^^^^^^^^^^^^^^^^^^^^^^
  File "/root/web_b2b/server_venv/lib/python3.12/site-packages/pymysql/cursors.py", line 148, in execute
    result = self._query(query)
             ^^^^^^^^^^^^^^^^^^
  File "/root/web_b2b/server_venv/lib/python3.12/site-packages/pymysql/cursors.py", line 310, in _query
    conn.query(q)
  File "/root/web_b2b/server_venv/lib/python3.12/site-packages/pymysql/connections.py", line 548, in query
    self._affected_rows = self._read_query_result(unbuffered=unbuffered)
                          ^^^^^^^^^^^^^^^^^^^^^^^^^^^^^^^^^^^^^^^^^^^^^^
  File "/root/web_b2b/server_venv/lib/python3.12/site-packages/pymysql/connections.py", line 775, in _read_query_result
    result.read()
  File "/root/web_b2b/server_venv/lib/python3.12/site-packages/pymysql/connections.py", line 1156, in read
    first_packet = self.connection._read_packet()
                   ^^^^^^^^^^^^^^^^^^^^^^^^^^^^^^
  File "/root/web_b2b/server_venv/lib/python3.12/site-packages/pymysql/connections.py", line 725, in _read_packet
    packet.raise_for_error()
  File "/root/web_b2b/server_venv/lib/python3.12/site-packages/pymysql/protocol.py", line 221, in raise_for_error
    err.raise_mysql_exception(self._data)
  File "/root/web_b2b/server_venv/lib/python3.12/site-packages/pymysql/err.py", line 143, in raise_mysql_exception
    raise errorclass(errno, errval)
django.db.utils.ProgrammingError: (1146, "Table 'web_b2b.b_op_log' doesn't exist")
Internal Server Error: /myapp/index/home/section
Traceback (most recent call last):
  File "/root/web_b2b/server_venv/lib/python3.12/site-packages/django/db/backends/utils.py", line 84, in _execute
    return self.cursor.execute(sql, params)
           ^^^^^^^^^^^^^^^^^^^^^^^^^^^^^^^^
  File "/root/web_b2b/server_venv/lib/python3.12/site-packages/django/db/backends/mysql/base.py", line 73, in execute
    return self.cursor.execute(query, args)
           ^^^^^^^^^^^^^^^^^^^^^^^^^^^^^^^^
  File "/root/web_b2b/server_venv/lib/python3.12/site-packages/pymysql/cursors.py", line 148, in execute
    result = self._query(query)
             ^^^^^^^^^^^^^^^^^^
  File "/root/web_b2b/server_venv/lib/python3.12/site-packages/pymysql/cursors.py", line 310, in _query
    conn.query(q)
  File "/root/web_b2b/server_venv/lib/python3.12/site-packages/pymysql/connections.py", line 548, in query
    self._affected_rows = self._read_query_result(unbuffered=unbuffered)
                          ^^^^^^^^^^^^^^^^^^^^^^^^^^^^^^^^^^^^^^^^^^^^^^
  File "/root/web_b2b/server_venv/lib/python3.12/site-packages/pymysql/connections.py", line 775, in _read_query_result
    result.read()
  File "/root/web_b2b/server_venv/lib/python3.12/site-packages/pymysql/connections.py", line 1156, in read
    first_packet = self.connection._read_packet()
                   ^^^^^^^^^^^^^^^^^^^^^^^^^^^^^^
  File "/root/web_b2b/server_venv/lib/python3.12/site-packages/pymysql/connections.py", line 725, in _read_packet
    packet.raise_for_error()
  File "/root/web_b2b/server_venv/lib/python3.12/site-packages/pymysql/protocol.py", line 221, in raise_for_error
    err.raise_mysql_exception(self._data)
  File "/root/web_b2b/server_venv/lib/python3.12/site-packages/pymysql/err.py", line 143, in raise_mysql_exception
    raise errorclass(errno, errval)
pymysql.err.ProgrammingError: (1146, "Table 'web_b2b.b_op_log' doesn't exist")

The above exception was the direct cause of the following exception:

Traceback (most recent call last):
  File "/root/web_b2b/server_venv/lib/python3.12/site-packages/django/core/handlers/exception.py", line 47, in inner
    response = get_response(request)
               ^^^^^^^^^^^^^^^^^^^^^
  File "/root/web_b2b/server_venv/lib/python3.12/site-packages/django/utils/deprecation.py", line 119, in __call__
    response = self.process_response(request, response)
               ^^^^^^^^^^^^^^^^^^^^^^^^^^^^^^^^^^^^^^^^
  File "/root/web_b2b/server/myapp/middlewares/LogMiddleware.py", line 52, in process_response
    serializer.save()
  File "/root/web_b2b/server_venv/lib/python3.12/site-packages/rest_framework/serializers.py", line 212, in save
    self.instance = self.create(validated_data)
                    ^^^^^^^^^^^^^^^^^^^^^^^^^^^
  File "/root/web_b2b/server_venv/lib/python3.12/site-packages/rest_framework/serializers.py", line 962, in create
    instance = ModelClass._default_manager.create(**validated_data)
               ^^^^^^^^^^^^^^^^^^^^^^^^^^^^^^^^^^^^^^^^^^^^^^^^^^^^
  File "/root/web_b2b/server_venv/lib/python3.12/site-packages/django/db/models/manager.py", line 85, in manager_method
    return getattr(self.get_queryset(), name)(*args, **kwargs)
           ^^^^^^^^^^^^^^^^^^^^^^^^^^^^^^^^^^^^^^^^^^^^^^^^^^^
  File "/root/web_b2b/server_venv/lib/python3.12/site-packages/django/db/models/query.py", line 453, in create
    obj.save(force_insert=True, using=self.db)
  File "/root/web_b2b/server_venv/lib/python3.12/site-packages/django/db/models/base.py", line 739, in save
    self.save_base(using=using, force_insert=force_insert,
  File "/root/web_b2b/server_venv/lib/python3.12/site-packages/django/db/models/base.py", line 776, in save_base
    updated = self._save_table(
              ^^^^^^^^^^^^^^^^^
  File "/root/web_b2b/server_venv/lib/python3.12/site-packages/django/db/models/base.py", line 881, in _save_table
    results = self._do_insert(cls._base_manager, using, fields, returning_fields, raw)
              ^^^^^^^^^^^^^^^^^^^^^^^^^^^^^^^^^^^^^^^^^^^^^^^^^^^^^^^^^^^^^^^^^^^^^^^^
  File "/root/web_b2b/server_venv/lib/python3.12/site-packages/django/db/models/base.py", line 919, in _do_insert
    return manager._insert(
           ^^^^^^^^^^^^^^^^
  File "/root/web_b2b/server_venv/lib/python3.12/site-packages/django/db/models/manager.py", line 85, in manager_method
    return getattr(self.get_queryset(), name)(*args, **kwargs)
           ^^^^^^^^^^^^^^^^^^^^^^^^^^^^^^^^^^^^^^^^^^^^^^^^^^^
  File "/root/web_b2b/server_venv/lib/python3.12/site-packages/django/db/models/query.py", line 1270, in _insert
    return query.get_compiler(using=using).execute_sql(returning_fields)
           ^^^^^^^^^^^^^^^^^^^^^^^^^^^^^^^^^^^^^^^^^^^^^^^^^^^^^^^^^^^^^
  File "/root/web_b2b/server_venv/lib/python3.12/site-packages/django/db/models/sql/compiler.py", line 1416, in execute_sql
    cursor.execute(sql, params)
  File "/root/web_b2b/server_venv/lib/python3.12/site-packages/django/db/backends/utils.py", line 98, in execute
    return super().execute(sql, params)
           ^^^^^^^^^^^^^^^^^^^^^^^^^^^^
  File "/root/web_b2b/server_venv/lib/python3.12/site-packages/django/db/backends/utils.py", line 66, in execute
    return self._execute_with_wrappers(sql, params, many=False, executor=self._execute)
           ^^^^^^^^^^^^^^^^^^^^^^^^^^^^^^^^^^^^^^^^^^^^^^^^^^^^^^^^^^^^^^^^^^^^^^^^^^^^
  File "/root/web_b2b/server_venv/lib/python3.12/site-packages/django/db/backends/utils.py", line 75, in _execute_with_wrappers
    return executor(sql, params, many, context)
           ^^^^^^^^^^^^^^^^^^^^^^^^^^^^^^^^^^^^
  File "/root/web_b2b/server_venv/lib/python3.12/site-packages/django/db/backends/utils.py", line 79, in _execute
    with self.db.wrap_database_errors:
  File "/root/web_b2b/server_venv/lib/python3.12/site-packages/django/db/utils.py", line 90, in __exit__
    raise dj_exc_value.with_traceback(traceback) from exc_value
  File "/root/web_b2b/server_venv/lib/python3.12/site-packages/django/db/backends/utils.py", line 84, in _execute
    return self.cursor.execute(sql, params)
           ^^^^^^^^^^^^^^^^^^^^^^^^^^^^^^^^
  File "/root/web_b2b/server_venv/lib/python3.12/site-packages/django/db/backends/mysql/base.py", line 73, in execute
    return self.cursor.execute(query, args)
           ^^^^^^^^^^^^^^^^^^^^^^^^^^^^^^^^
  File "/root/web_b2b/server_venv/lib/python3.12/site-packages/pymysql/cursors.py", line 148, in execute
    result = self._query(query)
             ^^^^^^^^^^^^^^^^^^
  File "/root/web_b2b/server_venv/lib/python3.12/site-packages/pymysql/cursors.py", line 310, in _query
    conn.query(q)
  File "/root/web_b2b/server_venv/lib/python3.12/site-packages/pymysql/connections.py", line 548, in query
    self._affected_rows = self._read_query_result(unbuffered=unbuffered)
                          ^^^^^^^^^^^^^^^^^^^^^^^^^^^^^^^^^^^^^^^^^^^^^^
  File "/root/web_b2b/server_venv/lib/python3.12/site-packages/pymysql/connections.py", line 775, in _read_query_result
    result.read()
  File "/root/web_b2b/server_venv/lib/python3.12/site-packages/pymysql/connections.py", line 1156, in read
    first_packet = self.connection._read_packet()
                   ^^^^^^^^^^^^^^^^^^^^^^^^^^^^^^
  File "/root/web_b2b/server_venv/lib/python3.12/site-packages/pymysql/connections.py", line 725, in _read_packet
    packet.raise_for_error()
  File "/root/web_b2b/server_venv/lib/python3.12/site-packages/pymysql/protocol.py", line 221, in raise_for_error
    err.raise_mysql_exception(self._data)
  File "/root/web_b2b/server_venv/lib/python3.12/site-packages/pymysql/err.py", line 143, in raise_mysql_exception
    raise errorclass(errno, errval)
django.db.utils.ProgrammingError: (1146, "Table 'web_b2b.b_op_log' doesn't exist")
"GET /myapp/index/common/section HTTP/1.1" 500 229164
"GET /myapp/index/home/section HTTP/1.1" 500 229245
Internal Server Error: /myapp/index/home/section
Traceback (most recent call last):
  File "/root/web_b2b/server_venv/lib/python3.12/site-packages/django/db/backends/utils.py", line 84, in _execute
    return self.cursor.execute(sql, params)
           ^^^^^^^^^^^^^^^^^^^^^^^^^^^^^^^^
  File "/root/web_b2b/server_venv/lib/python3.12/site-packages/django/db/backends/mysql/base.py", line 73, in execute
    return self.cursor.execute(query, args)
           ^^^^^^^^^^^^^^^^^^^^^^^^^^^^^^^^
  File "/root/web_b2b/server_venv/lib/python3.12/site-packages/pymysql/cursors.py", line 148, in execute
    result = self._query(query)
             ^^^^^^^^^^^^^^^^^^
  File "/root/web_b2b/server_venv/lib/python3.12/site-packages/pymysql/cursors.py", line 310, in _query
    conn.query(q)
  File "/root/web_b2b/server_venv/lib/python3.12/site-packages/pymysql/connections.py", line 548, in query
    self._affected_rows = self._read_query_result(unbuffered=unbuffered)
                          ^^^^^^^^^^^^^^^^^^^^^^^^^^^^^^^^^^^^^^^^^^^^^^
  File "/root/web_b2b/server_venv/lib/python3.12/site-packages/pymysql/connections.py", line 775, in _read_query_result
    result.read()
  File "/root/web_b2b/server_venv/lib/python3.12/site-packages/pymysql/connections.py", line 1156, in read
    first_packet = self.connection._read_packet()
                   ^^^^^^^^^^^^^^^^^^^^^^^^^^^^^^
  File "/root/web_b2b/server_venv/lib/python3.12/site-packages/pymysql/connections.py", line 725, in _read_packet
    packet.raise_for_error()
  File "/root/web_b2b/server_venv/lib/python3.12/site-packages/pymysql/protocol.py", line 221, in raise_for_error
    err.raise_mysql_exception(self._data)
  File "/root/web_b2b/server_venv/lib/python3.12/site-packages/pymysql/err.py", line 143, in raise_mysql_exception
    raise errorclass(errno, errval)
pymysql.err.ProgrammingError: (1146, "Table 'web_b2b.b_basic_tdk' doesn't exist")

The above exception was the direct cause of the following exception:

Traceback (most recent call last):
  File "/root/web_b2b/server_venv/lib/python3.12/site-packages/django/core/handlers/exception.py", line 47, in inner
    response = get_response(request)
               ^^^^^^^^^^^^^^^^^^^^^
  File "/root/web_b2b/server_venv/lib/python3.12/site-packages/django/core/handlers/base.py", line 181, in _get_response
    response = wrapped_callback(request, *callback_args, **callback_kwargs)
               ^^^^^^^^^^^^^^^^^^^^^^^^^^^^^^^^^^^^^^^^^^^^^^^^^^^^^^^^^^^^
  File "/root/web_b2b/server_venv/lib/python3.12/site-packages/django/views/decorators/csrf.py", line 54, in wrapped_view
    return view_func(*args, **kwargs)
           ^^^^^^^^^^^^^^^^^^^^^^^^^^
  File "/root/web_b2b/server_venv/lib/python3.12/site-packages/django/views/generic/base.py", line 70, in view
    return self.dispatch(request, *args, **kwargs)
           ^^^^^^^^^^^^^^^^^^^^^^^^^^^^^^^^^^^^^^^
  File "/root/web_b2b/server_venv/lib/python3.12/site-packages/rest_framework/views.py", line 509, in dispatch
    response = self.handle_exception(exc)
               ^^^^^^^^^^^^^^^^^^^^^^^^^^
  File "/root/web_b2b/server_venv/lib/python3.12/site-packages/rest_framework/views.py", line 469, in handle_exception
    self.raise_uncaught_exception(exc)
  File "/root/web_b2b/server_venv/lib/python3.12/site-packages/rest_framework/views.py", line 480, in raise_uncaught_exception
    raise exc
  File "/root/web_b2b/server_venv/lib/python3.12/site-packages/rest_framework/views.py", line 506, in dispatch
    response = handler(request, *args, **kwargs)
               ^^^^^^^^^^^^^^^^^^^^^^^^^^^^^^^^^
  File "/root/web_b2b/server_venv/lib/python3.12/site-packages/rest_framework/decorators.py", line 41, in handler
    return func(*args, **kwargs)
           ^^^^^^^^^^^^^^^^^^^^^
  File "/root/web_b2b/server/myapp/views/index/home.py", line 28, in section
    basicTdk = BasicTdk.get_solo()
               ^^^^^^^^^^^^^^^^^^^
  File "/root/web_b2b/server/myapp/models.py", line 236, in get_solo
    return cls.objects.get()
           ^^^^^^^^^^^^^^^^^
  File "/root/web_b2b/server_venv/lib/python3.12/site-packages/django/db/models/manager.py", line 85, in manager_method
    return getattr(self.get_queryset(), name)(*args, **kwargs)
           ^^^^^^^^^^^^^^^^^^^^^^^^^^^^^^^^^^^^^^^^^^^^^^^^^^^
  File "/root/web_b2b/server_venv/lib/python3.12/site-packages/django/db/models/query.py", line 431, in get
    num = len(clone)
          ^^^^^^^^^^
  File "/root/web_b2b/server_venv/lib/python3.12/site-packages/django/db/models/query.py", line 262, in __len__
    self._fetch_all()
  File "/root/web_b2b/server_venv/lib/python3.12/site-packages/django/db/models/query.py", line 1324, in _fetch_all
    self._result_cache = list(self._iterable_class(self))
                         ^^^^^^^^^^^^^^^^^^^^^^^^^^^^^^^^
  File "/root/web_b2b/server_venv/lib/python3.12/site-packages/django/db/models/query.py", line 51, in __iter__
    results = compiler.execute_sql(chunked_fetch=self.chunked_fetch, chunk_size=self.chunk_size)
              ^^^^^^^^^^^^^^^^^^^^^^^^^^^^^^^^^^^^^^^^^^^^^^^^^^^^^^^^^^^^^^^^^^^^^^^^^^^^^^^^^^
  File "/root/web_b2b/server_venv/lib/python3.12/site-packages/django/db/models/sql/compiler.py", line 1175, in execute_sql
    cursor.execute(sql, params)
  File "/root/web_b2b/server_venv/lib/python3.12/site-packages/django/db/backends/utils.py", line 98, in execute
    return super().execute(sql, params)
           ^^^^^^^^^^^^^^^^^^^^^^^^^^^^
  File "/root/web_b2b/server_venv/lib/python3.12/site-packages/django/db/backends/utils.py", line 66, in execute
    return self._execute_with_wrappers(sql, params, many=False, executor=self._execute)
           ^^^^^^^^^^^^^^^^^^^^^^^^^^^^^^^^^^^^^^^^^^^^^^^^^^^^^^^^^^^^^^^^^^^^^^^^^^^^
  File "/root/web_b2b/server_venv/lib/python3.12/site-packages/django/db/backends/utils.py", line 75, in _execute_with_wrappers
    return executor(sql, params, many, context)
           ^^^^^^^^^^^^^^^^^^^^^^^^^^^^^^^^^^^^
  File "/root/web_b2b/server_venv/lib/python3.12/site-packages/django/db/backends/utils.py", line 79, in _execute
    with self.db.wrap_database_errors:
  File "/root/web_b2b/server_venv/lib/python3.12/site-packages/django/db/utils.py", line 90, in __exit__
    raise dj_exc_value.with_traceback(traceback) from exc_value
  File "/root/web_b2b/server_venv/lib/python3.12/site-packages/django/db/backends/utils.py", line 84, in _execute
    return self.cursor.execute(sql, params)
           ^^^^^^^^^^^^^^^^^^^^^^^^^^^^^^^^
  File "/root/web_b2b/server_venv/lib/python3.12/site-packages/django/db/backends/mysql/base.py", line 73, in execute
    return self.cursor.execute(query, args)
           ^^^^^^^^^^^^^^^^^^^^^^^^^^^^^^^^
  File "/root/web_b2b/server_venv/lib/python3.12/site-packages/pymysql/cursors.py", line 148, in execute
    result = self._query(query)
             ^^^^^^^^^^^^^^^^^^
  File "/root/web_b2b/server_venv/lib/python3.12/site-packages/pymysql/cursors.py", line 310, in _query
    conn.query(q)
  File "/root/web_b2b/server_venv/lib/python3.12/site-packages/pymysql/connections.py", line 548, in query
    self._affected_rows = self._read_query_result(unbuffered=unbuffered)
                          ^^^^^^^^^^^^^^^^^^^^^^^^^^^^^^^^^^^^^^^^^^^^^^
  File "/root/web_b2b/server_venv/lib/python3.12/site-packages/pymysql/connections.py", line 775, in _read_query_result
    result.read()
  File "/root/web_b2b/server_venv/lib/python3.12/site-packages/pymysql/connections.py", line 1156, in read
    first_packet = self.connection._read_packet()
                   ^^^^^^^^^^^^^^^^^^^^^^^^^^^^^^
  File "/root/web_b2b/server_venv/lib/python3.12/site-packages/pymysql/connections.py", line 725, in _read_packet
    packet.raise_for_error()
  File "/root/web_b2b/server_venv/lib/python3.12/site-packages/pymysql/protocol.py", line 221, in raise_for_error
    err.raise_mysql_exception(self._data)
  File "/root/web_b2b/server_venv/lib/python3.12/site-packages/pymysql/err.py", line 143, in raise_mysql_exception
    raise errorclass(errno, errval)
django.db.utils.ProgrammingError: (1146, "Table 'web_b2b.b_basic_tdk' doesn't exist")
Internal Server Error: /myapp/index/home/section
Traceback (most recent call last):
  File "/root/web_b2b/server_venv/lib/python3.12/site-packages/django/db/backends/utils.py", line 84, in _execute
    return self.cursor.execute(sql, params)
           ^^^^^^^^^^^^^^^^^^^^^^^^^^^^^^^^
  File "/root/web_b2b/server_venv/lib/python3.12/site-packages/django/db/backends/mysql/base.py", line 73, in execute
    return self.cursor.execute(query, args)
           ^^^^^^^^^^^^^^^^^^^^^^^^^^^^^^^^
  File "/root/web_b2b/server_venv/lib/python3.12/site-packages/pymysql/cursors.py", line 148, in execute
    result = self._query(query)
             ^^^^^^^^^^^^^^^^^^
  File "/root/web_b2b/server_venv/lib/python3.12/site-packages/pymysql/cursors.py", line 310, in _query
    conn.query(q)
  File "/root/web_b2b/server_venv/lib/python3.12/site-packages/pymysql/connections.py", line 548, in query
    self._affected_rows = self._read_query_result(unbuffered=unbuffered)
                          ^^^^^^^^^^^^^^^^^^^^^^^^^^^^^^^^^^^^^^^^^^^^^^
  File "/root/web_b2b/server_venv/lib/python3.12/site-packages/pymysql/connections.py", line 775, in _read_query_result
    result.read()
  File "/root/web_b2b/server_venv/lib/python3.12/site-packages/pymysql/connections.py", line 1156, in read
    first_packet = self.connection._read_packet()
                   ^^^^^^^^^^^^^^^^^^^^^^^^^^^^^^
  File "/root/web_b2b/server_venv/lib/python3.12/site-packages/pymysql/connections.py", line 725, in _read_packet
    packet.raise_for_error()
  File "/root/web_b2b/server_venv/lib/python3.12/site-packages/pymysql/protocol.py", line 221, in raise_for_error
    err.raise_mysql_exception(self._data)
  File "/root/web_b2b/server_venv/lib/python3.12/site-packages/pymysql/err.py", line 143, in raise_mysql_exception
    raise errorclass(errno, errval)
pymysql.err.ProgrammingError: (1146, "Table 'web_b2b.b_op_log' doesn't exist")

The above exception was the direct cause of the following exception:

Traceback (most recent call last):
  File "/root/web_b2b/server_venv/lib/python3.12/site-packages/django/core/handlers/exception.py", line 47, in inner
    response = get_response(request)
               ^^^^^^^^^^^^^^^^^^^^^
  File "/root/web_b2b/server_venv/lib/python3.12/site-packages/django/utils/deprecation.py", line 119, in __call__
    response = self.process_response(request, response)
               ^^^^^^^^^^^^^^^^^^^^^^^^^^^^^^^^^^^^^^^^
  File "/root/web_b2b/server/myapp/middlewares/LogMiddleware.py", line 52, in process_response
    serializer.save()
  File "/root/web_b2b/server_venv/lib/python3.12/site-packages/rest_framework/serializers.py", line 212, in save
    self.instance = self.create(validated_data)
                    ^^^^^^^^^^^^^^^^^^^^^^^^^^^
  File "/root/web_b2b/server_venv/lib/python3.12/site-packages/rest_framework/serializers.py", line 962, in create
    instance = ModelClass._default_manager.create(**validated_data)
               ^^^^^^^^^^^^^^^^^^^^^^^^^^^^^^^^^^^^^^^^^^^^^^^^^^^^
  File "/root/web_b2b/server_venv/lib/python3.12/site-packages/django/db/models/manager.py", line 85, in manager_method
    return getattr(self.get_queryset(), name)(*args, **kwargs)
           ^^^^^^^^^^^^^^^^^^^^^^^^^^^^^^^^^^^^^^^^^^^^^^^^^^^
  File "/root/web_b2b/server_venv/lib/python3.12/site-packages/django/db/models/query.py", line 453, in create
    obj.save(force_insert=True, using=self.db)
  File "/root/web_b2b/server_venv/lib/python3.12/site-packages/django/db/models/base.py", line 739, in save
    self.save_base(using=using, force_insert=force_insert,
  File "/root/web_b2b/server_venv/lib/python3.12/site-packages/django/db/models/base.py", line 776, in save_base
    updated = self._save_table(
              ^^^^^^^^^^^^^^^^^
  File "/root/web_b2b/server_venv/lib/python3.12/site-packages/django/db/models/base.py", line 881, in _save_table
    results = self._do_insert(cls._base_manager, using, fields, returning_fields, raw)
              ^^^^^^^^^^^^^^^^^^^^^^^^^^^^^^^^^^^^^^^^^^^^^^^^^^^^^^^^^^^^^^^^^^^^^^^^
  File "/root/web_b2b/server_venv/lib/python3.12/site-packages/django/db/models/base.py", line 919, in _do_insert
    return manager._insert(
           ^^^^^^^^^^^^^^^^
  File "/root/web_b2b/server_venv/lib/python3.12/site-packages/django/db/models/manager.py", line 85, in manager_method
    return getattr(self.get_queryset(), name)(*args, **kwargs)
           ^^^^^^^^^^^^^^^^^^^^^^^^^^^^^^^^^^^^^^^^^^^^^^^^^^^
  File "/root/web_b2b/server_venv/lib/python3.12/site-packages/django/db/models/query.py", line 1270, in _insert
    return query.get_compiler(using=using).execute_sql(returning_fields)
           ^^^^^^^^^^^^^^^^^^^^^^^^^^^^^^^^^^^^^^^^^^^^^^^^^^^^^^^^^^^^^
  File "/root/web_b2b/server_venv/lib/python3.12/site-packages/django/db/models/sql/compiler.py", line 1416, in execute_sql
    cursor.execute(sql, params)
  File "/root/web_b2b/server_venv/lib/python3.12/site-packages/django/db/backends/utils.py", line 98, in execute
    return super().execute(sql, params)
           ^^^^^^^^^^^^^^^^^^^^^^^^^^^^
  File "/root/web_b2b/server_venv/lib/python3.12/site-packages/django/db/backends/utils.py", line 66, in execute
    return self._execute_with_wrappers(sql, params, many=False, executor=self._execute)
           ^^^^^^^^^^^^^^^^^^^^^^^^^^^^^^^^^^^^^^^^^^^^^^^^^^^^^^^^^^^^^^^^^^^^^^^^^^^^
  File "/root/web_b2b/server_venv/lib/python3.12/site-packages/django/db/backends/utils.py", line 75, in _execute_with_wrappers
    return executor(sql, params, many, context)
           ^^^^^^^^^^^^^^^^^^^^^^^^^^^^^^^^^^^^
  File "/root/web_b2b/server_venv/lib/python3.12/site-packages/django/db/backends/utils.py", line 79, in _execute
    with self.db.wrap_database_errors:
  File "/root/web_b2b/server_venv/lib/python3.12/site-packages/django/db/utils.py", line 90, in __exit__
    raise dj_exc_value.with_traceback(traceback) from exc_value
  File "/root/web_b2b/server_venv/lib/python3.12/site-packages/django/db/backends/utils.py", line 84, in _execute
    return self.cursor.execute(sql, params)
           ^^^^^^^^^^^^^^^^^^^^^^^^^^^^^^^^
  File "/root/web_b2b/server_venv/lib/python3.12/site-packages/django/db/backends/mysql/base.py", line 73, in execute
    return self.cursor.execute(query, args)
           ^^^^^^^^^^^^^^^^^^^^^^^^^^^^^^^^
  File "/root/web_b2b/server_venv/lib/python3.12/site-packages/pymysql/cursors.py", line 148, in execute
    result = self._query(query)
             ^^^^^^^^^^^^^^^^^^
  File "/root/web_b2b/server_venv/lib/python3.12/site-packages/pymysql/cursors.py", line 310, in _query
    conn.query(q)
  File "/root/web_b2b/server_venv/lib/python3.12/site-packages/pymysql/connections.py", line 548, in query
    self._affected_rows = self._read_query_result(unbuffered=unbuffered)
                          ^^^^^^^^^^^^^^^^^^^^^^^^^^^^^^^^^^^^^^^^^^^^^^
  File "/root/web_b2b/server_venv/lib/python3.12/site-packages/pymysql/connections.py", line 775, in _read_query_result
    result.read()
  File "/root/web_b2b/server_venv/lib/python3.12/site-packages/pymysql/connections.py", line 1156, in read
    first_packet = self.connection._read_packet()
                   ^^^^^^^^^^^^^^^^^^^^^^^^^^^^^^
  File "/root/web_b2b/server_venv/lib/python3.12/site-packages/pymysql/connections.py", line 725, in _read_packet
    packet.raise_for_error()
  File "/root/web_b2b/server_venv/lib/python3.12/site-packages/pymysql/protocol.py", line 221, in raise_for_error
    err.raise_mysql_exception(self._data)
  File "/root/web_b2b/server_venv/lib/python3.12/site-packages/pymysql/err.py", line 143, in raise_mysql_exception
    raise errorclass(errno, errval)
django.db.utils.ProgrammingError: (1146, "Table 'web_b2b.b_op_log' doesn't exist")
"GET /myapp/index/home/section HTTP/1.1" 500 229312
Internal Server Error: /myapp/index/common/section
Traceback (most recent call last):
  File "/root/web_b2b/server_venv/lib/python3.12/site-packages/django/db/backends/utils.py", line 84, in _execute
    return self.cursor.execute(sql, params)
           ^^^^^^^^^^^^^^^^^^^^^^^^^^^^^^^^
  File "/root/web_b2b/server_venv/lib/python3.12/site-packages/django/db/backends/mysql/base.py", line 73, in execute
    return self.cursor.execute(query, args)
           ^^^^^^^^^^^^^^^^^^^^^^^^^^^^^^^^
  File "/root/web_b2b/server_venv/lib/python3.12/site-packages/pymysql/cursors.py", line 148, in execute
    result = self._query(query)
             ^^^^^^^^^^^^^^^^^^
  File "/root/web_b2b/server_venv/lib/python3.12/site-packages/pymysql/cursors.py", line 310, in _query
    conn.query(q)
  File "/root/web_b2b/server_venv/lib/python3.12/site-packages/pymysql/connections.py", line 548, in query
    self._affected_rows = self._read_query_result(unbuffered=unbuffered)
                          ^^^^^^^^^^^^^^^^^^^^^^^^^^^^^^^^^^^^^^^^^^^^^^
  File "/root/web_b2b/server_venv/lib/python3.12/site-packages/pymysql/connections.py", line 775, in _read_query_result
    result.read()
  File "/root/web_b2b/server_venv/lib/python3.12/site-packages/pymysql/connections.py", line 1156, in read
    first_packet = self.connection._read_packet()
                   ^^^^^^^^^^^^^^^^^^^^^^^^^^^^^^
  File "/root/web_b2b/server_venv/lib/python3.12/site-packages/pymysql/connections.py", line 725, in _read_packet
    packet.raise_for_error()
  File "/root/web_b2b/server_venv/lib/python3.12/site-packages/pymysql/protocol.py", line 221, in raise_for_error
    err.raise_mysql_exception(self._data)
  File "/root/web_b2b/server_venv/lib/python3.12/site-packages/pymysql/err.py", line 143, in raise_mysql_exception
    raise errorclass(errno, errval)
pymysql.err.ProgrammingError: (1146, "Table 'web_b2b.b_basic_site' doesn't exist")

The above exception was the direct cause of the following exception:

Traceback (most recent call last):
  File "/root/web_b2b/server_venv/lib/python3.12/site-packages/django/core/handlers/exception.py", line 47, in inner
    response = get_response(request)
               ^^^^^^^^^^^^^^^^^^^^^
  File "/root/web_b2b/server_venv/lib/python3.12/site-packages/django/core/handlers/base.py", line 181, in _get_response
    response = wrapped_callback(request, *callback_args, **callback_kwargs)
               ^^^^^^^^^^^^^^^^^^^^^^^^^^^^^^^^^^^^^^^^^^^^^^^^^^^^^^^^^^^^
  File "/root/web_b2b/server_venv/lib/python3.12/site-packages/django/views/decorators/csrf.py", line 54, in wrapped_view
    return view_func(*args, **kwargs)
           ^^^^^^^^^^^^^^^^^^^^^^^^^^
  File "/root/web_b2b/server_venv/lib/python3.12/site-packages/django/views/generic/base.py", line 70, in view
    return self.dispatch(request, *args, **kwargs)
           ^^^^^^^^^^^^^^^^^^^^^^^^^^^^^^^^^^^^^^^
  File "/root/web_b2b/server_venv/lib/python3.12/site-packages/rest_framework/views.py", line 509, in dispatch
    response = self.handle_exception(exc)
               ^^^^^^^^^^^^^^^^^^^^^^^^^^
  File "/root/web_b2b/server_venv/lib/python3.12/site-packages/rest_framework/views.py", line 469, in handle_exception
    self.raise_uncaught_exception(exc)
  File "/root/web_b2b/server_venv/lib/python3.12/site-packages/rest_framework/views.py", line 480, in raise_uncaught_exception
    raise exc
  File "/root/web_b2b/server_venv/lib/python3.12/site-packages/rest_framework/views.py", line 506, in dispatch
    response = handler(request, *args, **kwargs)
               ^^^^^^^^^^^^^^^^^^^^^^^^^^^^^^^^^
  File "/root/web_b2b/server_venv/lib/python3.12/site-packages/rest_framework/decorators.py", line 41, in handler
    return func(*args, **kwargs)
           ^^^^^^^^^^^^^^^^^^^^^
  File "/root/web_b2b/server/myapp/views/index/common.py", line 38, in section
    basicSite = BasicSite.get_solo()
                ^^^^^^^^^^^^^^^^^^^^
  File "/root/web_b2b/server/myapp/models.py", line 193, in get_solo
    return cls.objects.get()
           ^^^^^^^^^^^^^^^^^
  File "/root/web_b2b/server_venv/lib/python3.12/site-packages/django/db/models/manager.py", line 85, in manager_method
    return getattr(self.get_queryset(), name)(*args, **kwargs)
           ^^^^^^^^^^^^^^^^^^^^^^^^^^^^^^^^^^^^^^^^^^^^^^^^^^^
  File "/root/web_b2b/server_venv/lib/python3.12/site-packages/django/db/models/query.py", line 431, in get
    num = len(clone)
          ^^^^^^^^^^
  File "/root/web_b2b/server_venv/lib/python3.12/site-packages/django/db/models/query.py", line 262, in __len__
    self._fetch_all()
  File "/root/web_b2b/server_venv/lib/python3.12/site-packages/django/db/models/query.py", line 1324, in _fetch_all
    self._result_cache = list(self._iterable_class(self))
                         ^^^^^^^^^^^^^^^^^^^^^^^^^^^^^^^^
  File "/root/web_b2b/server_venv/lib/python3.12/site-packages/django/db/models/query.py", line 51, in __iter__
    results = compiler.execute_sql(chunked_fetch=self.chunked_fetch, chunk_size=self.chunk_size)
              ^^^^^^^^^^^^^^^^^^^^^^^^^^^^^^^^^^^^^^^^^^^^^^^^^^^^^^^^^^^^^^^^^^^^^^^^^^^^^^^^^^
  File "/root/web_b2b/server_venv/lib/python3.12/site-packages/django/db/models/sql/compiler.py", line 1175, in execute_sql
    cursor.execute(sql, params)
  File "/root/web_b2b/server_venv/lib/python3.12/site-packages/django/db/backends/utils.py", line 98, in execute
    return super().execute(sql, params)
           ^^^^^^^^^^^^^^^^^^^^^^^^^^^^
  File "/root/web_b2b/server_venv/lib/python3.12/site-packages/django/db/backends/utils.py", line 66, in execute
    return self._execute_with_wrappers(sql, params, many=False, executor=self._execute)
           ^^^^^^^^^^^^^^^^^^^^^^^^^^^^^^^^^^^^^^^^^^^^^^^^^^^^^^^^^^^^^^^^^^^^^^^^^^^^
  File "/root/web_b2b/server_venv/lib/python3.12/site-packages/django/db/backends/utils.py", line 75, in _execute_with_wrappers
    return executor(sql, params, many, context)
           ^^^^^^^^^^^^^^^^^^^^^^^^^^^^^^^^^^^^
  File "/root/web_b2b/server_venv/lib/python3.12/site-packages/django/db/backends/utils.py", line 79, in _execute
    with self.db.wrap_database_errors:
  File "/root/web_b2b/server_venv/lib/python3.12/site-packages/django/db/utils.py", line 90, in __exit__
    raise dj_exc_value.with_traceback(traceback) from exc_value
  File "/root/web_b2b/server_venv/lib/python3.12/site-packages/django/db/backends/utils.py", line 84, in _execute
    return self.cursor.execute(sql, params)
           ^^^^^^^^^^^^^^^^^^^^^^^^^^^^^^^^
  File "/root/web_b2b/server_venv/lib/python3.12/site-packages/django/db/backends/mysql/base.py", line 73, in execute
    return self.cursor.execute(query, args)
           ^^^^^^^^^^^^^^^^^^^^^^^^^^^^^^^^
  File "/root/web_b2b/server_venv/lib/python3.12/site-packages/pymysql/cursors.py", line 148, in execute
    result = self._query(query)
             ^^^^^^^^^^^^^^^^^^
  File "/root/web_b2b/server_venv/lib/python3.12/site-packages/pymysql/cursors.py", line 310, in _query
    conn.query(q)
  File "/root/web_b2b/server_venv/lib/python3.12/site-packages/pymysql/connections.py", line 548, in query
    self._affected_rows = self._read_query_result(unbuffered=unbuffered)
                          ^^^^^^^^^^^^^^^^^^^^^^^^^^^^^^^^^^^^^^^^^^^^^^
  File "/root/web_b2b/server_venv/lib/python3.12/site-packages/pymysql/connections.py", line 775, in _read_query_result
    result.read()
  File "/root/web_b2b/server_venv/lib/python3.12/site-packages/pymysql/connections.py", line 1156, in read
    first_packet = self.connection._read_packet()
                   ^^^^^^^^^^^^^^^^^^^^^^^^^^^^^^
  File "/root/web_b2b/server_venv/lib/python3.12/site-packages/pymysql/connections.py", line 725, in _read_packet
    packet.raise_for_error()
  File "/root/web_b2b/server_venv/lib/python3.12/site-packages/pymysql/protocol.py", line 221, in raise_for_error
    err.raise_mysql_exception(self._data)
  File "/root/web_b2b/server_venv/lib/python3.12/site-packages/pymysql/err.py", line 143, in raise_mysql_exception
    raise errorclass(errno, errval)
django.db.utils.ProgrammingError: (1146, "Table 'web_b2b.b_basic_site' doesn't exist")
Internal Server Error: /myapp/index/home/section
Traceback (most recent call last):
  File "/root/web_b2b/server_venv/lib/python3.12/site-packages/django/db/backends/utils.py", line 84, in _execute
    return self.cursor.execute(sql, params)
           ^^^^^^^^^^^^^^^^^^^^^^^^^^^^^^^^
  File "/root/web_b2b/server_venv/lib/python3.12/site-packages/django/db/backends/mysql/base.py", line 73, in execute
    return self.cursor.execute(query, args)
           ^^^^^^^^^^^^^^^^^^^^^^^^^^^^^^^^
  File "/root/web_b2b/server_venv/lib/python3.12/site-packages/pymysql/cursors.py", line 148, in execute
    result = self._query(query)
             ^^^^^^^^^^^^^^^^^^
  File "/root/web_b2b/server_venv/lib/python3.12/site-packages/pymysql/cursors.py", line 310, in _query
    conn.query(q)
  File "/root/web_b2b/server_venv/lib/python3.12/site-packages/pymysql/connections.py", line 548, in query
    self._affected_rows = self._read_query_result(unbuffered=unbuffered)
                          ^^^^^^^^^^^^^^^^^^^^^^^^^^^^^^^^^^^^^^^^^^^^^^
  File "/root/web_b2b/server_venv/lib/python3.12/site-packages/pymysql/connections.py", line 775, in _read_query_result
    result.read()
  File "/root/web_b2b/server_venv/lib/python3.12/site-packages/pymysql/connections.py", line 1156, in read
    first_packet = self.connection._read_packet()
                   ^^^^^^^^^^^^^^^^^^^^^^^^^^^^^^
  File "/root/web_b2b/server_venv/lib/python3.12/site-packages/pymysql/connections.py", line 725, in _read_packet
    packet.raise_for_error()
  File "/root/web_b2b/server_venv/lib/python3.12/site-packages/pymysql/protocol.py", line 221, in raise_for_error
    err.raise_mysql_exception(self._data)
  File "/root/web_b2b/server_venv/lib/python3.12/site-packages/pymysql/err.py", line 143, in raise_mysql_exception
    raise errorclass(errno, errval)
pymysql.err.ProgrammingError: (1146, "Table 'web_b2b.b_basic_tdk' doesn't exist")

The above exception was the direct cause of the following exception:

Traceback (most recent call last):
  File "/root/web_b2b/server_venv/lib/python3.12/site-packages/django/core/handlers/exception.py", line 47, in inner
    response = get_response(request)
               ^^^^^^^^^^^^^^^^^^^^^
  File "/root/web_b2b/server_venv/lib/python3.12/site-packages/django/core/handlers/base.py", line 181, in _get_response
    response = wrapped_callback(request, *callback_args, **callback_kwargs)
               ^^^^^^^^^^^^^^^^^^^^^^^^^^^^^^^^^^^^^^^^^^^^^^^^^^^^^^^^^^^^
  File "/root/web_b2b/server_venv/lib/python3.12/site-packages/django/views/decorators/csrf.py", line 54, in wrapped_view
    return view_func(*args, **kwargs)
           ^^^^^^^^^^^^^^^^^^^^^^^^^^
  File "/root/web_b2b/server_venv/lib/python3.12/site-packages/django/views/generic/base.py", line 70, in view
    return self.dispatch(request, *args, **kwargs)
           ^^^^^^^^^^^^^^^^^^^^^^^^^^^^^^^^^^^^^^^
  File "/root/web_b2b/server_venv/lib/python3.12/site-packages/rest_framework/views.py", line 509, in dispatch
    response = self.handle_exception(exc)
               ^^^^^^^^^^^^^^^^^^^^^^^^^^
  File "/root/web_b2b/server_venv/lib/python3.12/site-packages/rest_framework/views.py", line 469, in handle_exception
    self.raise_uncaught_exception(exc)
  File "/root/web_b2b/server_venv/lib/python3.12/site-packages/rest_framework/views.py", line 480, in raise_uncaught_exception
    raise exc
  File "/root/web_b2b/server_venv/lib/python3.12/site-packages/rest_framework/views.py", line 506, in dispatch
    response = handler(request, *args, **kwargs)
               ^^^^^^^^^^^^^^^^^^^^^^^^^^^^^^^^^
  File "/root/web_b2b/server_venv/lib/python3.12/site-packages/rest_framework/decorators.py", line 41, in handler
    return func(*args, **kwargs)
           ^^^^^^^^^^^^^^^^^^^^^
  File "/root/web_b2b/server/myapp/views/index/home.py", line 28, in section
    basicTdk = BasicTdk.get_solo()
               ^^^^^^^^^^^^^^^^^^^
  File "/root/web_b2b/server/myapp/models.py", line 236, in get_solo
    return cls.objects.get()
           ^^^^^^^^^^^^^^^^^
  File "/root/web_b2b/server_venv/lib/python3.12/site-packages/django/db/models/manager.py", line 85, in manager_method
    return getattr(self.get_queryset(), name)(*args, **kwargs)
           ^^^^^^^^^^^^^^^^^^^^^^^^^^^^^^^^^^^^^^^^^^^^^^^^^^^
  File "/root/web_b2b/server_venv/lib/python3.12/site-packages/django/db/models/query.py", line 431, in get
    num = len(clone)
          ^^^^^^^^^^
  File "/root/web_b2b/server_venv/lib/python3.12/site-packages/django/db/models/query.py", line 262, in __len__
    self._fetch_all()
  File "/root/web_b2b/server_venv/lib/python3.12/site-packages/django/db/models/query.py", line 1324, in _fetch_all
    self._result_cache = list(self._iterable_class(self))
                         ^^^^^^^^^^^^^^^^^^^^^^^^^^^^^^^^
  File "/root/web_b2b/server_venv/lib/python3.12/site-packages/django/db/models/query.py", line 51, in __iter__
    results = compiler.execute_sql(chunked_fetch=self.chunked_fetch, chunk_size=self.chunk_size)
              ^^^^^^^^^^^^^^^^^^^^^^^^^^^^^^^^^^^^^^^^^^^^^^^^^^^^^^^^^^^^^^^^^^^^^^^^^^^^^^^^^^
  File "/root/web_b2b/server_venv/lib/python3.12/site-packages/django/db/models/sql/compiler.py", line 1175, in execute_sql
    cursor.execute(sql, params)
  File "/root/web_b2b/server_venv/lib/python3.12/site-packages/django/db/backends/utils.py", line 98, in execute
    return super().execute(sql, params)
           ^^^^^^^^^^^^^^^^^^^^^^^^^^^^
  File "/root/web_b2b/server_venv/lib/python3.12/site-packages/django/db/backends/utils.py", line 66, in execute
    return self._execute_with_wrappers(sql, params, many=False, executor=self._execute)
           ^^^^^^^^^^^^^^^^^^^^^^^^^^^^^^^^^^^^^^^^^^^^^^^^^^^^^^^^^^^^^^^^^^^^^^^^^^^^
  File "/root/web_b2b/server_venv/lib/python3.12/site-packages/django/db/backends/utils.py", line 75, in _execute_with_wrappers
    return executor(sql, params, many, context)
           ^^^^^^^^^^^^^^^^^^^^^^^^^^^^^^^^^^^^
  File "/root/web_b2b/server_venv/lib/python3.12/site-packages/django/db/backends/utils.py", line 79, in _execute
    with self.db.wrap_database_errors:
  File "/root/web_b2b/server_venv/lib/python3.12/site-packages/django/db/utils.py", line 90, in __exit__
    raise dj_exc_value.with_traceback(traceback) from exc_value
  File "/root/web_b2b/server_venv/lib/python3.12/site-packages/django/db/backends/utils.py", line 84, in _execute
    return self.cursor.execute(sql, params)
           ^^^^^^^^^^^^^^^^^^^^^^^^^^^^^^^^
  File "/root/web_b2b/server_venv/lib/python3.12/site-packages/django/db/backends/mysql/base.py", line 73, in execute
    return self.cursor.execute(query, args)
           ^^^^^^^^^^^^^^^^^^^^^^^^^^^^^^^^
  File "/root/web_b2b/server_venv/lib/python3.12/site-packages/pymysql/cursors.py", line 148, in execute
    result = self._query(query)
             ^^^^^^^^^^^^^^^^^^
  File "/root/web_b2b/server_venv/lib/python3.12/site-packages/pymysql/cursors.py", line 310, in _query
    conn.query(q)
  File "/root/web_b2b/server_venv/lib/python3.12/site-packages/pymysql/connections.py", line 548, in query
    self._affected_rows = self._read_query_result(unbuffered=unbuffered)
                          ^^^^^^^^^^^^^^^^^^^^^^^^^^^^^^^^^^^^^^^^^^^^^^
  File "/root/web_b2b/server_venv/lib/python3.12/site-packages/pymysql/connections.py", line 775, in _read_query_result
    result.read()
  File "/root/web_b2b/server_venv/lib/python3.12/site-packages/pymysql/connections.py", line 1156, in read
    first_packet = self.connection._read_packet()
                   ^^^^^^^^^^^^^^^^^^^^^^^^^^^^^^
  File "/root/web_b2b/server_venv/lib/python3.12/site-packages/pymysql/connections.py", line 725, in _read_packet
    packet.raise_for_error()
  File "/root/web_b2b/server_venv/lib/python3.12/site-packages/pymysql/protocol.py", line 221, in raise_for_error
    err.raise_mysql_exception(self._data)
  File "/root/web_b2b/server_venv/lib/python3.12/site-packages/pymysql/err.py", line 143, in raise_mysql_exception
    raise errorclass(errno, errval)
django.db.utils.ProgrammingError: (1146, "Table 'web_b2b.b_basic_tdk' doesn't exist")
Internal Server Error: /myapp/index/common/section
Traceback (most recent call last):
  File "/root/web_b2b/server_venv/lib/python3.12/site-packages/django/db/backends/utils.py", line 84, in _execute
    return self.cursor.execute(sql, params)
           ^^^^^^^^^^^^^^^^^^^^^^^^^^^^^^^^
  File "/root/web_b2b/server_venv/lib/python3.12/site-packages/django/db/backends/mysql/base.py", line 73, in execute
    return self.cursor.execute(query, args)
           ^^^^^^^^^^^^^^^^^^^^^^^^^^^^^^^^
  File "/root/web_b2b/server_venv/lib/python3.12/site-packages/pymysql/cursors.py", line 148, in execute
    result = self._query(query)
             ^^^^^^^^^^^^^^^^^^
  File "/root/web_b2b/server_venv/lib/python3.12/site-packages/pymysql/cursors.py", line 310, in _query
    conn.query(q)
  File "/root/web_b2b/server_venv/lib/python3.12/site-packages/pymysql/connections.py", line 548, in query
    self._affected_rows = self._read_query_result(unbuffered=unbuffered)
                          ^^^^^^^^^^^^^^^^^^^^^^^^^^^^^^^^^^^^^^^^^^^^^^
  File "/root/web_b2b/server_venv/lib/python3.12/site-packages/pymysql/connections.py", line 775, in _read_query_result
    result.read()
  File "/root/web_b2b/server_venv/lib/python3.12/site-packages/pymysql/connections.py", line 1156, in read
    first_packet = self.connection._read_packet()
                   ^^^^^^^^^^^^^^^^^^^^^^^^^^^^^^
  File "/root/web_b2b/server_venv/lib/python3.12/site-packages/pymysql/connections.py", line 725, in _read_packet
    packet.raise_for_error()
  File "/root/web_b2b/server_venv/lib/python3.12/site-packages/pymysql/protocol.py", line 221, in raise_for_error
    err.raise_mysql_exception(self._data)
  File "/root/web_b2b/server_venv/lib/python3.12/site-packages/pymysql/err.py", line 143, in raise_mysql_exception
    raise errorclass(errno, errval)
pymysql.err.ProgrammingError: (1146, "Table 'web_b2b.b_op_log' doesn't exist")

The above exception was the direct cause of the following exception:

Traceback (most recent call last):
  File "/root/web_b2b/server_venv/lib/python3.12/site-packages/django/core/handlers/exception.py", line 47, in inner
    response = get_response(request)
               ^^^^^^^^^^^^^^^^^^^^^
  File "/root/web_b2b/server_venv/lib/python3.12/site-packages/django/utils/deprecation.py", line 119, in __call__
    response = self.process_response(request, response)
               ^^^^^^^^^^^^^^^^^^^^^^^^^^^^^^^^^^^^^^^^
  File "/root/web_b2b/server/myapp/middlewares/LogMiddleware.py", line 52, in process_response
    serializer.save()
  File "/root/web_b2b/server_venv/lib/python3.12/site-packages/rest_framework/serializers.py", line 212, in save
    self.instance = self.create(validated_data)
                    ^^^^^^^^^^^^^^^^^^^^^^^^^^^
  File "/root/web_b2b/server_venv/lib/python3.12/site-packages/rest_framework/serializers.py", line 962, in create
    instance = ModelClass._default_manager.create(**validated_data)
               ^^^^^^^^^^^^^^^^^^^^^^^^^^^^^^^^^^^^^^^^^^^^^^^^^^^^
  File "/root/web_b2b/server_venv/lib/python3.12/site-packages/django/db/models/manager.py", line 85, in manager_method
    return getattr(self.get_queryset(), name)(*args, **kwargs)
           ^^^^^^^^^^^^^^^^^^^^^^^^^^^^^^^^^^^^^^^^^^^^^^^^^^^
  File "/root/web_b2b/server_venv/lib/python3.12/site-packages/django/db/models/query.py", line 453, in create
    obj.save(force_insert=True, using=self.db)
  File "/root/web_b2b/server_venv/lib/python3.12/site-packages/django/db/models/base.py", line 739, in save
    self.save_base(using=using, force_insert=force_insert,
  File "/root/web_b2b/server_venv/lib/python3.12/site-packages/django/db/models/base.py", line 776, in save_base
    updated = self._save_table(
              ^^^^^^^^^^^^^^^^^
  File "/root/web_b2b/server_venv/lib/python3.12/site-packages/django/db/models/base.py", line 881, in _save_table
    results = self._do_insert(cls._base_manager, using, fields, returning_fields, raw)
              ^^^^^^^^^^^^^^^^^^^^^^^^^^^^^^^^^^^^^^^^^^^^^^^^^^^^^^^^^^^^^^^^^^^^^^^^
  File "/root/web_b2b/server_venv/lib/python3.12/site-packages/django/db/models/base.py", line 919, in _do_insert
    return manager._insert(
           ^^^^^^^^^^^^^^^^
  File "/root/web_b2b/server_venv/lib/python3.12/site-packages/django/db/models/manager.py", line 85, in manager_method
    return getattr(self.get_queryset(), name)(*args, **kwargs)
           ^^^^^^^^^^^^^^^^^^^^^^^^^^^^^^^^^^^^^^^^^^^^^^^^^^^
  File "/root/web_b2b/server_venv/lib/python3.12/site-packages/django/db/models/query.py", line 1270, in _insert
    return query.get_compiler(using=using).execute_sql(returning_fields)
           ^^^^^^^^^^^^^^^^^^^^^^^^^^^^^^^^^^^^^^^^^^^^^^^^^^^^^^^^^^^^^
  File "/root/web_b2b/server_venv/lib/python3.12/site-packages/django/db/models/sql/compiler.py", line 1416, in execute_sql
    cursor.execute(sql, params)
  File "/root/web_b2b/server_venv/lib/python3.12/site-packages/django/db/backends/utils.py", line 98, in execute
    return super().execute(sql, params)
           ^^^^^^^^^^^^^^^^^^^^^^^^^^^^
  File "/root/web_b2b/server_venv/lib/python3.12/site-packages/django/db/backends/utils.py", line 66, in execute
    return self._execute_with_wrappers(sql, params, many=False, executor=self._execute)
           ^^^^^^^^^^^^^^^^^^^^^^^^^^^^^^^^^^^^^^^^^^^^^^^^^^^^^^^^^^^^^^^^^^^^^^^^^^^^
  File "/root/web_b2b/server_venv/lib/python3.12/site-packages/django/db/backends/utils.py", line 75, in _execute_with_wrappers
    return executor(sql, params, many, context)
           ^^^^^^^^^^^^^^^^^^^^^^^^^^^^^^^^^^^^
  File "/root/web_b2b/server_venv/lib/python3.12/site-packages/django/db/backends/utils.py", line 79, in _execute
    with self.db.wrap_database_errors:
  File "/root/web_b2b/server_venv/lib/python3.12/site-packages/django/db/utils.py", line 90, in __exit__
    raise dj_exc_value.with_traceback(traceback) from exc_value
  File "/root/web_b2b/server_venv/lib/python3.12/site-packages/django/db/backends/utils.py", line 84, in _execute
    return self.cursor.execute(sql, params)
           ^^^^^^^^^^^^^^^^^^^^^^^^^^^^^^^^
  File "/root/web_b2b/server_venv/lib/python3.12/site-packages/django/db/backends/mysql/base.py", line 73, in execute
    return self.cursor.execute(query, args)
           ^^^^^^^^^^^^^^^^^^^^^^^^^^^^^^^^
  File "/root/web_b2b/server_venv/lib/python3.12/site-packages/pymysql/cursors.py", line 148, in execute
    result = self._query(query)
             ^^^^^^^^^^^^^^^^^^
  File "/root/web_b2b/server_venv/lib/python3.12/site-packages/pymysql/cursors.py", line 310, in _query
    conn.query(q)
  File "/root/web_b2b/server_venv/lib/python3.12/site-packages/pymysql/connections.py", line 548, in query
    self._affected_rows = self._read_query_result(unbuffered=unbuffered)
                          ^^^^^^^^^^^^^^^^^^^^^^^^^^^^^^^^^^^^^^^^^^^^^^
  File "/root/web_b2b/server_venv/lib/python3.12/site-packages/pymysql/connections.py", line 775, in _read_query_result
    result.read()
  File "/root/web_b2b/server_venv/lib/python3.12/site-packages/pymysql/connections.py", line 1156, in read
    first_packet = self.connection._read_packet()
                   ^^^^^^^^^^^^^^^^^^^^^^^^^^^^^^
  File "/root/web_b2b/server_venv/lib/python3.12/site-packages/pymysql/connections.py", line 725, in _read_packet
    packet.raise_for_error()
  File "/root/web_b2b/server_venv/lib/python3.12/site-packages/pymysql/protocol.py", line 221, in raise_for_error
    err.raise_mysql_exception(self._data)
  File "/root/web_b2b/server_venv/lib/python3.12/site-packages/pymysql/err.py", line 143, in raise_mysql_exception
    raise errorclass(errno, errval)
django.db.utils.ProgrammingError: (1146, "Table 'web_b2b.b_op_log' doesn't exist")
"GET /myapp/index/common/section HTTP/1.1" 500 229137
Internal Server Error: /myapp/index/home/section
Traceback (most recent call last):
  File "/root/web_b2b/server_venv/lib/python3.12/site-packages/django/db/backends/utils.py", line 84, in _execute
    return self.cursor.execute(sql, params)
           ^^^^^^^^^^^^^^^^^^^^^^^^^^^^^^^^
  File "/root/web_b2b/server_venv/lib/python3.12/site-packages/django/db/backends/mysql/base.py", line 73, in execute
    return self.cursor.execute(query, args)
           ^^^^^^^^^^^^^^^^^^^^^^^^^^^^^^^^
  File "/root/web_b2b/server_venv/lib/python3.12/site-packages/pymysql/cursors.py", line 148, in execute
    result = self._query(query)
             ^^^^^^^^^^^^^^^^^^
  File "/root/web_b2b/server_venv/lib/python3.12/site-packages/pymysql/cursors.py", line 310, in _query
    conn.query(q)
  File "/root/web_b2b/server_venv/lib/python3.12/site-packages/pymysql/connections.py", line 548, in query
    self._affected_rows = self._read_query_result(unbuffered=unbuffered)
                          ^^^^^^^^^^^^^^^^^^^^^^^^^^^^^^^^^^^^^^^^^^^^^^
  File "/root/web_b2b/server_venv/lib/python3.12/site-packages/pymysql/connections.py", line 775, in _read_query_result
    result.read()
  File "/root/web_b2b/server_venv/lib/python3.12/site-packages/pymysql/connections.py", line 1156, in read
    first_packet = self.connection._read_packet()
                   ^^^^^^^^^^^^^^^^^^^^^^^^^^^^^^
  File "/root/web_b2b/server_venv/lib/python3.12/site-packages/pymysql/connections.py", line 725, in _read_packet
    packet.raise_for_error()
  File "/root/web_b2b/server_venv/lib/python3.12/site-packages/pymysql/protocol.py", line 221, in raise_for_error
    err.raise_mysql_exception(self._data)
  File "/root/web_b2b/server_venv/lib/python3.12/site-packages/pymysql/err.py", line 143, in raise_mysql_exception
    raise errorclass(errno, errval)
pymysql.err.ProgrammingError: (1146, "Table 'web_b2b.b_op_log' doesn't exist")

The above exception was the direct cause of the following exception:

Traceback (most recent call last):
  File "/root/web_b2b/server_venv/lib/python3.12/site-packages/django/core/handlers/exception.py", line 47, in inner
    response = get_response(request)
               ^^^^^^^^^^^^^^^^^^^^^
  File "/root/web_b2b/server_venv/lib/python3.12/site-packages/django/utils/deprecation.py", line 119, in __call__
    response = self.process_response(request, response)
               ^^^^^^^^^^^^^^^^^^^^^^^^^^^^^^^^^^^^^^^^
  File "/root/web_b2b/server/myapp/middlewares/LogMiddleware.py", line 52, in process_response
    serializer.save()
  File "/root/web_b2b/server_venv/lib/python3.12/site-packages/rest_framework/serializers.py", line 212, in save
    self.instance = self.create(validated_data)
                    ^^^^^^^^^^^^^^^^^^^^^^^^^^^
  File "/root/web_b2b/server_venv/lib/python3.12/site-packages/rest_framework/serializers.py", line 962, in create
    instance = ModelClass._default_manager.create(**validated_data)
               ^^^^^^^^^^^^^^^^^^^^^^^^^^^^^^^^^^^^^^^^^^^^^^^^^^^^
  File "/root/web_b2b/server_venv/lib/python3.12/site-packages/django/db/models/manager.py", line 85, in manager_method
    return getattr(self.get_queryset(), name)(*args, **kwargs)
           ^^^^^^^^^^^^^^^^^^^^^^^^^^^^^^^^^^^^^^^^^^^^^^^^^^^
  File "/root/web_b2b/server_venv/lib/python3.12/site-packages/django/db/models/query.py", line 453, in create
    obj.save(force_insert=True, using=self.db)
  File "/root/web_b2b/server_venv/lib/python3.12/site-packages/django/db/models/base.py", line 739, in save
    self.save_base(using=using, force_insert=force_insert,
  File "/root/web_b2b/server_venv/lib/python3.12/site-packages/django/db/models/base.py", line 776, in save_base
    updated = self._save_table(
              ^^^^^^^^^^^^^^^^^
  File "/root/web_b2b/server_venv/lib/python3.12/site-packages/django/db/models/base.py", line 881, in _save_table
    results = self._do_insert(cls._base_manager, using, fields, returning_fields, raw)
              ^^^^^^^^^^^^^^^^^^^^^^^^^^^^^^^^^^^^^^^^^^^^^^^^^^^^^^^^^^^^^^^^^^^^^^^^
  File "/root/web_b2b/server_venv/lib/python3.12/site-packages/django/db/models/base.py", line 919, in _do_insert
    return manager._insert(
           ^^^^^^^^^^^^^^^^
  File "/root/web_b2b/server_venv/lib/python3.12/site-packages/django/db/models/manager.py", line 85, in manager_method
    return getattr(self.get_queryset(), name)(*args, **kwargs)
           ^^^^^^^^^^^^^^^^^^^^^^^^^^^^^^^^^^^^^^^^^^^^^^^^^^^
  File "/root/web_b2b/server_venv/lib/python3.12/site-packages/django/db/models/query.py", line 1270, in _insert
    return query.get_compiler(using=using).execute_sql(returning_fields)
           ^^^^^^^^^^^^^^^^^^^^^^^^^^^^^^^^^^^^^^^^^^^^^^^^^^^^^^^^^^^^^
  File "/root/web_b2b/server_venv/lib/python3.12/site-packages/django/db/models/sql/compiler.py", line 1416, in execute_sql
    cursor.execute(sql, params)
  File "/root/web_b2b/server_venv/lib/python3.12/site-packages/django/db/backends/utils.py", line 98, in execute
    return super().execute(sql, params)
           ^^^^^^^^^^^^^^^^^^^^^^^^^^^^
  File "/root/web_b2b/server_venv/lib/python3.12/site-packages/django/db/backends/utils.py", line 66, in execute
    return self._execute_with_wrappers(sql, params, many=False, executor=self._execute)
           ^^^^^^^^^^^^^^^^^^^^^^^^^^^^^^^^^^^^^^^^^^^^^^^^^^^^^^^^^^^^^^^^^^^^^^^^^^^^
  File "/root/web_b2b/server_venv/lib/python3.12/site-packages/django/db/backends/utils.py", line 75, in _execute_with_wrappers
    return executor(sql, params, many, context)
           ^^^^^^^^^^^^^^^^^^^^^^^^^^^^^^^^^^^^
  File "/root/web_b2b/server_venv/lib/python3.12/site-packages/django/db/backends/utils.py", line 79, in _execute
    with self.db.wrap_database_errors:
  File "/root/web_b2b/server_venv/lib/python3.12/site-packages/django/db/utils.py", line 90, in __exit__
    raise dj_exc_value.with_traceback(traceback) from exc_value
  File "/root/web_b2b/server_venv/lib/python3.12/site-packages/django/db/backends/utils.py", line 84, in _execute
    return self.cursor.execute(sql, params)
           ^^^^^^^^^^^^^^^^^^^^^^^^^^^^^^^^
  File "/root/web_b2b/server_venv/lib/python3.12/site-packages/django/db/backends/mysql/base.py", line 73, in execute
    return self.cursor.execute(query, args)
           ^^^^^^^^^^^^^^^^^^^^^^^^^^^^^^^^
  File "/root/web_b2b/server_venv/lib/python3.12/site-packages/pymysql/cursors.py", line 148, in execute
    result = self._query(query)
             ^^^^^^^^^^^^^^^^^^
  File "/root/web_b2b/server_venv/lib/python3.12/site-packages/pymysql/cursors.py", line 310, in _query
    conn.query(q)
  File "/root/web_b2b/server_venv/lib/python3.12/site-packages/pymysql/connections.py", line 548, in query
    self._affected_rows = self._read_query_result(unbuffered=unbuffered)
                          ^^^^^^^^^^^^^^^^^^^^^^^^^^^^^^^^^^^^^^^^^^^^^^
  File "/root/web_b2b/server_venv/lib/python3.12/site-packages/pymysql/connections.py", line 775, in _read_query_result
    result.read()
  File "/root/web_b2b/server_venv/lib/python3.12/site-packages/pymysql/connections.py", line 1156, in read
    first_packet = self.connection._read_packet()
                   ^^^^^^^^^^^^^^^^^^^^^^^^^^^^^^
  File "/root/web_b2b/server_venv/lib/python3.12/site-packages/pymysql/connections.py", line 725, in _read_packet
    packet.raise_for_error()
  File "/root/web_b2b/server_venv/lib/python3.12/site-packages/pymysql/protocol.py", line 221, in raise_for_error
    err.raise_mysql_exception(self._data)
  File "/root/web_b2b/server_venv/lib/python3.12/site-packages/pymysql/err.py", line 143, in raise_mysql_exception
    raise errorclass(errno, errval)
django.db.utils.ProgrammingError: (1146, "Table 'web_b2b.b_op_log' doesn't exist")
"GET /myapp/index/home/section HTTP/1.1" 500 229239
Internal Server Error: /myapp/index/home/section
Traceback (most recent call last):
  File "/root/web_b2b/server_venv/lib/python3.12/site-packages/django/db/backends/utils.py", line 84, in _execute
    return self.cursor.execute(sql, params)
           ^^^^^^^^^^^^^^^^^^^^^^^^^^^^^^^^
  File "/root/web_b2b/server_venv/lib/python3.12/site-packages/django/db/backends/mysql/base.py", line 73, in execute
    return self.cursor.execute(query, args)
           ^^^^^^^^^^^^^^^^^^^^^^^^^^^^^^^^
  File "/root/web_b2b/server_venv/lib/python3.12/site-packages/pymysql/cursors.py", line 148, in execute
    result = self._query(query)
             ^^^^^^^^^^^^^^^^^^
  File "/root/web_b2b/server_venv/lib/python3.12/site-packages/pymysql/cursors.py", line 310, in _query
    conn.query(q)
  File "/root/web_b2b/server_venv/lib/python3.12/site-packages/pymysql/connections.py", line 548, in query
    self._affected_rows = self._read_query_result(unbuffered=unbuffered)
                          ^^^^^^^^^^^^^^^^^^^^^^^^^^^^^^^^^^^^^^^^^^^^^^
  File "/root/web_b2b/server_venv/lib/python3.12/site-packages/pymysql/connections.py", line 775, in _read_query_result
    result.read()
  File "/root/web_b2b/server_venv/lib/python3.12/site-packages/pymysql/connections.py", line 1156, in read
    first_packet = self.connection._read_packet()
                   ^^^^^^^^^^^^^^^^^^^^^^^^^^^^^^
  File "/root/web_b2b/server_venv/lib/python3.12/site-packages/pymysql/connections.py", line 725, in _read_packet
    packet.raise_for_error()
  File "/root/web_b2b/server_venv/lib/python3.12/site-packages/pymysql/protocol.py", line 221, in raise_for_error
    err.raise_mysql_exception(self._data)
  File "/root/web_b2b/server_venv/lib/python3.12/site-packages/pymysql/err.py", line 143, in raise_mysql_exception
    raise errorclass(errno, errval)
pymysql.err.ProgrammingError: (1146, "Table 'web_b2b.b_basic_tdk' doesn't exist")

The above exception was the direct cause of the following exception:

Traceback (most recent call last):
  File "/root/web_b2b/server_venv/lib/python3.12/site-packages/django/core/handlers/exception.py", line 47, in inner
    response = get_response(request)
               ^^^^^^^^^^^^^^^^^^^^^
  File "/root/web_b2b/server_venv/lib/python3.12/site-packages/django/core/handlers/base.py", line 181, in _get_response
    response = wrapped_callback(request, *callback_args, **callback_kwargs)
               ^^^^^^^^^^^^^^^^^^^^^^^^^^^^^^^^^^^^^^^^^^^^^^^^^^^^^^^^^^^^
  File "/root/web_b2b/server_venv/lib/python3.12/site-packages/django/views/decorators/csrf.py", line 54, in wrapped_view
    return view_func(*args, **kwargs)
           ^^^^^^^^^^^^^^^^^^^^^^^^^^
  File "/root/web_b2b/server_venv/lib/python3.12/site-packages/django/views/generic/base.py", line 70, in view
    return self.dispatch(request, *args, **kwargs)
           ^^^^^^^^^^^^^^^^^^^^^^^^^^^^^^^^^^^^^^^
  File "/root/web_b2b/server_venv/lib/python3.12/site-packages/rest_framework/views.py", line 509, in dispatch
    response = self.handle_exception(exc)
               ^^^^^^^^^^^^^^^^^^^^^^^^^^
  File "/root/web_b2b/server_venv/lib/python3.12/site-packages/rest_framework/views.py", line 469, in handle_exception
    self.raise_uncaught_exception(exc)
  File "/root/web_b2b/server_venv/lib/python3.12/site-packages/rest_framework/views.py", line 480, in raise_uncaught_exception
    raise exc
  File "/root/web_b2b/server_venv/lib/python3.12/site-packages/rest_framework/views.py", line 506, in dispatch
    response = handler(request, *args, **kwargs)
               ^^^^^^^^^^^^^^^^^^^^^^^^^^^^^^^^^
  File "/root/web_b2b/server_venv/lib/python3.12/site-packages/rest_framework/decorators.py", line 41, in handler
    return func(*args, **kwargs)
           ^^^^^^^^^^^^^^^^^^^^^
  File "/root/web_b2b/server/myapp/views/index/home.py", line 28, in section
    basicTdk = BasicTdk.get_solo()
               ^^^^^^^^^^^^^^^^^^^
  File "/root/web_b2b/server/myapp/models.py", line 236, in get_solo
    return cls.objects.get()
           ^^^^^^^^^^^^^^^^^
  File "/root/web_b2b/server_venv/lib/python3.12/site-packages/django/db/models/manager.py", line 85, in manager_method
    return getattr(self.get_queryset(), name)(*args, **kwargs)
           ^^^^^^^^^^^^^^^^^^^^^^^^^^^^^^^^^^^^^^^^^^^^^^^^^^^
  File "/root/web_b2b/server_venv/lib/python3.12/site-packages/django/db/models/query.py", line 431, in get
    num = len(clone)
          ^^^^^^^^^^
  File "/root/web_b2b/server_venv/lib/python3.12/site-packages/django/db/models/query.py", line 262, in __len__
    self._fetch_all()
  File "/root/web_b2b/server_venv/lib/python3.12/site-packages/django/db/models/query.py", line 1324, in _fetch_all
    self._result_cache = list(self._iterable_class(self))
                         ^^^^^^^^^^^^^^^^^^^^^^^^^^^^^^^^
  File "/root/web_b2b/server_venv/lib/python3.12/site-packages/django/db/models/query.py", line 51, in __iter__
    results = compiler.execute_sql(chunked_fetch=self.chunked_fetch, chunk_size=self.chunk_size)
              ^^^^^^^^^^^^^^^^^^^^^^^^^^^^^^^^^^^^^^^^^^^^^^^^^^^^^^^^^^^^^^^^^^^^^^^^^^^^^^^^^^
  File "/root/web_b2b/server_venv/lib/python3.12/site-packages/django/db/models/sql/compiler.py", line 1175, in execute_sql
    cursor.execute(sql, params)
  File "/root/web_b2b/server_venv/lib/python3.12/site-packages/django/db/backends/utils.py", line 98, in execute
    return super().execute(sql, params)
           ^^^^^^^^^^^^^^^^^^^^^^^^^^^^
  File "/root/web_b2b/server_venv/lib/python3.12/site-packages/django/db/backends/utils.py", line 66, in execute
    return self._execute_with_wrappers(sql, params, many=False, executor=self._execute)
           ^^^^^^^^^^^^^^^^^^^^^^^^^^^^^^^^^^^^^^^^^^^^^^^^^^^^^^^^^^^^^^^^^^^^^^^^^^^^
  File "/root/web_b2b/server_venv/lib/python3.12/site-packages/django/db/backends/utils.py", line 75, in _execute_with_wrappers
    return executor(sql, params, many, context)
           ^^^^^^^^^^^^^^^^^^^^^^^^^^^^^^^^^^^^
  File "/root/web_b2b/server_venv/lib/python3.12/site-packages/django/db/backends/utils.py", line 79, in _execute
    with self.db.wrap_database_errors:
  File "/root/web_b2b/server_venv/lib/python3.12/site-packages/django/db/utils.py", line 90, in __exit__
    raise dj_exc_value.with_traceback(traceback) from exc_value
  File "/root/web_b2b/server_venv/lib/python3.12/site-packages/django/db/backends/utils.py", line 84, in _execute
    return self.cursor.execute(sql, params)
           ^^^^^^^^^^^^^^^^^^^^^^^^^^^^^^^^
  File "/root/web_b2b/server_venv/lib/python3.12/site-packages/django/db/backends/mysql/base.py", line 73, in execute
    return self.cursor.execute(query, args)
           ^^^^^^^^^^^^^^^^^^^^^^^^^^^^^^^^
  File "/root/web_b2b/server_venv/lib/python3.12/site-packages/pymysql/cursors.py", line 148, in execute
    result = self._query(query)
             ^^^^^^^^^^^^^^^^^^
  File "/root/web_b2b/server_venv/lib/python3.12/site-packages/pymysql/cursors.py", line 310, in _query
    conn.query(q)
  File "/root/web_b2b/server_venv/lib/python3.12/site-packages/pymysql/connections.py", line 548, in query
    self._affected_rows = self._read_query_result(unbuffered=unbuffered)
                          ^^^^^^^^^^^^^^^^^^^^^^^^^^^^^^^^^^^^^^^^^^^^^^
  File "/root/web_b2b/server_venv/lib/python3.12/site-packages/pymysql/connections.py", line 775, in _read_query_result
    result.read()
  File "/root/web_b2b/server_venv/lib/python3.12/site-packages/pymysql/connections.py", line 1156, in read
    first_packet = self.connection._read_packet()
                   ^^^^^^^^^^^^^^^^^^^^^^^^^^^^^^
  File "/root/web_b2b/server_venv/lib/python3.12/site-packages/pymysql/connections.py", line 725, in _read_packet
    packet.raise_for_error()
  File "/root/web_b2b/server_venv/lib/python3.12/site-packages/pymysql/protocol.py", line 221, in raise_for_error
    err.raise_mysql_exception(self._data)
  File "/root/web_b2b/server_venv/lib/python3.12/site-packages/pymysql/err.py", line 143, in raise_mysql_exception
    raise errorclass(errno, errval)
django.db.utils.ProgrammingError: (1146, "Table 'web_b2b.b_basic_tdk' doesn't exist")
Internal Server Error: /myapp/index/home/section
Traceback (most recent call last):
  File "/root/web_b2b/server_venv/lib/python3.12/site-packages/django/db/backends/utils.py", line 84, in _execute
    return self.cursor.execute(sql, params)
           ^^^^^^^^^^^^^^^^^^^^^^^^^^^^^^^^
  File "/root/web_b2b/server_venv/lib/python3.12/site-packages/django/db/backends/mysql/base.py", line 73, in execute
    return self.cursor.execute(query, args)
           ^^^^^^^^^^^^^^^^^^^^^^^^^^^^^^^^
  File "/root/web_b2b/server_venv/lib/python3.12/site-packages/pymysql/cursors.py", line 148, in execute
    result = self._query(query)
             ^^^^^^^^^^^^^^^^^^
  File "/root/web_b2b/server_venv/lib/python3.12/site-packages/pymysql/cursors.py", line 310, in _query
    conn.query(q)
  File "/root/web_b2b/server_venv/lib/python3.12/site-packages/pymysql/connections.py", line 548, in query
    self._affected_rows = self._read_query_result(unbuffered=unbuffered)
                          ^^^^^^^^^^^^^^^^^^^^^^^^^^^^^^^^^^^^^^^^^^^^^^
  File "/root/web_b2b/server_venv/lib/python3.12/site-packages/pymysql/connections.py", line 775, in _read_query_result
    result.read()
  File "/root/web_b2b/server_venv/lib/python3.12/site-packages/pymysql/connections.py", line 1156, in read
    first_packet = self.connection._read_packet()
                   ^^^^^^^^^^^^^^^^^^^^^^^^^^^^^^
  File "/root/web_b2b/server_venv/lib/python3.12/site-packages/pymysql/connections.py", line 725, in _read_packet
    packet.raise_for_error()
  File "/root/web_b2b/server_venv/lib/python3.12/site-packages/pymysql/protocol.py", line 221, in raise_for_error
    err.raise_mysql_exception(self._data)
  File "/root/web_b2b/server_venv/lib/python3.12/site-packages/pymysql/err.py", line 143, in raise_mysql_exception
    raise errorclass(errno, errval)
pymysql.err.ProgrammingError: (1146, "Table 'web_b2b.b_op_log' doesn't exist")

The above exception was the direct cause of the following exception:

Traceback (most recent call last):
  File "/root/web_b2b/server_venv/lib/python3.12/site-packages/django/core/handlers/exception.py", line 47, in inner
    response = get_response(request)
               ^^^^^^^^^^^^^^^^^^^^^
  File "/root/web_b2b/server_venv/lib/python3.12/site-packages/django/utils/deprecation.py", line 119, in __call__
    response = self.process_response(request, response)
               ^^^^^^^^^^^^^^^^^^^^^^^^^^^^^^^^^^^^^^^^
  File "/root/web_b2b/server/myapp/middlewares/LogMiddleware.py", line 52, in process_response
    serializer.save()
  File "/root/web_b2b/server_venv/lib/python3.12/site-packages/rest_framework/serializers.py", line 212, in save
    self.instance = self.create(validated_data)
                    ^^^^^^^^^^^^^^^^^^^^^^^^^^^
  File "/root/web_b2b/server_venv/lib/python3.12/site-packages/rest_framework/serializers.py", line 962, in create
    instance = ModelClass._default_manager.create(**validated_data)
               ^^^^^^^^^^^^^^^^^^^^^^^^^^^^^^^^^^^^^^^^^^^^^^^^^^^^
  File "/root/web_b2b/server_venv/lib/python3.12/site-packages/django/db/models/manager.py", line 85, in manager_method
    return getattr(self.get_queryset(), name)(*args, **kwargs)
           ^^^^^^^^^^^^^^^^^^^^^^^^^^^^^^^^^^^^^^^^^^^^^^^^^^^
  File "/root/web_b2b/server_venv/lib/python3.12/site-packages/django/db/models/query.py", line 453, in create
    obj.save(force_insert=True, using=self.db)
  File "/root/web_b2b/server_venv/lib/python3.12/site-packages/django/db/models/base.py", line 739, in save
    self.save_base(using=using, force_insert=force_insert,
  File "/root/web_b2b/server_venv/lib/python3.12/site-packages/django/db/models/base.py", line 776, in save_base
    updated = self._save_table(
              ^^^^^^^^^^^^^^^^^
  File "/root/web_b2b/server_venv/lib/python3.12/site-packages/django/db/models/base.py", line 881, in _save_table
    results = self._do_insert(cls._base_manager, using, fields, returning_fields, raw)
              ^^^^^^^^^^^^^^^^^^^^^^^^^^^^^^^^^^^^^^^^^^^^^^^^^^^^^^^^^^^^^^^^^^^^^^^^
  File "/root/web_b2b/server_venv/lib/python3.12/site-packages/django/db/models/base.py", line 919, in _do_insert
    return manager._insert(
           ^^^^^^^^^^^^^^^^
  File "/root/web_b2b/server_venv/lib/python3.12/site-packages/django/db/models/manager.py", line 85, in manager_method
    return getattr(self.get_queryset(), name)(*args, **kwargs)
           ^^^^^^^^^^^^^^^^^^^^^^^^^^^^^^^^^^^^^^^^^^^^^^^^^^^
  File "/root/web_b2b/server_venv/lib/python3.12/site-packages/django/db/models/query.py", line 1270, in _insert
    return query.get_compiler(using=using).execute_sql(returning_fields)
           ^^^^^^^^^^^^^^^^^^^^^^^^^^^^^^^^^^^^^^^^^^^^^^^^^^^^^^^^^^^^^
  File "/root/web_b2b/server_venv/lib/python3.12/site-packages/django/db/models/sql/compiler.py", line 1416, in execute_sql
    cursor.execute(sql, params)
  File "/root/web_b2b/server_venv/lib/python3.12/site-packages/django/db/backends/utils.py", line 98, in execute
    return super().execute(sql, params)
           ^^^^^^^^^^^^^^^^^^^^^^^^^^^^
  File "/root/web_b2b/server_venv/lib/python3.12/site-packages/django/db/backends/utils.py", line 66, in execute
    return self._execute_with_wrappers(sql, params, many=False, executor=self._execute)
           ^^^^^^^^^^^^^^^^^^^^^^^^^^^^^^^^^^^^^^^^^^^^^^^^^^^^^^^^^^^^^^^^^^^^^^^^^^^^
  File "/root/web_b2b/server_venv/lib/python3.12/site-packages/django/db/backends/utils.py", line 75, in _execute_with_wrappers
    return executor(sql, params, many, context)
           ^^^^^^^^^^^^^^^^^^^^^^^^^^^^^^^^^^^^
  File "/root/web_b2b/server_venv/lib/python3.12/site-packages/django/db/backends/utils.py", line 79, in _execute
    with self.db.wrap_database_errors:
  File "/root/web_b2b/server_venv/lib/python3.12/site-packages/django/db/utils.py", line 90, in __exit__
    raise dj_exc_value.with_traceback(traceback) from exc_value
  File "/root/web_b2b/server_venv/lib/python3.12/site-packages/django/db/backends/utils.py", line 84, in _execute
    return self.cursor.execute(sql, params)
           ^^^^^^^^^^^^^^^^^^^^^^^^^^^^^^^^
  File "/root/web_b2b/server_venv/lib/python3.12/site-packages/django/db/backends/mysql/base.py", line 73, in execute
    return self.cursor.execute(query, args)
           ^^^^^^^^^^^^^^^^^^^^^^^^^^^^^^^^
  File "/root/web_b2b/server_venv/lib/python3.12/site-packages/pymysql/cursors.py", line 148, in execute
    result = self._query(query)
             ^^^^^^^^^^^^^^^^^^
  File "/root/web_b2b/server_venv/lib/python3.12/site-packages/pymysql/cursors.py", line 310, in _query
    conn.query(q)
  File "/root/web_b2b/server_venv/lib/python3.12/site-packages/pymysql/connections.py", line 548, in query
    self._affected_rows = self._read_query_result(unbuffered=unbuffered)
                          ^^^^^^^^^^^^^^^^^^^^^^^^^^^^^^^^^^^^^^^^^^^^^^
  File "/root/web_b2b/server_venv/lib/python3.12/site-packages/pymysql/connections.py", line 775, in _read_query_result
    result.read()
  File "/root/web_b2b/server_venv/lib/python3.12/site-packages/pymysql/connections.py", line 1156, in read
    first_packet = self.connection._read_packet()
                   ^^^^^^^^^^^^^^^^^^^^^^^^^^^^^^
  File "/root/web_b2b/server_venv/lib/python3.12/site-packages/pymysql/connections.py", line 725, in _read_packet
    packet.raise_for_error()
  File "/root/web_b2b/server_venv/lib/python3.12/site-packages/pymysql/protocol.py", line 221, in raise_for_error
    err.raise_mysql_exception(self._data)
  File "/root/web_b2b/server_venv/lib/python3.12/site-packages/pymysql/err.py", line 143, in raise_mysql_exception
    raise errorclass(errno, errval)
django.db.utils.ProgrammingError: (1146, "Table 'web_b2b.b_op_log' doesn't exist")
"GET /myapp/index/home/section HTTP/1.1" 500 229311
Internal Server Error: /myapp/admin/thing/list
Traceback (most recent call last):
  File "/root/web_b2b/server_venv/lib/python3.12/site-packages/django/db/backends/utils.py", line 84, in _execute
    return self.cursor.execute(sql, params)
           ^^^^^^^^^^^^^^^^^^^^^^^^^^^^^^^^
  File "/root/web_b2b/server_venv/lib/python3.12/site-packages/django/db/backends/mysql/base.py", line 73, in execute
    return self.cursor.execute(query, args)
           ^^^^^^^^^^^^^^^^^^^^^^^^^^^^^^^^
  File "/root/web_b2b/server_venv/lib/python3.12/site-packages/pymysql/cursors.py", line 148, in execute
    result = self._query(query)
             ^^^^^^^^^^^^^^^^^^
  File "/root/web_b2b/server_venv/lib/python3.12/site-packages/pymysql/cursors.py", line 310, in _query
    conn.query(q)
  File "/root/web_b2b/server_venv/lib/python3.12/site-packages/pymysql/connections.py", line 548, in query
    self._affected_rows = self._read_query_result(unbuffered=unbuffered)
                          ^^^^^^^^^^^^^^^^^^^^^^^^^^^^^^^^^^^^^^^^^^^^^^
  File "/root/web_b2b/server_venv/lib/python3.12/site-packages/pymysql/connections.py", line 775, in _read_query_result
    result.read()
  File "/root/web_b2b/server_venv/lib/python3.12/site-packages/pymysql/connections.py", line 1156, in read
    first_packet = self.connection._read_packet()
                   ^^^^^^^^^^^^^^^^^^^^^^^^^^^^^^
  File "/root/web_b2b/server_venv/lib/python3.12/site-packages/pymysql/connections.py", line 725, in _read_packet
    packet.raise_for_error()
  File "/root/web_b2b/server_venv/lib/python3.12/site-packages/pymysql/protocol.py", line 221, in raise_for_error
    err.raise_mysql_exception(self._data)
  File "/root/web_b2b/server_venv/lib/python3.12/site-packages/pymysql/err.py", line 143, in raise_mysql_exception
    raise errorclass(errno, errval)
pymysql.err.ProgrammingError: (1146, "Table 'web_b2b.b_thing' doesn't exist")

The above exception was the direct cause of the following exception:

Traceback (most recent call last):
  File "/root/web_b2b/server_venv/lib/python3.12/site-packages/django/core/handlers/exception.py", line 47, in inner
    response = get_response(request)
               ^^^^^^^^^^^^^^^^^^^^^
  File "/root/web_b2b/server_venv/lib/python3.12/site-packages/django/core/handlers/base.py", line 181, in _get_response
    response = wrapped_callback(request, *callback_args, **callback_kwargs)
               ^^^^^^^^^^^^^^^^^^^^^^^^^^^^^^^^^^^^^^^^^^^^^^^^^^^^^^^^^^^^
  File "/root/web_b2b/server_venv/lib/python3.12/site-packages/django/views/decorators/csrf.py", line 54, in wrapped_view
    return view_func(*args, **kwargs)
           ^^^^^^^^^^^^^^^^^^^^^^^^^^
  File "/root/web_b2b/server_venv/lib/python3.12/site-packages/django/views/generic/base.py", line 70, in view
    return self.dispatch(request, *args, **kwargs)
           ^^^^^^^^^^^^^^^^^^^^^^^^^^^^^^^^^^^^^^^
  File "/root/web_b2b/server_venv/lib/python3.12/site-packages/rest_framework/views.py", line 509, in dispatch
    response = self.handle_exception(exc)
               ^^^^^^^^^^^^^^^^^^^^^^^^^^
  File "/root/web_b2b/server_venv/lib/python3.12/site-packages/rest_framework/views.py", line 469, in handle_exception
    self.raise_uncaught_exception(exc)
  File "/root/web_b2b/server_venv/lib/python3.12/site-packages/rest_framework/views.py", line 480, in raise_uncaught_exception
    raise exc
  File "/root/web_b2b/server_venv/lib/python3.12/site-packages/rest_framework/views.py", line 506, in dispatch
    response = handler(request, *args, **kwargs)
               ^^^^^^^^^^^^^^^^^^^^^^^^^^^^^^^^^
  File "/root/web_b2b/server_venv/lib/python3.12/site-packages/rest_framework/decorators.py", line 41, in handler
    return func(*args, **kwargs)
           ^^^^^^^^^^^^^^^^^^^^^
  File "/root/web_b2b/server/myapp/views/admin/thing.py", line 36, in list_api
    paginated_things = paginator.paginate_queryset(things, request)
                       ^^^^^^^^^^^^^^^^^^^^^^^^^^^^^^^^^^^^^^^^^^^^
  File "/root/web_b2b/server_venv/lib/python3.12/site-packages/rest_framework/pagination.py", line 204, in paginate_queryset
    self.page = paginator.page(page_number)
                ^^^^^^^^^^^^^^^^^^^^^^^^^^^
  File "/root/web_b2b/server_venv/lib/python3.12/site-packages/django/core/paginator.py", line 76, in page
    number = self.validate_number(number)
             ^^^^^^^^^^^^^^^^^^^^^^^^^^^^
  File "/root/web_b2b/server_venv/lib/python3.12/site-packages/django/core/paginator.py", line 54, in validate_number
    if number > self.num_pages:
                ^^^^^^^^^^^^^^
  File "/root/web_b2b/server_venv/lib/python3.12/site-packages/django/utils/functional.py", line 48, in __get__
    res = instance.__dict__[self.name] = self.func(instance)
                                         ^^^^^^^^^^^^^^^^^^^
  File "/root/web_b2b/server_venv/lib/python3.12/site-packages/django/core/paginator.py", line 103, in num_pages
    if self.count == 0 and not self.allow_empty_first_page:
       ^^^^^^^^^^
  File "/root/web_b2b/server_venv/lib/python3.12/site-packages/django/utils/functional.py", line 48, in __get__
    res = instance.__dict__[self.name] = self.func(instance)
                                         ^^^^^^^^^^^^^^^^^^^
  File "/root/web_b2b/server_venv/lib/python3.12/site-packages/django/core/paginator.py", line 97, in count
    return c()
           ^^^
  File "/root/web_b2b/server_venv/lib/python3.12/site-packages/django/db/models/query.py", line 412, in count
    return self.query.get_count(using=self.db)
           ^^^^^^^^^^^^^^^^^^^^^^^^^^^^^^^^^^^
  File "/root/web_b2b/server_venv/lib/python3.12/site-packages/django/db/models/sql/query.py", line 519, in get_count
    number = obj.get_aggregation(using, ['__count'])['__count']
             ^^^^^^^^^^^^^^^^^^^^^^^^^^^^^^^^^^^^^^^
  File "/root/web_b2b/server_venv/lib/python3.12/site-packages/django/db/models/sql/query.py", line 504, in get_aggregation
    result = compiler.execute_sql(SINGLE)
             ^^^^^^^^^^^^^^^^^^^^^^^^^^^^
  File "/root/web_b2b/server_venv/lib/python3.12/site-packages/django/db/models/sql/compiler.py", line 1175, in execute_sql
    cursor.execute(sql, params)
  File "/root/web_b2b/server_venv/lib/python3.12/site-packages/django/db/backends/utils.py", line 98, in execute
    return super().execute(sql, params)
           ^^^^^^^^^^^^^^^^^^^^^^^^^^^^
  File "/root/web_b2b/server_venv/lib/python3.12/site-packages/django/db/backends/utils.py", line 66, in execute
    return self._execute_with_wrappers(sql, params, many=False, executor=self._execute)
           ^^^^^^^^^^^^^^^^^^^^^^^^^^^^^^^^^^^^^^^^^^^^^^^^^^^^^^^^^^^^^^^^^^^^^^^^^^^^
  File "/root/web_b2b/server_venv/lib/python3.12/site-packages/django/db/backends/utils.py", line 75, in _execute_with_wrappers
    return executor(sql, params, many, context)
           ^^^^^^^^^^^^^^^^^^^^^^^^^^^^^^^^^^^^
  File "/root/web_b2b/server_venv/lib/python3.12/site-packages/django/db/backends/utils.py", line 79, in _execute
    with self.db.wrap_database_errors:
  File "/root/web_b2b/server_venv/lib/python3.12/site-packages/django/db/utils.py", line 90, in __exit__
    raise dj_exc_value.with_traceback(traceback) from exc_value
  File "/root/web_b2b/server_venv/lib/python3.12/site-packages/django/db/backends/utils.py", line 84, in _execute
    return self.cursor.execute(sql, params)
           ^^^^^^^^^^^^^^^^^^^^^^^^^^^^^^^^
  File "/root/web_b2b/server_venv/lib/python3.12/site-packages/django/db/backends/mysql/base.py", line 73, in execute
    return self.cursor.execute(query, args)
           ^^^^^^^^^^^^^^^^^^^^^^^^^^^^^^^^
  File "/root/web_b2b/server_venv/lib/python3.12/site-packages/pymysql/cursors.py", line 148, in execute
    result = self._query(query)
             ^^^^^^^^^^^^^^^^^^
  File "/root/web_b2b/server_venv/lib/python3.12/site-packages/pymysql/cursors.py", line 310, in _query
    conn.query(q)
  File "/root/web_b2b/server_venv/lib/python3.12/site-packages/pymysql/connections.py", line 548, in query
    self._affected_rows = self._read_query_result(unbuffered=unbuffered)
                          ^^^^^^^^^^^^^^^^^^^^^^^^^^^^^^^^^^^^^^^^^^^^^^
  File "/root/web_b2b/server_venv/lib/python3.12/site-packages/pymysql/connections.py", line 775, in _read_query_result
    result.read()
  File "/root/web_b2b/server_venv/lib/python3.12/site-packages/pymysql/connections.py", line 1156, in read
    first_packet = self.connection._read_packet()
                   ^^^^^^^^^^^^^^^^^^^^^^^^^^^^^^
  File "/root/web_b2b/server_venv/lib/python3.12/site-packages/pymysql/connections.py", line 725, in _read_packet
    packet.raise_for_error()
  File "/root/web_b2b/server_venv/lib/python3.12/site-packages/pymysql/protocol.py", line 221, in raise_for_error
    err.raise_mysql_exception(self._data)
  File "/root/web_b2b/server_venv/lib/python3.12/site-packages/pymysql/err.py", line 143, in raise_mysql_exception
    raise errorclass(errno, errval)
django.db.utils.ProgrammingError: (1146, "Table 'web_b2b.b_thing' doesn't exist")
Internal Server Error: /myapp/admin/thing/list
Traceback (most recent call last):
  File "/root/web_b2b/server_venv/lib/python3.12/site-packages/django/db/backends/utils.py", line 84, in _execute
    return self.cursor.execute(sql, params)
           ^^^^^^^^^^^^^^^^^^^^^^^^^^^^^^^^
  File "/root/web_b2b/server_venv/lib/python3.12/site-packages/django/db/backends/mysql/base.py", line 73, in execute
    return self.cursor.execute(query, args)
           ^^^^^^^^^^^^^^^^^^^^^^^^^^^^^^^^
  File "/root/web_b2b/server_venv/lib/python3.12/site-packages/pymysql/cursors.py", line 148, in execute
    result = self._query(query)
             ^^^^^^^^^^^^^^^^^^
  File "/root/web_b2b/server_venv/lib/python3.12/site-packages/pymysql/cursors.py", line 310, in _query
    conn.query(q)
  File "/root/web_b2b/server_venv/lib/python3.12/site-packages/pymysql/connections.py", line 548, in query
    self._affected_rows = self._read_query_result(unbuffered=unbuffered)
                          ^^^^^^^^^^^^^^^^^^^^^^^^^^^^^^^^^^^^^^^^^^^^^^
  File "/root/web_b2b/server_venv/lib/python3.12/site-packages/pymysql/connections.py", line 775, in _read_query_result
    result.read()
  File "/root/web_b2b/server_venv/lib/python3.12/site-packages/pymysql/connections.py", line 1156, in read
    first_packet = self.connection._read_packet()
                   ^^^^^^^^^^^^^^^^^^^^^^^^^^^^^^
  File "/root/web_b2b/server_venv/lib/python3.12/site-packages/pymysql/connections.py", line 725, in _read_packet
    packet.raise_for_error()
  File "/root/web_b2b/server_venv/lib/python3.12/site-packages/pymysql/protocol.py", line 221, in raise_for_error
    err.raise_mysql_exception(self._data)
  File "/root/web_b2b/server_venv/lib/python3.12/site-packages/pymysql/err.py", line 143, in raise_mysql_exception
    raise errorclass(errno, errval)
pymysql.err.ProgrammingError: (1146, "Table 'web_b2b.b_op_log' doesn't exist")

The above exception was the direct cause of the following exception:

Traceback (most recent call last):
  File "/root/web_b2b/server_venv/lib/python3.12/site-packages/django/core/handlers/exception.py", line 47, in inner
    response = get_response(request)
               ^^^^^^^^^^^^^^^^^^^^^
  File "/root/web_b2b/server_venv/lib/python3.12/site-packages/django/utils/deprecation.py", line 119, in __call__
    response = self.process_response(request, response)
               ^^^^^^^^^^^^^^^^^^^^^^^^^^^^^^^^^^^^^^^^
  File "/root/web_b2b/server/myapp/middlewares/LogMiddleware.py", line 52, in process_response
    serializer.save()
  File "/root/web_b2b/server_venv/lib/python3.12/site-packages/rest_framework/serializers.py", line 212, in save
    self.instance = self.create(validated_data)
                    ^^^^^^^^^^^^^^^^^^^^^^^^^^^
  File "/root/web_b2b/server_venv/lib/python3.12/site-packages/rest_framework/serializers.py", line 962, in create
    instance = ModelClass._default_manager.create(**validated_data)
               ^^^^^^^^^^^^^^^^^^^^^^^^^^^^^^^^^^^^^^^^^^^^^^^^^^^^
  File "/root/web_b2b/server_venv/lib/python3.12/site-packages/django/db/models/manager.py", line 85, in manager_method
    return getattr(self.get_queryset(), name)(*args, **kwargs)
           ^^^^^^^^^^^^^^^^^^^^^^^^^^^^^^^^^^^^^^^^^^^^^^^^^^^
  File "/root/web_b2b/server_venv/lib/python3.12/site-packages/django/db/models/query.py", line 453, in create
    obj.save(force_insert=True, using=self.db)
  File "/root/web_b2b/server_venv/lib/python3.12/site-packages/django/db/models/base.py", line 739, in save
    self.save_base(using=using, force_insert=force_insert,
  File "/root/web_b2b/server_venv/lib/python3.12/site-packages/django/db/models/base.py", line 776, in save_base
    updated = self._save_table(
              ^^^^^^^^^^^^^^^^^
  File "/root/web_b2b/server_venv/lib/python3.12/site-packages/django/db/models/base.py", line 881, in _save_table
    results = self._do_insert(cls._base_manager, using, fields, returning_fields, raw)
              ^^^^^^^^^^^^^^^^^^^^^^^^^^^^^^^^^^^^^^^^^^^^^^^^^^^^^^^^^^^^^^^^^^^^^^^^
  File "/root/web_b2b/server_venv/lib/python3.12/site-packages/django/db/models/base.py", line 919, in _do_insert
    return manager._insert(
           ^^^^^^^^^^^^^^^^
  File "/root/web_b2b/server_venv/lib/python3.12/site-packages/django/db/models/manager.py", line 85, in manager_method
    return getattr(self.get_queryset(), name)(*args, **kwargs)
           ^^^^^^^^^^^^^^^^^^^^^^^^^^^^^^^^^^^^^^^^^^^^^^^^^^^
  File "/root/web_b2b/server_venv/lib/python3.12/site-packages/django/db/models/query.py", line 1270, in _insert
    return query.get_compiler(using=using).execute_sql(returning_fields)
           ^^^^^^^^^^^^^^^^^^^^^^^^^^^^^^^^^^^^^^^^^^^^^^^^^^^^^^^^^^^^^
  File "/root/web_b2b/server_venv/lib/python3.12/site-packages/django/db/models/sql/compiler.py", line 1416, in execute_sql
    cursor.execute(sql, params)
  File "/root/web_b2b/server_venv/lib/python3.12/site-packages/django/db/backends/utils.py", line 98, in execute
    return super().execute(sql, params)
           ^^^^^^^^^^^^^^^^^^^^^^^^^^^^
  File "/root/web_b2b/server_venv/lib/python3.12/site-packages/django/db/backends/utils.py", line 66, in execute
    return self._execute_with_wrappers(sql, params, many=False, executor=self._execute)
           ^^^^^^^^^^^^^^^^^^^^^^^^^^^^^^^^^^^^^^^^^^^^^^^^^^^^^^^^^^^^^^^^^^^^^^^^^^^^
  File "/root/web_b2b/server_venv/lib/python3.12/site-packages/django/db/backends/utils.py", line 75, in _execute_with_wrappers
    return executor(sql, params, many, context)
           ^^^^^^^^^^^^^^^^^^^^^^^^^^^^^^^^^^^^
  File "/root/web_b2b/server_venv/lib/python3.12/site-packages/django/db/backends/utils.py", line 79, in _execute
    with self.db.wrap_database_errors:
  File "/root/web_b2b/server_venv/lib/python3.12/site-packages/django/db/utils.py", line 90, in __exit__
    raise dj_exc_value.with_traceback(traceback) from exc_value
  File "/root/web_b2b/server_venv/lib/python3.12/site-packages/django/db/backends/utils.py", line 84, in _execute
    return self.cursor.execute(sql, params)
           ^^^^^^^^^^^^^^^^^^^^^^^^^^^^^^^^
  File "/root/web_b2b/server_venv/lib/python3.12/site-packages/django/db/backends/mysql/base.py", line 73, in execute
    return self.cursor.execute(query, args)
           ^^^^^^^^^^^^^^^^^^^^^^^^^^^^^^^^
  File "/root/web_b2b/server_venv/lib/python3.12/site-packages/pymysql/cursors.py", line 148, in execute
    result = self._query(query)
             ^^^^^^^^^^^^^^^^^^
  File "/root/web_b2b/server_venv/lib/python3.12/site-packages/pymysql/cursors.py", line 310, in _query
    conn.query(q)
  File "/root/web_b2b/server_venv/lib/python3.12/site-packages/pymysql/connections.py", line 548, in query
    self._affected_rows = self._read_query_result(unbuffered=unbuffered)
                          ^^^^^^^^^^^^^^^^^^^^^^^^^^^^^^^^^^^^^^^^^^^^^^
  File "/root/web_b2b/server_venv/lib/python3.12/site-packages/pymysql/connections.py", line 775, in _read_query_result
    result.read()
  File "/root/web_b2b/server_venv/lib/python3.12/site-packages/pymysql/connections.py", line 1156, in read
    first_packet = self.connection._read_packet()
                   ^^^^^^^^^^^^^^^^^^^^^^^^^^^^^^
  File "/root/web_b2b/server_venv/lib/python3.12/site-packages/pymysql/connections.py", line 725, in _read_packet
    packet.raise_for_error()
  File "/root/web_b2b/server_venv/lib/python3.12/site-packages/pymysql/protocol.py", line 221, in raise_for_error
    err.raise_mysql_exception(self._data)
  File "/root/web_b2b/server_venv/lib/python3.12/site-packages/pymysql/err.py", line 143, in raise_mysql_exception
    raise errorclass(errno, errval)
django.db.utils.ProgrammingError: (1146, "Table 'web_b2b.b_op_log' doesn't exist")
"GET /myapp/admin/thing/list?page=1&pageSize=10&keyword= HTTP/1.0" 500 232750
Internal Server Error: /myapp/admin/category/list
Traceback (most recent call last):
  File "/root/web_b2b/server_venv/lib/python3.12/site-packages/django/db/backends/utils.py", line 84, in _execute
    return self.cursor.execute(sql, params)
           ^^^^^^^^^^^^^^^^^^^^^^^^^^^^^^^^
  File "/root/web_b2b/server_venv/lib/python3.12/site-packages/django/db/backends/mysql/base.py", line 73, in execute
    return self.cursor.execute(query, args)
           ^^^^^^^^^^^^^^^^^^^^^^^^^^^^^^^^
  File "/root/web_b2b/server_venv/lib/python3.12/site-packages/pymysql/cursors.py", line 148, in execute
    result = self._query(query)
             ^^^^^^^^^^^^^^^^^^
  File "/root/web_b2b/server_venv/lib/python3.12/site-packages/pymysql/cursors.py", line 310, in _query
    conn.query(q)
  File "/root/web_b2b/server_venv/lib/python3.12/site-packages/pymysql/connections.py", line 548, in query
    self._affected_rows = self._read_query_result(unbuffered=unbuffered)
                          ^^^^^^^^^^^^^^^^^^^^^^^^^^^^^^^^^^^^^^^^^^^^^^
  File "/root/web_b2b/server_venv/lib/python3.12/site-packages/pymysql/connections.py", line 775, in _read_query_result
    result.read()
  File "/root/web_b2b/server_venv/lib/python3.12/site-packages/pymysql/connections.py", line 1156, in read
    first_packet = self.connection._read_packet()
                   ^^^^^^^^^^^^^^^^^^^^^^^^^^^^^^
  File "/root/web_b2b/server_venv/lib/python3.12/site-packages/pymysql/connections.py", line 725, in _read_packet
    packet.raise_for_error()
  File "/root/web_b2b/server_venv/lib/python3.12/site-packages/pymysql/protocol.py", line 221, in raise_for_error
    err.raise_mysql_exception(self._data)
  File "/root/web_b2b/server_venv/lib/python3.12/site-packages/pymysql/err.py", line 143, in raise_mysql_exception
    raise errorclass(errno, errval)
pymysql.err.ProgrammingError: (1146, "Table 'web_b2b.b_user' doesn't exist")

The above exception was the direct cause of the following exception:

Traceback (most recent call last):
  File "/root/web_b2b/server_venv/lib/python3.12/site-packages/django/core/handlers/exception.py", line 47, in inner
    response = get_response(request)
               ^^^^^^^^^^^^^^^^^^^^^
  File "/root/web_b2b/server_venv/lib/python3.12/site-packages/django/core/handlers/base.py", line 181, in _get_response
    response = wrapped_callback(request, *callback_args, **callback_kwargs)
               ^^^^^^^^^^^^^^^^^^^^^^^^^^^^^^^^^^^^^^^^^^^^^^^^^^^^^^^^^^^^
  File "/root/web_b2b/server_venv/lib/python3.12/site-packages/django/views/decorators/csrf.py", line 54, in wrapped_view
    return view_func(*args, **kwargs)
           ^^^^^^^^^^^^^^^^^^^^^^^^^^
  File "/root/web_b2b/server_venv/lib/python3.12/site-packages/django/views/generic/base.py", line 70, in view
    return self.dispatch(request, *args, **kwargs)
           ^^^^^^^^^^^^^^^^^^^^^^^^^^^^^^^^^^^^^^^
  File "/root/web_b2b/server_venv/lib/python3.12/site-packages/rest_framework/views.py", line 509, in dispatch
    response = self.handle_exception(exc)
               ^^^^^^^^^^^^^^^^^^^^^^^^^^
  File "/root/web_b2b/server_venv/lib/python3.12/site-packages/rest_framework/views.py", line 469, in handle_exception
    self.raise_uncaught_exception(exc)
  File "/root/web_b2b/server_venv/lib/python3.12/site-packages/rest_framework/views.py", line 480, in raise_uncaught_exception
    raise exc
  File "/root/web_b2b/server_venv/lib/python3.12/site-packages/rest_framework/views.py", line 497, in dispatch
    self.initial(request, *args, **kwargs)
  File "/root/web_b2b/server_venv/lib/python3.12/site-packages/rest_framework/views.py", line 414, in initial
    self.perform_authentication(request)
  File "/root/web_b2b/server_venv/lib/python3.12/site-packages/rest_framework/views.py", line 324, in perform_authentication
    request.user
  File "/root/web_b2b/server_venv/lib/python3.12/site-packages/rest_framework/request.py", line 227, in user
    self._authenticate()
  File "/root/web_b2b/server_venv/lib/python3.12/site-packages/rest_framework/request.py", line 380, in _authenticate
    user_auth_tuple = authenticator.authenticate(self)
                      ^^^^^^^^^^^^^^^^^^^^^^^^^^^^^^^^
  File "/root/web_b2b/server/myapp/auth/authentication.py", line 25, in authenticate
    if not adminToken or len(users) == 0 or int(users[0].exp) < ts:
                         ^^^^^^^^^^
  File "/root/web_b2b/server_venv/lib/python3.12/site-packages/django/db/models/query.py", line 262, in __len__
    self._fetch_all()
  File "/root/web_b2b/server_venv/lib/python3.12/site-packages/django/db/models/query.py", line 1324, in _fetch_all
    self._result_cache = list(self._iterable_class(self))
                         ^^^^^^^^^^^^^^^^^^^^^^^^^^^^^^^^
  File "/root/web_b2b/server_venv/lib/python3.12/site-packages/django/db/models/query.py", line 51, in __iter__
    results = compiler.execute_sql(chunked_fetch=self.chunked_fetch, chunk_size=self.chunk_size)
              ^^^^^^^^^^^^^^^^^^^^^^^^^^^^^^^^^^^^^^^^^^^^^^^^^^^^^^^^^^^^^^^^^^^^^^^^^^^^^^^^^^
  File "/root/web_b2b/server_venv/lib/python3.12/site-packages/django/db/models/sql/compiler.py", line 1175, in execute_sql
    cursor.execute(sql, params)
  File "/root/web_b2b/server_venv/lib/python3.12/site-packages/django/db/backends/utils.py", line 98, in execute
    return super().execute(sql, params)
           ^^^^^^^^^^^^^^^^^^^^^^^^^^^^
  File "/root/web_b2b/server_venv/lib/python3.12/site-packages/django/db/backends/utils.py", line 66, in execute
    return self._execute_with_wrappers(sql, params, many=False, executor=self._execute)
           ^^^^^^^^^^^^^^^^^^^^^^^^^^^^^^^^^^^^^^^^^^^^^^^^^^^^^^^^^^^^^^^^^^^^^^^^^^^^
  File "/root/web_b2b/server_venv/lib/python3.12/site-packages/django/db/backends/utils.py", line 75, in _execute_with_wrappers
    return executor(sql, params, many, context)
           ^^^^^^^^^^^^^^^^^^^^^^^^^^^^^^^^^^^^
  File "/root/web_b2b/server_venv/lib/python3.12/site-packages/django/db/backends/utils.py", line 79, in _execute
    with self.db.wrap_database_errors:
  File "/root/web_b2b/server_venv/lib/python3.12/site-packages/django/db/utils.py", line 90, in __exit__
    raise dj_exc_value.with_traceback(traceback) from exc_value
  File "/root/web_b2b/server_venv/lib/python3.12/site-packages/django/db/backends/utils.py", line 84, in _execute
    return self.cursor.execute(sql, params)
           ^^^^^^^^^^^^^^^^^^^^^^^^^^^^^^^^
  File "/root/web_b2b/server_venv/lib/python3.12/site-packages/django/db/backends/mysql/base.py", line 73, in execute
    return self.cursor.execute(query, args)
           ^^^^^^^^^^^^^^^^^^^^^^^^^^^^^^^^
  File "/root/web_b2b/server_venv/lib/python3.12/site-packages/pymysql/cursors.py", line 148, in execute
    result = self._query(query)
             ^^^^^^^^^^^^^^^^^^
  File "/root/web_b2b/server_venv/lib/python3.12/site-packages/pymysql/cursors.py", line 310, in _query
    conn.query(q)
  File "/root/web_b2b/server_venv/lib/python3.12/site-packages/pymysql/connections.py", line 548, in query
    self._affected_rows = self._read_query_result(unbuffered=unbuffered)
                          ^^^^^^^^^^^^^^^^^^^^^^^^^^^^^^^^^^^^^^^^^^^^^^
  File "/root/web_b2b/server_venv/lib/python3.12/site-packages/pymysql/connections.py", line 775, in _read_query_result
    result.read()
  File "/root/web_b2b/server_venv/lib/python3.12/site-packages/pymysql/connections.py", line 1156, in read
    first_packet = self.connection._read_packet()
                   ^^^^^^^^^^^^^^^^^^^^^^^^^^^^^^
  File "/root/web_b2b/server_venv/lib/python3.12/site-packages/pymysql/connections.py", line 725, in _read_packet
    packet.raise_for_error()
  File "/root/web_b2b/server_venv/lib/python3.12/site-packages/pymysql/protocol.py", line 221, in raise_for_error
    err.raise_mysql_exception(self._data)
  File "/root/web_b2b/server_venv/lib/python3.12/site-packages/pymysql/err.py", line 143, in raise_mysql_exception
    raise errorclass(errno, errval)
django.db.utils.ProgrammingError: (1146, "Table 'web_b2b.b_user' doesn't exist")
Internal Server Error: /myapp/admin/category/list
Traceback (most recent call last):
  File "/root/web_b2b/server_venv/lib/python3.12/site-packages/django/db/backends/utils.py", line 84, in _execute
    return self.cursor.execute(sql, params)
           ^^^^^^^^^^^^^^^^^^^^^^^^^^^^^^^^
  File "/root/web_b2b/server_venv/lib/python3.12/site-packages/django/db/backends/mysql/base.py", line 73, in execute
    return self.cursor.execute(query, args)
           ^^^^^^^^^^^^^^^^^^^^^^^^^^^^^^^^
  File "/root/web_b2b/server_venv/lib/python3.12/site-packages/pymysql/cursors.py", line 148, in execute
    result = self._query(query)
             ^^^^^^^^^^^^^^^^^^
  File "/root/web_b2b/server_venv/lib/python3.12/site-packages/pymysql/cursors.py", line 310, in _query
    conn.query(q)
  File "/root/web_b2b/server_venv/lib/python3.12/site-packages/pymysql/connections.py", line 548, in query
    self._affected_rows = self._read_query_result(unbuffered=unbuffered)
                          ^^^^^^^^^^^^^^^^^^^^^^^^^^^^^^^^^^^^^^^^^^^^^^
  File "/root/web_b2b/server_venv/lib/python3.12/site-packages/pymysql/connections.py", line 775, in _read_query_result
    result.read()
  File "/root/web_b2b/server_venv/lib/python3.12/site-packages/pymysql/connections.py", line 1156, in read
    first_packet = self.connection._read_packet()
                   ^^^^^^^^^^^^^^^^^^^^^^^^^^^^^^
  File "/root/web_b2b/server_venv/lib/python3.12/site-packages/pymysql/connections.py", line 725, in _read_packet
    packet.raise_for_error()
  File "/root/web_b2b/server_venv/lib/python3.12/site-packages/pymysql/protocol.py", line 221, in raise_for_error
    err.raise_mysql_exception(self._data)
  File "/root/web_b2b/server_venv/lib/python3.12/site-packages/pymysql/err.py", line 143, in raise_mysql_exception
    raise errorclass(errno, errval)
pymysql.err.ProgrammingError: (1146, "Table 'web_b2b.b_op_log' doesn't exist")

The above exception was the direct cause of the following exception:

Traceback (most recent call last):
  File "/root/web_b2b/server_venv/lib/python3.12/site-packages/django/core/handlers/exception.py", line 47, in inner
    response = get_response(request)
               ^^^^^^^^^^^^^^^^^^^^^
  File "/root/web_b2b/server_venv/lib/python3.12/site-packages/django/utils/deprecation.py", line 119, in __call__
    response = self.process_response(request, response)
               ^^^^^^^^^^^^^^^^^^^^^^^^^^^^^^^^^^^^^^^^
  File "/root/web_b2b/server/myapp/middlewares/LogMiddleware.py", line 52, in process_response
    serializer.save()
  File "/root/web_b2b/server_venv/lib/python3.12/site-packages/rest_framework/serializers.py", line 212, in save
    self.instance = self.create(validated_data)
                    ^^^^^^^^^^^^^^^^^^^^^^^^^^^
  File "/root/web_b2b/server_venv/lib/python3.12/site-packages/rest_framework/serializers.py", line 962, in create
    instance = ModelClass._default_manager.create(**validated_data)
               ^^^^^^^^^^^^^^^^^^^^^^^^^^^^^^^^^^^^^^^^^^^^^^^^^^^^
  File "/root/web_b2b/server_venv/lib/python3.12/site-packages/django/db/models/manager.py", line 85, in manager_method
    return getattr(self.get_queryset(), name)(*args, **kwargs)
           ^^^^^^^^^^^^^^^^^^^^^^^^^^^^^^^^^^^^^^^^^^^^^^^^^^^
  File "/root/web_b2b/server_venv/lib/python3.12/site-packages/django/db/models/query.py", line 453, in create
    obj.save(force_insert=True, using=self.db)
  File "/root/web_b2b/server_venv/lib/python3.12/site-packages/django/db/models/base.py", line 739, in save
    self.save_base(using=using, force_insert=force_insert,
  File "/root/web_b2b/server_venv/lib/python3.12/site-packages/django/db/models/base.py", line 776, in save_base
    updated = self._save_table(
              ^^^^^^^^^^^^^^^^^
  File "/root/web_b2b/server_venv/lib/python3.12/site-packages/django/db/models/base.py", line 881, in _save_table
    results = self._do_insert(cls._base_manager, using, fields, returning_fields, raw)
              ^^^^^^^^^^^^^^^^^^^^^^^^^^^^^^^^^^^^^^^^^^^^^^^^^^^^^^^^^^^^^^^^^^^^^^^^
  File "/root/web_b2b/server_venv/lib/python3.12/site-packages/django/db/models/base.py", line 919, in _do_insert
    return manager._insert(
           ^^^^^^^^^^^^^^^^
  File "/root/web_b2b/server_venv/lib/python3.12/site-packages/django/db/models/manager.py", line 85, in manager_method
    return getattr(self.get_queryset(), name)(*args, **kwargs)
           ^^^^^^^^^^^^^^^^^^^^^^^^^^^^^^^^^^^^^^^^^^^^^^^^^^^
  File "/root/web_b2b/server_venv/lib/python3.12/site-packages/django/db/models/query.py", line 1270, in _insert
    return query.get_compiler(using=using).execute_sql(returning_fields)
           ^^^^^^^^^^^^^^^^^^^^^^^^^^^^^^^^^^^^^^^^^^^^^^^^^^^^^^^^^^^^^
  File "/root/web_b2b/server_venv/lib/python3.12/site-packages/django/db/models/sql/compiler.py", line 1416, in execute_sql
    cursor.execute(sql, params)
  File "/root/web_b2b/server_venv/lib/python3.12/site-packages/django/db/backends/utils.py", line 98, in execute
    return super().execute(sql, params)
           ^^^^^^^^^^^^^^^^^^^^^^^^^^^^
  File "/root/web_b2b/server_venv/lib/python3.12/site-packages/django/db/backends/utils.py", line 66, in execute
    return self._execute_with_wrappers(sql, params, many=False, executor=self._execute)
           ^^^^^^^^^^^^^^^^^^^^^^^^^^^^^^^^^^^^^^^^^^^^^^^^^^^^^^^^^^^^^^^^^^^^^^^^^^^^
  File "/root/web_b2b/server_venv/lib/python3.12/site-packages/django/db/backends/utils.py", line 75, in _execute_with_wrappers
    return executor(sql, params, many, context)
           ^^^^^^^^^^^^^^^^^^^^^^^^^^^^^^^^^^^^
  File "/root/web_b2b/server_venv/lib/python3.12/site-packages/django/db/backends/utils.py", line 79, in _execute
    with self.db.wrap_database_errors:
  File "/root/web_b2b/server_venv/lib/python3.12/site-packages/django/db/utils.py", line 90, in __exit__
    raise dj_exc_value.with_traceback(traceback) from exc_value
  File "/root/web_b2b/server_venv/lib/python3.12/site-packages/django/db/backends/utils.py", line 84, in _execute
    return self.cursor.execute(sql, params)
           ^^^^^^^^^^^^^^^^^^^^^^^^^^^^^^^^
  File "/root/web_b2b/server_venv/lib/python3.12/site-packages/django/db/backends/mysql/base.py", line 73, in execute
    return self.cursor.execute(query, args)
           ^^^^^^^^^^^^^^^^^^^^^^^^^^^^^^^^
  File "/root/web_b2b/server_venv/lib/python3.12/site-packages/pymysql/cursors.py", line 148, in execute
    result = self._query(query)
             ^^^^^^^^^^^^^^^^^^
  File "/root/web_b2b/server_venv/lib/python3.12/site-packages/pymysql/cursors.py", line 310, in _query
    conn.query(q)
  File "/root/web_b2b/server_venv/lib/python3.12/site-packages/pymysql/connections.py", line 548, in query
    self._affected_rows = self._read_query_result(unbuffered=unbuffered)
                          ^^^^^^^^^^^^^^^^^^^^^^^^^^^^^^^^^^^^^^^^^^^^^^
  File "/root/web_b2b/server_venv/lib/python3.12/site-packages/pymysql/connections.py", line 775, in _read_query_result
    result.read()
  File "/root/web_b2b/server_venv/lib/python3.12/site-packages/pymysql/connections.py", line 1156, in read
    first_packet = self.connection._read_packet()
                   ^^^^^^^^^^^^^^^^^^^^^^^^^^^^^^
  File "/root/web_b2b/server_venv/lib/python3.12/site-packages/pymysql/connections.py", line 725, in _read_packet
    packet.raise_for_error()
  File "/root/web_b2b/server_venv/lib/python3.12/site-packages/pymysql/protocol.py", line 221, in raise_for_error
    err.raise_mysql_exception(self._data)
  File "/root/web_b2b/server_venv/lib/python3.12/site-packages/pymysql/err.py", line 143, in raise_mysql_exception
    raise errorclass(errno, errval)
django.db.utils.ProgrammingError: (1146, "Table 'web_b2b.b_op_log' doesn't exist")
"GET /myapp/admin/category/list HTTP/1.0" 500 232095
Internal Server Error: /myapp/index/common/section
Traceback (most recent call last):
  File "/root/web_b2b/server_venv/lib/python3.12/site-packages/django/db/backends/utils.py", line 84, in _execute
    return self.cursor.execute(sql, params)
           ^^^^^^^^^^^^^^^^^^^^^^^^^^^^^^^^
  File "/root/web_b2b/server_venv/lib/python3.12/site-packages/django/db/backends/mysql/base.py", line 73, in execute
    return self.cursor.execute(query, args)
           ^^^^^^^^^^^^^^^^^^^^^^^^^^^^^^^^
  File "/root/web_b2b/server_venv/lib/python3.12/site-packages/pymysql/cursors.py", line 148, in execute
    result = self._query(query)
             ^^^^^^^^^^^^^^^^^^
  File "/root/web_b2b/server_venv/lib/python3.12/site-packages/pymysql/cursors.py", line 310, in _query
    conn.query(q)
  File "/root/web_b2b/server_venv/lib/python3.12/site-packages/pymysql/connections.py", line 548, in query
    self._affected_rows = self._read_query_result(unbuffered=unbuffered)
                          ^^^^^^^^^^^^^^^^^^^^^^^^^^^^^^^^^^^^^^^^^^^^^^
  File "/root/web_b2b/server_venv/lib/python3.12/site-packages/pymysql/connections.py", line 775, in _read_query_result
    result.read()
  File "/root/web_b2b/server_venv/lib/python3.12/site-packages/pymysql/connections.py", line 1156, in read
    first_packet = self.connection._read_packet()
                   ^^^^^^^^^^^^^^^^^^^^^^^^^^^^^^
  File "/root/web_b2b/server_venv/lib/python3.12/site-packages/pymysql/connections.py", line 725, in _read_packet
    packet.raise_for_error()
  File "/root/web_b2b/server_venv/lib/python3.12/site-packages/pymysql/protocol.py", line 221, in raise_for_error
    err.raise_mysql_exception(self._data)
  File "/root/web_b2b/server_venv/lib/python3.12/site-packages/pymysql/err.py", line 143, in raise_mysql_exception
    raise errorclass(errno, errval)
pymysql.err.ProgrammingError: (1146, "Table 'web_b2b.b_basic_site' doesn't exist")

The above exception was the direct cause of the following exception:

Traceback (most recent call last):
  File "/root/web_b2b/server_venv/lib/python3.12/site-packages/django/core/handlers/exception.py", line 47, in inner
    response = get_response(request)
               ^^^^^^^^^^^^^^^^^^^^^
  File "/root/web_b2b/server_venv/lib/python3.12/site-packages/django/core/handlers/base.py", line 181, in _get_response
    response = wrapped_callback(request, *callback_args, **callback_kwargs)
               ^^^^^^^^^^^^^^^^^^^^^^^^^^^^^^^^^^^^^^^^^^^^^^^^^^^^^^^^^^^^
  File "/root/web_b2b/server_venv/lib/python3.12/site-packages/django/views/decorators/csrf.py", line 54, in wrapped_view
    return view_func(*args, **kwargs)
           ^^^^^^^^^^^^^^^^^^^^^^^^^^
  File "/root/web_b2b/server_venv/lib/python3.12/site-packages/django/views/generic/base.py", line 70, in view
    return self.dispatch(request, *args, **kwargs)
           ^^^^^^^^^^^^^^^^^^^^^^^^^^^^^^^^^^^^^^^
  File "/root/web_b2b/server_venv/lib/python3.12/site-packages/rest_framework/views.py", line 509, in dispatch
    response = self.handle_exception(exc)
               ^^^^^^^^^^^^^^^^^^^^^^^^^^
  File "/root/web_b2b/server_venv/lib/python3.12/site-packages/rest_framework/views.py", line 469, in handle_exception
    self.raise_uncaught_exception(exc)
  File "/root/web_b2b/server_venv/lib/python3.12/site-packages/rest_framework/views.py", line 480, in raise_uncaught_exception
    raise exc
  File "/root/web_b2b/server_venv/lib/python3.12/site-packages/rest_framework/views.py", line 506, in dispatch
    response = handler(request, *args, **kwargs)
               ^^^^^^^^^^^^^^^^^^^^^^^^^^^^^^^^^
  File "/root/web_b2b/server_venv/lib/python3.12/site-packages/rest_framework/decorators.py", line 41, in handler
    return func(*args, **kwargs)
           ^^^^^^^^^^^^^^^^^^^^^
  File "/root/web_b2b/server/myapp/views/index/common.py", line 38, in section
    basicSite = BasicSite.get_solo()
                ^^^^^^^^^^^^^^^^^^^^
  File "/root/web_b2b/server/myapp/models.py", line 193, in get_solo
    return cls.objects.get()
           ^^^^^^^^^^^^^^^^^
  File "/root/web_b2b/server_venv/lib/python3.12/site-packages/django/db/models/manager.py", line 85, in manager_method
    return getattr(self.get_queryset(), name)(*args, **kwargs)
           ^^^^^^^^^^^^^^^^^^^^^^^^^^^^^^^^^^^^^^^^^^^^^^^^^^^
  File "/root/web_b2b/server_venv/lib/python3.12/site-packages/django/db/models/query.py", line 431, in get
    num = len(clone)
          ^^^^^^^^^^
  File "/root/web_b2b/server_venv/lib/python3.12/site-packages/django/db/models/query.py", line 262, in __len__
    self._fetch_all()
  File "/root/web_b2b/server_venv/lib/python3.12/site-packages/django/db/models/query.py", line 1324, in _fetch_all
    self._result_cache = list(self._iterable_class(self))
                         ^^^^^^^^^^^^^^^^^^^^^^^^^^^^^^^^
  File "/root/web_b2b/server_venv/lib/python3.12/site-packages/django/db/models/query.py", line 51, in __iter__
    results = compiler.execute_sql(chunked_fetch=self.chunked_fetch, chunk_size=self.chunk_size)
              ^^^^^^^^^^^^^^^^^^^^^^^^^^^^^^^^^^^^^^^^^^^^^^^^^^^^^^^^^^^^^^^^^^^^^^^^^^^^^^^^^^
  File "/root/web_b2b/server_venv/lib/python3.12/site-packages/django/db/models/sql/compiler.py", line 1175, in execute_sql
    cursor.execute(sql, params)
  File "/root/web_b2b/server_venv/lib/python3.12/site-packages/django/db/backends/utils.py", line 98, in execute
    return super().execute(sql, params)
           ^^^^^^^^^^^^^^^^^^^^^^^^^^^^
  File "/root/web_b2b/server_venv/lib/python3.12/site-packages/django/db/backends/utils.py", line 66, in execute
    return self._execute_with_wrappers(sql, params, many=False, executor=self._execute)
           ^^^^^^^^^^^^^^^^^^^^^^^^^^^^^^^^^^^^^^^^^^^^^^^^^^^^^^^^^^^^^^^^^^^^^^^^^^^^
  File "/root/web_b2b/server_venv/lib/python3.12/site-packages/django/db/backends/utils.py", line 75, in _execute_with_wrappers
    return executor(sql, params, many, context)
           ^^^^^^^^^^^^^^^^^^^^^^^^^^^^^^^^^^^^
  File "/root/web_b2b/server_venv/lib/python3.12/site-packages/django/db/backends/utils.py", line 79, in _execute
    with self.db.wrap_database_errors:
  File "/root/web_b2b/server_venv/lib/python3.12/site-packages/django/db/utils.py", line 90, in __exit__
    raise dj_exc_value.with_traceback(traceback) from exc_value
  File "/root/web_b2b/server_venv/lib/python3.12/site-packages/django/db/backends/utils.py", line 84, in _execute
    return self.cursor.execute(sql, params)
           ^^^^^^^^^^^^^^^^^^^^^^^^^^^^^^^^
  File "/root/web_b2b/server_venv/lib/python3.12/site-packages/django/db/backends/mysql/base.py", line 73, in execute
    return self.cursor.execute(query, args)
           ^^^^^^^^^^^^^^^^^^^^^^^^^^^^^^^^
  File "/root/web_b2b/server_venv/lib/python3.12/site-packages/pymysql/cursors.py", line 148, in execute
    result = self._query(query)
             ^^^^^^^^^^^^^^^^^^
  File "/root/web_b2b/server_venv/lib/python3.12/site-packages/pymysql/cursors.py", line 310, in _query
    conn.query(q)
  File "/root/web_b2b/server_venv/lib/python3.12/site-packages/pymysql/connections.py", line 548, in query
    self._affected_rows = self._read_query_result(unbuffered=unbuffered)
                          ^^^^^^^^^^^^^^^^^^^^^^^^^^^^^^^^^^^^^^^^^^^^^^
  File "/root/web_b2b/server_venv/lib/python3.12/site-packages/pymysql/connections.py", line 775, in _read_query_result
    result.read()
  File "/root/web_b2b/server_venv/lib/python3.12/site-packages/pymysql/connections.py", line 1156, in read
    first_packet = self.connection._read_packet()
                   ^^^^^^^^^^^^^^^^^^^^^^^^^^^^^^
  File "/root/web_b2b/server_venv/lib/python3.12/site-packages/pymysql/connections.py", line 725, in _read_packet
    packet.raise_for_error()
  File "/root/web_b2b/server_venv/lib/python3.12/site-packages/pymysql/protocol.py", line 221, in raise_for_error
    err.raise_mysql_exception(self._data)
  File "/root/web_b2b/server_venv/lib/python3.12/site-packages/pymysql/err.py", line 143, in raise_mysql_exception
    raise errorclass(errno, errval)
django.db.utils.ProgrammingError: (1146, "Table 'web_b2b.b_basic_site' doesn't exist")
Internal Server Error: /myapp/index/home/section
Traceback (most recent call last):
  File "/root/web_b2b/server_venv/lib/python3.12/site-packages/django/db/backends/utils.py", line 84, in _execute
    return self.cursor.execute(sql, params)
           ^^^^^^^^^^^^^^^^^^^^^^^^^^^^^^^^
  File "/root/web_b2b/server_venv/lib/python3.12/site-packages/django/db/backends/mysql/base.py", line 73, in execute
    return self.cursor.execute(query, args)
           ^^^^^^^^^^^^^^^^^^^^^^^^^^^^^^^^
  File "/root/web_b2b/server_venv/lib/python3.12/site-packages/pymysql/cursors.py", line 148, in execute
    result = self._query(query)
             ^^^^^^^^^^^^^^^^^^
  File "/root/web_b2b/server_venv/lib/python3.12/site-packages/pymysql/cursors.py", line 310, in _query
    conn.query(q)
  File "/root/web_b2b/server_venv/lib/python3.12/site-packages/pymysql/connections.py", line 548, in query
    self._affected_rows = self._read_query_result(unbuffered=unbuffered)
                          ^^^^^^^^^^^^^^^^^^^^^^^^^^^^^^^^^^^^^^^^^^^^^^
  File "/root/web_b2b/server_venv/lib/python3.12/site-packages/pymysql/connections.py", line 775, in _read_query_result
    result.read()
  File "/root/web_b2b/server_venv/lib/python3.12/site-packages/pymysql/connections.py", line 1156, in read
    first_packet = self.connection._read_packet()
                   ^^^^^^^^^^^^^^^^^^^^^^^^^^^^^^
  File "/root/web_b2b/server_venv/lib/python3.12/site-packages/pymysql/connections.py", line 725, in _read_packet
    packet.raise_for_error()
  File "/root/web_b2b/server_venv/lib/python3.12/site-packages/pymysql/protocol.py", line 221, in raise_for_error
    err.raise_mysql_exception(self._data)
  File "/root/web_b2b/server_venv/lib/python3.12/site-packages/pymysql/err.py", line 143, in raise_mysql_exception
    raise errorclass(errno, errval)
pymysql.err.ProgrammingError: (1146, "Table 'web_b2b.b_basic_tdk' doesn't exist")

The above exception was the direct cause of the following exception:

Traceback (most recent call last):
  File "/root/web_b2b/server_venv/lib/python3.12/site-packages/django/core/handlers/exception.py", line 47, in inner
    response = get_response(request)
               ^^^^^^^^^^^^^^^^^^^^^
  File "/root/web_b2b/server_venv/lib/python3.12/site-packages/django/core/handlers/base.py", line 181, in _get_response
    response = wrapped_callback(request, *callback_args, **callback_kwargs)
               ^^^^^^^^^^^^^^^^^^^^^^^^^^^^^^^^^^^^^^^^^^^^^^^^^^^^^^^^^^^^
  File "/root/web_b2b/server_venv/lib/python3.12/site-packages/django/views/decorators/csrf.py", line 54, in wrapped_view
    return view_func(*args, **kwargs)
           ^^^^^^^^^^^^^^^^^^^^^^^^^^
  File "/root/web_b2b/server_venv/lib/python3.12/site-packages/django/views/generic/base.py", line 70, in view
    return self.dispatch(request, *args, **kwargs)
           ^^^^^^^^^^^^^^^^^^^^^^^^^^^^^^^^^^^^^^^
  File "/root/web_b2b/server_venv/lib/python3.12/site-packages/rest_framework/views.py", line 509, in dispatch
    response = self.handle_exception(exc)
               ^^^^^^^^^^^^^^^^^^^^^^^^^^
  File "/root/web_b2b/server_venv/lib/python3.12/site-packages/rest_framework/views.py", line 469, in handle_exception
    self.raise_uncaught_exception(exc)
  File "/root/web_b2b/server_venv/lib/python3.12/site-packages/rest_framework/views.py", line 480, in raise_uncaught_exception
    raise exc
  File "/root/web_b2b/server_venv/lib/python3.12/site-packages/rest_framework/views.py", line 506, in dispatch
    response = handler(request, *args, **kwargs)
               ^^^^^^^^^^^^^^^^^^^^^^^^^^^^^^^^^
  File "/root/web_b2b/server_venv/lib/python3.12/site-packages/rest_framework/decorators.py", line 41, in handler
    return func(*args, **kwargs)
           ^^^^^^^^^^^^^^^^^^^^^
  File "/root/web_b2b/server/myapp/views/index/home.py", line 28, in section
    basicTdk = BasicTdk.get_solo()
               ^^^^^^^^^^^^^^^^^^^
  File "/root/web_b2b/server/myapp/models.py", line 236, in get_solo
    return cls.objects.get()
           ^^^^^^^^^^^^^^^^^
  File "/root/web_b2b/server_venv/lib/python3.12/site-packages/django/db/models/manager.py", line 85, in manager_method
    return getattr(self.get_queryset(), name)(*args, **kwargs)
           ^^^^^^^^^^^^^^^^^^^^^^^^^^^^^^^^^^^^^^^^^^^^^^^^^^^
  File "/root/web_b2b/server_venv/lib/python3.12/site-packages/django/db/models/query.py", line 431, in get
    num = len(clone)
          ^^^^^^^^^^
  File "/root/web_b2b/server_venv/lib/python3.12/site-packages/django/db/models/query.py", line 262, in __len__
    self._fetch_all()
  File "/root/web_b2b/server_venv/lib/python3.12/site-packages/django/db/models/query.py", line 1324, in _fetch_all
    self._result_cache = list(self._iterable_class(self))
                         ^^^^^^^^^^^^^^^^^^^^^^^^^^^^^^^^
  File "/root/web_b2b/server_venv/lib/python3.12/site-packages/django/db/models/query.py", line 51, in __iter__
    results = compiler.execute_sql(chunked_fetch=self.chunked_fetch, chunk_size=self.chunk_size)
              ^^^^^^^^^^^^^^^^^^^^^^^^^^^^^^^^^^^^^^^^^^^^^^^^^^^^^^^^^^^^^^^^^^^^^^^^^^^^^^^^^^
  File "/root/web_b2b/server_venv/lib/python3.12/site-packages/django/db/models/sql/compiler.py", line 1175, in execute_sql
    cursor.execute(sql, params)
  File "/root/web_b2b/server_venv/lib/python3.12/site-packages/django/db/backends/utils.py", line 98, in execute
    return super().execute(sql, params)
           ^^^^^^^^^^^^^^^^^^^^^^^^^^^^
  File "/root/web_b2b/server_venv/lib/python3.12/site-packages/django/db/backends/utils.py", line 66, in execute
    return self._execute_with_wrappers(sql, params, many=False, executor=self._execute)
           ^^^^^^^^^^^^^^^^^^^^^^^^^^^^^^^^^^^^^^^^^^^^^^^^^^^^^^^^^^^^^^^^^^^^^^^^^^^^
  File "/root/web_b2b/server_venv/lib/python3.12/site-packages/django/db/backends/utils.py", line 75, in _execute_with_wrappers
    return executor(sql, params, many, context)
           ^^^^^^^^^^^^^^^^^^^^^^^^^^^^^^^^^^^^
  File "/root/web_b2b/server_venv/lib/python3.12/site-packages/django/db/backends/utils.py", line 79, in _execute
    with self.db.wrap_database_errors:
  File "/root/web_b2b/server_venv/lib/python3.12/site-packages/django/db/utils.py", line 90, in __exit__
    raise dj_exc_value.with_traceback(traceback) from exc_value
  File "/root/web_b2b/server_venv/lib/python3.12/site-packages/django/db/backends/utils.py", line 84, in _execute
    return self.cursor.execute(sql, params)
           ^^^^^^^^^^^^^^^^^^^^^^^^^^^^^^^^
  File "/root/web_b2b/server_venv/lib/python3.12/site-packages/django/db/backends/mysql/base.py", line 73, in execute
    return self.cursor.execute(query, args)
           ^^^^^^^^^^^^^^^^^^^^^^^^^^^^^^^^
  File "/root/web_b2b/server_venv/lib/python3.12/site-packages/pymysql/cursors.py", line 148, in execute
    result = self._query(query)
             ^^^^^^^^^^^^^^^^^^
  File "/root/web_b2b/server_venv/lib/python3.12/site-packages/pymysql/cursors.py", line 310, in _query
    conn.query(q)
  File "/root/web_b2b/server_venv/lib/python3.12/site-packages/pymysql/connections.py", line 548, in query
    self._affected_rows = self._read_query_result(unbuffered=unbuffered)
                          ^^^^^^^^^^^^^^^^^^^^^^^^^^^^^^^^^^^^^^^^^^^^^^
  File "/root/web_b2b/server_venv/lib/python3.12/site-packages/pymysql/connections.py", line 775, in _read_query_result
    result.read()
  File "/root/web_b2b/server_venv/lib/python3.12/site-packages/pymysql/connections.py", line 1156, in read
    first_packet = self.connection._read_packet()
                   ^^^^^^^^^^^^^^^^^^^^^^^^^^^^^^
  File "/root/web_b2b/server_venv/lib/python3.12/site-packages/pymysql/connections.py", line 725, in _read_packet
    packet.raise_for_error()
  File "/root/web_b2b/server_venv/lib/python3.12/site-packages/pymysql/protocol.py", line 221, in raise_for_error
    err.raise_mysql_exception(self._data)
  File "/root/web_b2b/server_venv/lib/python3.12/site-packages/pymysql/err.py", line 143, in raise_mysql_exception
    raise errorclass(errno, errval)
django.db.utils.ProgrammingError: (1146, "Table 'web_b2b.b_basic_tdk' doesn't exist")
Internal Server Error: /myapp/index/common/section
Traceback (most recent call last):
  File "/root/web_b2b/server_venv/lib/python3.12/site-packages/django/db/backends/utils.py", line 84, in _execute
    return self.cursor.execute(sql, params)
           ^^^^^^^^^^^^^^^^^^^^^^^^^^^^^^^^
  File "/root/web_b2b/server_venv/lib/python3.12/site-packages/django/db/backends/mysql/base.py", line 73, in execute
    return self.cursor.execute(query, args)
           ^^^^^^^^^^^^^^^^^^^^^^^^^^^^^^^^
  File "/root/web_b2b/server_venv/lib/python3.12/site-packages/pymysql/cursors.py", line 148, in execute
    result = self._query(query)
             ^^^^^^^^^^^^^^^^^^
  File "/root/web_b2b/server_venv/lib/python3.12/site-packages/pymysql/cursors.py", line 310, in _query
    conn.query(q)
  File "/root/web_b2b/server_venv/lib/python3.12/site-packages/pymysql/connections.py", line 548, in query
    self._affected_rows = self._read_query_result(unbuffered=unbuffered)
                          ^^^^^^^^^^^^^^^^^^^^^^^^^^^^^^^^^^^^^^^^^^^^^^
  File "/root/web_b2b/server_venv/lib/python3.12/site-packages/pymysql/connections.py", line 775, in _read_query_result
    result.read()
  File "/root/web_b2b/server_venv/lib/python3.12/site-packages/pymysql/connections.py", line 1156, in read
    first_packet = self.connection._read_packet()
                   ^^^^^^^^^^^^^^^^^^^^^^^^^^^^^^
  File "/root/web_b2b/server_venv/lib/python3.12/site-packages/pymysql/connections.py", line 725, in _read_packet
    packet.raise_for_error()
  File "/root/web_b2b/server_venv/lib/python3.12/site-packages/pymysql/protocol.py", line 221, in raise_for_error
    err.raise_mysql_exception(self._data)
  File "/root/web_b2b/server_venv/lib/python3.12/site-packages/pymysql/err.py", line 143, in raise_mysql_exception
    raise errorclass(errno, errval)
pymysql.err.ProgrammingError: (1146, "Table 'web_b2b.b_op_log' doesn't exist")

The above exception was the direct cause of the following exception:

Traceback (most recent call last):
  File "/root/web_b2b/server_venv/lib/python3.12/site-packages/django/core/handlers/exception.py", line 47, in inner
    response = get_response(request)
               ^^^^^^^^^^^^^^^^^^^^^
  File "/root/web_b2b/server_venv/lib/python3.12/site-packages/django/utils/deprecation.py", line 119, in __call__
    response = self.process_response(request, response)
               ^^^^^^^^^^^^^^^^^^^^^^^^^^^^^^^^^^^^^^^^
  File "/root/web_b2b/server/myapp/middlewares/LogMiddleware.py", line 52, in process_response
    serializer.save()
  File "/root/web_b2b/server_venv/lib/python3.12/site-packages/rest_framework/serializers.py", line 212, in save
    self.instance = self.create(validated_data)
                    ^^^^^^^^^^^^^^^^^^^^^^^^^^^
  File "/root/web_b2b/server_venv/lib/python3.12/site-packages/rest_framework/serializers.py", line 962, in create
    instance = ModelClass._default_manager.create(**validated_data)
               ^^^^^^^^^^^^^^^^^^^^^^^^^^^^^^^^^^^^^^^^^^^^^^^^^^^^
  File "/root/web_b2b/server_venv/lib/python3.12/site-packages/django/db/models/manager.py", line 85, in manager_method
    return getattr(self.get_queryset(), name)(*args, **kwargs)
           ^^^^^^^^^^^^^^^^^^^^^^^^^^^^^^^^^^^^^^^^^^^^^^^^^^^
  File "/root/web_b2b/server_venv/lib/python3.12/site-packages/django/db/models/query.py", line 453, in create
    obj.save(force_insert=True, using=self.db)
  File "/root/web_b2b/server_venv/lib/python3.12/site-packages/django/db/models/base.py", line 739, in save
    self.save_base(using=using, force_insert=force_insert,
  File "/root/web_b2b/server_venv/lib/python3.12/site-packages/django/db/models/base.py", line 776, in save_base
    updated = self._save_table(
              ^^^^^^^^^^^^^^^^^
  File "/root/web_b2b/server_venv/lib/python3.12/site-packages/django/db/models/base.py", line 881, in _save_table
    results = self._do_insert(cls._base_manager, using, fields, returning_fields, raw)
              ^^^^^^^^^^^^^^^^^^^^^^^^^^^^^^^^^^^^^^^^^^^^^^^^^^^^^^^^^^^^^^^^^^^^^^^^
  File "/root/web_b2b/server_venv/lib/python3.12/site-packages/django/db/models/base.py", line 919, in _do_insert
    return manager._insert(
           ^^^^^^^^^^^^^^^^
  File "/root/web_b2b/server_venv/lib/python3.12/site-packages/django/db/models/manager.py", line 85, in manager_method
    return getattr(self.get_queryset(), name)(*args, **kwargs)
           ^^^^^^^^^^^^^^^^^^^^^^^^^^^^^^^^^^^^^^^^^^^^^^^^^^^
  File "/root/web_b2b/server_venv/lib/python3.12/site-packages/django/db/models/query.py", line 1270, in _insert
    return query.get_compiler(using=using).execute_sql(returning_fields)
           ^^^^^^^^^^^^^^^^^^^^^^^^^^^^^^^^^^^^^^^^^^^^^^^^^^^^^^^^^^^^^
  File "/root/web_b2b/server_venv/lib/python3.12/site-packages/django/db/models/sql/compiler.py", line 1416, in execute_sql
    cursor.execute(sql, params)
  File "/root/web_b2b/server_venv/lib/python3.12/site-packages/django/db/backends/utils.py", line 98, in execute
    return super().execute(sql, params)
           ^^^^^^^^^^^^^^^^^^^^^^^^^^^^
  File "/root/web_b2b/server_venv/lib/python3.12/site-packages/django/db/backends/utils.py", line 66, in execute
    return self._execute_with_wrappers(sql, params, many=False, executor=self._execute)
           ^^^^^^^^^^^^^^^^^^^^^^^^^^^^^^^^^^^^^^^^^^^^^^^^^^^^^^^^^^^^^^^^^^^^^^^^^^^^
  File "/root/web_b2b/server_venv/lib/python3.12/site-packages/django/db/backends/utils.py", line 75, in _execute_with_wrappers
    return executor(sql, params, many, context)
           ^^^^^^^^^^^^^^^^^^^^^^^^^^^^^^^^^^^^
  File "/root/web_b2b/server_venv/lib/python3.12/site-packages/django/db/backends/utils.py", line 79, in _execute
    with self.db.wrap_database_errors:
  File "/root/web_b2b/server_venv/lib/python3.12/site-packages/django/db/utils.py", line 90, in __exit__
    raise dj_exc_value.with_traceback(traceback) from exc_value
  File "/root/web_b2b/server_venv/lib/python3.12/site-packages/django/db/backends/utils.py", line 84, in _execute
    return self.cursor.execute(sql, params)
           ^^^^^^^^^^^^^^^^^^^^^^^^^^^^^^^^
  File "/root/web_b2b/server_venv/lib/python3.12/site-packages/django/db/backends/mysql/base.py", line 73, in execute
    return self.cursor.execute(query, args)
           ^^^^^^^^^^^^^^^^^^^^^^^^^^^^^^^^
  File "/root/web_b2b/server_venv/lib/python3.12/site-packages/pymysql/cursors.py", line 148, in execute
    result = self._query(query)
             ^^^^^^^^^^^^^^^^^^
  File "/root/web_b2b/server_venv/lib/python3.12/site-packages/pymysql/cursors.py", line 310, in _query
    conn.query(q)
  File "/root/web_b2b/server_venv/lib/python3.12/site-packages/pymysql/connections.py", line 548, in query
    self._affected_rows = self._read_query_result(unbuffered=unbuffered)
                          ^^^^^^^^^^^^^^^^^^^^^^^^^^^^^^^^^^^^^^^^^^^^^^
  File "/root/web_b2b/server_venv/lib/python3.12/site-packages/pymysql/connections.py", line 775, in _read_query_result
    result.read()
  File "/root/web_b2b/server_venv/lib/python3.12/site-packages/pymysql/connections.py", line 1156, in read
    first_packet = self.connection._read_packet()
                   ^^^^^^^^^^^^^^^^^^^^^^^^^^^^^^
  File "/root/web_b2b/server_venv/lib/python3.12/site-packages/pymysql/connections.py", line 725, in _read_packet
    packet.raise_for_error()
  File "/root/web_b2b/server_venv/lib/python3.12/site-packages/pymysql/protocol.py", line 221, in raise_for_error
    err.raise_mysql_exception(self._data)
  File "/root/web_b2b/server_venv/lib/python3.12/site-packages/pymysql/err.py", line 143, in raise_mysql_exception
    raise errorclass(errno, errval)
django.db.utils.ProgrammingError: (1146, "Table 'web_b2b.b_op_log' doesn't exist")
"GET /myapp/index/common/section HTTP/1.1" 500 229137
Internal Server Error: /myapp/index/home/section
Traceback (most recent call last):
  File "/root/web_b2b/server_venv/lib/python3.12/site-packages/django/db/backends/utils.py", line 84, in _execute
    return self.cursor.execute(sql, params)
           ^^^^^^^^^^^^^^^^^^^^^^^^^^^^^^^^
  File "/root/web_b2b/server_venv/lib/python3.12/site-packages/django/db/backends/mysql/base.py", line 73, in execute
    return self.cursor.execute(query, args)
           ^^^^^^^^^^^^^^^^^^^^^^^^^^^^^^^^
  File "/root/web_b2b/server_venv/lib/python3.12/site-packages/pymysql/cursors.py", line 148, in execute
    result = self._query(query)
             ^^^^^^^^^^^^^^^^^^
  File "/root/web_b2b/server_venv/lib/python3.12/site-packages/pymysql/cursors.py", line 310, in _query
    conn.query(q)
  File "/root/web_b2b/server_venv/lib/python3.12/site-packages/pymysql/connections.py", line 548, in query
    self._affected_rows = self._read_query_result(unbuffered=unbuffered)
                          ^^^^^^^^^^^^^^^^^^^^^^^^^^^^^^^^^^^^^^^^^^^^^^
  File "/root/web_b2b/server_venv/lib/python3.12/site-packages/pymysql/connections.py", line 775, in _read_query_result
    result.read()
  File "/root/web_b2b/server_venv/lib/python3.12/site-packages/pymysql/connections.py", line 1156, in read
    first_packet = self.connection._read_packet()
                   ^^^^^^^^^^^^^^^^^^^^^^^^^^^^^^
  File "/root/web_b2b/server_venv/lib/python3.12/site-packages/pymysql/connections.py", line 725, in _read_packet
    packet.raise_for_error()
  File "/root/web_b2b/server_venv/lib/python3.12/site-packages/pymysql/protocol.py", line 221, in raise_for_error
    err.raise_mysql_exception(self._data)
  File "/root/web_b2b/server_venv/lib/python3.12/site-packages/pymysql/err.py", line 143, in raise_mysql_exception
    raise errorclass(errno, errval)
pymysql.err.ProgrammingError: (1146, "Table 'web_b2b.b_op_log' doesn't exist")

The above exception was the direct cause of the following exception:

Traceback (most recent call last):
  File "/root/web_b2b/server_venv/lib/python3.12/site-packages/django/core/handlers/exception.py", line 47, in inner
    response = get_response(request)
               ^^^^^^^^^^^^^^^^^^^^^
  File "/root/web_b2b/server_venv/lib/python3.12/site-packages/django/utils/deprecation.py", line 119, in __call__
    response = self.process_response(request, response)
               ^^^^^^^^^^^^^^^^^^^^^^^^^^^^^^^^^^^^^^^^
  File "/root/web_b2b/server/myapp/middlewares/LogMiddleware.py", line 52, in process_response
    serializer.save()
  File "/root/web_b2b/server_venv/lib/python3.12/site-packages/rest_framework/serializers.py", line 212, in save
    self.instance = self.create(validated_data)
                    ^^^^^^^^^^^^^^^^^^^^^^^^^^^
  File "/root/web_b2b/server_venv/lib/python3.12/site-packages/rest_framework/serializers.py", line 962, in create
    instance = ModelClass._default_manager.create(**validated_data)
               ^^^^^^^^^^^^^^^^^^^^^^^^^^^^^^^^^^^^^^^^^^^^^^^^^^^^
  File "/root/web_b2b/server_venv/lib/python3.12/site-packages/django/db/models/manager.py", line 85, in manager_method
    return getattr(self.get_queryset(), name)(*args, **kwargs)
           ^^^^^^^^^^^^^^^^^^^^^^^^^^^^^^^^^^^^^^^^^^^^^^^^^^^
  File "/root/web_b2b/server_venv/lib/python3.12/site-packages/django/db/models/query.py", line 453, in create
    obj.save(force_insert=True, using=self.db)
  File "/root/web_b2b/server_venv/lib/python3.12/site-packages/django/db/models/base.py", line 739, in save
    self.save_base(using=using, force_insert=force_insert,
  File "/root/web_b2b/server_venv/lib/python3.12/site-packages/django/db/models/base.py", line 776, in save_base
    updated = self._save_table(
              ^^^^^^^^^^^^^^^^^
  File "/root/web_b2b/server_venv/lib/python3.12/site-packages/django/db/models/base.py", line 881, in _save_table
    results = self._do_insert(cls._base_manager, using, fields, returning_fields, raw)
              ^^^^^^^^^^^^^^^^^^^^^^^^^^^^^^^^^^^^^^^^^^^^^^^^^^^^^^^^^^^^^^^^^^^^^^^^
  File "/root/web_b2b/server_venv/lib/python3.12/site-packages/django/db/models/base.py", line 919, in _do_insert
    return manager._insert(
           ^^^^^^^^^^^^^^^^
  File "/root/web_b2b/server_venv/lib/python3.12/site-packages/django/db/models/manager.py", line 85, in manager_method
    return getattr(self.get_queryset(), name)(*args, **kwargs)
           ^^^^^^^^^^^^^^^^^^^^^^^^^^^^^^^^^^^^^^^^^^^^^^^^^^^
  File "/root/web_b2b/server_venv/lib/python3.12/site-packages/django/db/models/query.py", line 1270, in _insert
    return query.get_compiler(using=using).execute_sql(returning_fields)
           ^^^^^^^^^^^^^^^^^^^^^^^^^^^^^^^^^^^^^^^^^^^^^^^^^^^^^^^^^^^^^
  File "/root/web_b2b/server_venv/lib/python3.12/site-packages/django/db/models/sql/compiler.py", line 1416, in execute_sql
    cursor.execute(sql, params)
  File "/root/web_b2b/server_venv/lib/python3.12/site-packages/django/db/backends/utils.py", line 98, in execute
    return super().execute(sql, params)
           ^^^^^^^^^^^^^^^^^^^^^^^^^^^^
  File "/root/web_b2b/server_venv/lib/python3.12/site-packages/django/db/backends/utils.py", line 66, in execute
    return self._execute_with_wrappers(sql, params, many=False, executor=self._execute)
           ^^^^^^^^^^^^^^^^^^^^^^^^^^^^^^^^^^^^^^^^^^^^^^^^^^^^^^^^^^^^^^^^^^^^^^^^^^^^
  File "/root/web_b2b/server_venv/lib/python3.12/site-packages/django/db/backends/utils.py", line 75, in _execute_with_wrappers
    return executor(sql, params, many, context)
           ^^^^^^^^^^^^^^^^^^^^^^^^^^^^^^^^^^^^
  File "/root/web_b2b/server_venv/lib/python3.12/site-packages/django/db/backends/utils.py", line 79, in _execute
    with self.db.wrap_database_errors:
  File "/root/web_b2b/server_venv/lib/python3.12/site-packages/django/db/utils.py", line 90, in __exit__
    raise dj_exc_value.with_traceback(traceback) from exc_value
  File "/root/web_b2b/server_venv/lib/python3.12/site-packages/django/db/backends/utils.py", line 84, in _execute
    return self.cursor.execute(sql, params)
           ^^^^^^^^^^^^^^^^^^^^^^^^^^^^^^^^
  File "/root/web_b2b/server_venv/lib/python3.12/site-packages/django/db/backends/mysql/base.py", line 73, in execute
    return self.cursor.execute(query, args)
           ^^^^^^^^^^^^^^^^^^^^^^^^^^^^^^^^
  File "/root/web_b2b/server_venv/lib/python3.12/site-packages/pymysql/cursors.py", line 148, in execute
    result = self._query(query)
             ^^^^^^^^^^^^^^^^^^
  File "/root/web_b2b/server_venv/lib/python3.12/site-packages/pymysql/cursors.py", line 310, in _query
    conn.query(q)
  File "/root/web_b2b/server_venv/lib/python3.12/site-packages/pymysql/connections.py", line 548, in query
    self._affected_rows = self._read_query_result(unbuffered=unbuffered)
                          ^^^^^^^^^^^^^^^^^^^^^^^^^^^^^^^^^^^^^^^^^^^^^^
  File "/root/web_b2b/server_venv/lib/python3.12/site-packages/pymysql/connections.py", line 775, in _read_query_result
    result.read()
  File "/root/web_b2b/server_venv/lib/python3.12/site-packages/pymysql/connections.py", line 1156, in read
    first_packet = self.connection._read_packet()
                   ^^^^^^^^^^^^^^^^^^^^^^^^^^^^^^
  File "/root/web_b2b/server_venv/lib/python3.12/site-packages/pymysql/connections.py", line 725, in _read_packet
    packet.raise_for_error()
  File "/root/web_b2b/server_venv/lib/python3.12/site-packages/pymysql/protocol.py", line 221, in raise_for_error
    err.raise_mysql_exception(self._data)
  File "/root/web_b2b/server_venv/lib/python3.12/site-packages/pymysql/err.py", line 143, in raise_mysql_exception
    raise errorclass(errno, errval)
django.db.utils.ProgrammingError: (1146, "Table 'web_b2b.b_op_log' doesn't exist")
"GET /myapp/index/home/section HTTP/1.1" 500 229239
Internal Server Error: /myapp/index/home/section
Traceback (most recent call last):
  File "/root/web_b2b/server_venv/lib/python3.12/site-packages/django/db/backends/utils.py", line 84, in _execute
    return self.cursor.execute(sql, params)
           ^^^^^^^^^^^^^^^^^^^^^^^^^^^^^^^^
  File "/root/web_b2b/server_venv/lib/python3.12/site-packages/django/db/backends/mysql/base.py", line 73, in execute
    return self.cursor.execute(query, args)
           ^^^^^^^^^^^^^^^^^^^^^^^^^^^^^^^^
  File "/root/web_b2b/server_venv/lib/python3.12/site-packages/pymysql/cursors.py", line 148, in execute
    result = self._query(query)
             ^^^^^^^^^^^^^^^^^^
  File "/root/web_b2b/server_venv/lib/python3.12/site-packages/pymysql/cursors.py", line 310, in _query
    conn.query(q)
  File "/root/web_b2b/server_venv/lib/python3.12/site-packages/pymysql/connections.py", line 548, in query
    self._affected_rows = self._read_query_result(unbuffered=unbuffered)
                          ^^^^^^^^^^^^^^^^^^^^^^^^^^^^^^^^^^^^^^^^^^^^^^
  File "/root/web_b2b/server_venv/lib/python3.12/site-packages/pymysql/connections.py", line 775, in _read_query_result
    result.read()
  File "/root/web_b2b/server_venv/lib/python3.12/site-packages/pymysql/connections.py", line 1156, in read
    first_packet = self.connection._read_packet()
                   ^^^^^^^^^^^^^^^^^^^^^^^^^^^^^^
  File "/root/web_b2b/server_venv/lib/python3.12/site-packages/pymysql/connections.py", line 725, in _read_packet
    packet.raise_for_error()
  File "/root/web_b2b/server_venv/lib/python3.12/site-packages/pymysql/protocol.py", line 221, in raise_for_error
    err.raise_mysql_exception(self._data)
  File "/root/web_b2b/server_venv/lib/python3.12/site-packages/pymysql/err.py", line 143, in raise_mysql_exception
    raise errorclass(errno, errval)
pymysql.err.ProgrammingError: (1146, "Table 'web_b2b.b_basic_tdk' doesn't exist")

The above exception was the direct cause of the following exception:

Traceback (most recent call last):
  File "/root/web_b2b/server_venv/lib/python3.12/site-packages/django/core/handlers/exception.py", line 47, in inner
    response = get_response(request)
               ^^^^^^^^^^^^^^^^^^^^^
  File "/root/web_b2b/server_venv/lib/python3.12/site-packages/django/core/handlers/base.py", line 181, in _get_response
    response = wrapped_callback(request, *callback_args, **callback_kwargs)
               ^^^^^^^^^^^^^^^^^^^^^^^^^^^^^^^^^^^^^^^^^^^^^^^^^^^^^^^^^^^^
  File "/root/web_b2b/server_venv/lib/python3.12/site-packages/django/views/decorators/csrf.py", line 54, in wrapped_view
    return view_func(*args, **kwargs)
           ^^^^^^^^^^^^^^^^^^^^^^^^^^
  File "/root/web_b2b/server_venv/lib/python3.12/site-packages/django/views/generic/base.py", line 70, in view
    return self.dispatch(request, *args, **kwargs)
           ^^^^^^^^^^^^^^^^^^^^^^^^^^^^^^^^^^^^^^^
  File "/root/web_b2b/server_venv/lib/python3.12/site-packages/rest_framework/views.py", line 509, in dispatch
    response = self.handle_exception(exc)
               ^^^^^^^^^^^^^^^^^^^^^^^^^^
  File "/root/web_b2b/server_venv/lib/python3.12/site-packages/rest_framework/views.py", line 469, in handle_exception
    self.raise_uncaught_exception(exc)
  File "/root/web_b2b/server_venv/lib/python3.12/site-packages/rest_framework/views.py", line 480, in raise_uncaught_exception
    raise exc
  File "/root/web_b2b/server_venv/lib/python3.12/site-packages/rest_framework/views.py", line 506, in dispatch
    response = handler(request, *args, **kwargs)
               ^^^^^^^^^^^^^^^^^^^^^^^^^^^^^^^^^
  File "/root/web_b2b/server_venv/lib/python3.12/site-packages/rest_framework/decorators.py", line 41, in handler
    return func(*args, **kwargs)
           ^^^^^^^^^^^^^^^^^^^^^
  File "/root/web_b2b/server/myapp/views/index/home.py", line 28, in section
    basicTdk = BasicTdk.get_solo()
               ^^^^^^^^^^^^^^^^^^^
  File "/root/web_b2b/server/myapp/models.py", line 236, in get_solo
    return cls.objects.get()
           ^^^^^^^^^^^^^^^^^
  File "/root/web_b2b/server_venv/lib/python3.12/site-packages/django/db/models/manager.py", line 85, in manager_method
    return getattr(self.get_queryset(), name)(*args, **kwargs)
           ^^^^^^^^^^^^^^^^^^^^^^^^^^^^^^^^^^^^^^^^^^^^^^^^^^^
  File "/root/web_b2b/server_venv/lib/python3.12/site-packages/django/db/models/query.py", line 431, in get
    num = len(clone)
          ^^^^^^^^^^
  File "/root/web_b2b/server_venv/lib/python3.12/site-packages/django/db/models/query.py", line 262, in __len__
    self._fetch_all()
  File "/root/web_b2b/server_venv/lib/python3.12/site-packages/django/db/models/query.py", line 1324, in _fetch_all
    self._result_cache = list(self._iterable_class(self))
                         ^^^^^^^^^^^^^^^^^^^^^^^^^^^^^^^^
  File "/root/web_b2b/server_venv/lib/python3.12/site-packages/django/db/models/query.py", line 51, in __iter__
    results = compiler.execute_sql(chunked_fetch=self.chunked_fetch, chunk_size=self.chunk_size)
              ^^^^^^^^^^^^^^^^^^^^^^^^^^^^^^^^^^^^^^^^^^^^^^^^^^^^^^^^^^^^^^^^^^^^^^^^^^^^^^^^^^
  File "/root/web_b2b/server_venv/lib/python3.12/site-packages/django/db/models/sql/compiler.py", line 1175, in execute_sql
    cursor.execute(sql, params)
  File "/root/web_b2b/server_venv/lib/python3.12/site-packages/django/db/backends/utils.py", line 98, in execute
    return super().execute(sql, params)
           ^^^^^^^^^^^^^^^^^^^^^^^^^^^^
  File "/root/web_b2b/server_venv/lib/python3.12/site-packages/django/db/backends/utils.py", line 66, in execute
    return self._execute_with_wrappers(sql, params, many=False, executor=self._execute)
           ^^^^^^^^^^^^^^^^^^^^^^^^^^^^^^^^^^^^^^^^^^^^^^^^^^^^^^^^^^^^^^^^^^^^^^^^^^^^
  File "/root/web_b2b/server_venv/lib/python3.12/site-packages/django/db/backends/utils.py", line 75, in _execute_with_wrappers
    return executor(sql, params, many, context)
           ^^^^^^^^^^^^^^^^^^^^^^^^^^^^^^^^^^^^
  File "/root/web_b2b/server_venv/lib/python3.12/site-packages/django/db/backends/utils.py", line 79, in _execute
    with self.db.wrap_database_errors:
  File "/root/web_b2b/server_venv/lib/python3.12/site-packages/django/db/utils.py", line 90, in __exit__
    raise dj_exc_value.with_traceback(traceback) from exc_value
  File "/root/web_b2b/server_venv/lib/python3.12/site-packages/django/db/backends/utils.py", line 84, in _execute
    return self.cursor.execute(sql, params)
           ^^^^^^^^^^^^^^^^^^^^^^^^^^^^^^^^
  File "/root/web_b2b/server_venv/lib/python3.12/site-packages/django/db/backends/mysql/base.py", line 73, in execute
    return self.cursor.execute(query, args)
           ^^^^^^^^^^^^^^^^^^^^^^^^^^^^^^^^
  File "/root/web_b2b/server_venv/lib/python3.12/site-packages/pymysql/cursors.py", line 148, in execute
    result = self._query(query)
             ^^^^^^^^^^^^^^^^^^
  File "/root/web_b2b/server_venv/lib/python3.12/site-packages/pymysql/cursors.py", line 310, in _query
    conn.query(q)
  File "/root/web_b2b/server_venv/lib/python3.12/site-packages/pymysql/connections.py", line 548, in query
    self._affected_rows = self._read_query_result(unbuffered=unbuffered)
                          ^^^^^^^^^^^^^^^^^^^^^^^^^^^^^^^^^^^^^^^^^^^^^^
  File "/root/web_b2b/server_venv/lib/python3.12/site-packages/pymysql/connections.py", line 775, in _read_query_result
    result.read()
  File "/root/web_b2b/server_venv/lib/python3.12/site-packages/pymysql/connections.py", line 1156, in read
    first_packet = self.connection._read_packet()
                   ^^^^^^^^^^^^^^^^^^^^^^^^^^^^^^
  File "/root/web_b2b/server_venv/lib/python3.12/site-packages/pymysql/connections.py", line 725, in _read_packet
    packet.raise_for_error()
  File "/root/web_b2b/server_venv/lib/python3.12/site-packages/pymysql/protocol.py", line 221, in raise_for_error
    err.raise_mysql_exception(self._data)
  File "/root/web_b2b/server_venv/lib/python3.12/site-packages/pymysql/err.py", line 143, in raise_mysql_exception
    raise errorclass(errno, errval)
django.db.utils.ProgrammingError: (1146, "Table 'web_b2b.b_basic_tdk' doesn't exist")
Internal Server Error: /myapp/index/home/section
Traceback (most recent call last):
  File "/root/web_b2b/server_venv/lib/python3.12/site-packages/django/db/backends/utils.py", line 84, in _execute
    return self.cursor.execute(sql, params)
           ^^^^^^^^^^^^^^^^^^^^^^^^^^^^^^^^
  File "/root/web_b2b/server_venv/lib/python3.12/site-packages/django/db/backends/mysql/base.py", line 73, in execute
    return self.cursor.execute(query, args)
           ^^^^^^^^^^^^^^^^^^^^^^^^^^^^^^^^
  File "/root/web_b2b/server_venv/lib/python3.12/site-packages/pymysql/cursors.py", line 148, in execute
    result = self._query(query)
             ^^^^^^^^^^^^^^^^^^
  File "/root/web_b2b/server_venv/lib/python3.12/site-packages/pymysql/cursors.py", line 310, in _query
    conn.query(q)
  File "/root/web_b2b/server_venv/lib/python3.12/site-packages/pymysql/connections.py", line 548, in query
    self._affected_rows = self._read_query_result(unbuffered=unbuffered)
                          ^^^^^^^^^^^^^^^^^^^^^^^^^^^^^^^^^^^^^^^^^^^^^^
  File "/root/web_b2b/server_venv/lib/python3.12/site-packages/pymysql/connections.py", line 775, in _read_query_result
    result.read()
  File "/root/web_b2b/server_venv/lib/python3.12/site-packages/pymysql/connections.py", line 1156, in read
    first_packet = self.connection._read_packet()
                   ^^^^^^^^^^^^^^^^^^^^^^^^^^^^^^
  File "/root/web_b2b/server_venv/lib/python3.12/site-packages/pymysql/connections.py", line 725, in _read_packet
    packet.raise_for_error()
  File "/root/web_b2b/server_venv/lib/python3.12/site-packages/pymysql/protocol.py", line 221, in raise_for_error
    err.raise_mysql_exception(self._data)
  File "/root/web_b2b/server_venv/lib/python3.12/site-packages/pymysql/err.py", line 143, in raise_mysql_exception
    raise errorclass(errno, errval)
pymysql.err.ProgrammingError: (1146, "Table 'web_b2b.b_op_log' doesn't exist")

The above exception was the direct cause of the following exception:

Traceback (most recent call last):
  File "/root/web_b2b/server_venv/lib/python3.12/site-packages/django/core/handlers/exception.py", line 47, in inner
    response = get_response(request)
               ^^^^^^^^^^^^^^^^^^^^^
  File "/root/web_b2b/server_venv/lib/python3.12/site-packages/django/utils/deprecation.py", line 119, in __call__
    response = self.process_response(request, response)
               ^^^^^^^^^^^^^^^^^^^^^^^^^^^^^^^^^^^^^^^^
  File "/root/web_b2b/server/myapp/middlewares/LogMiddleware.py", line 52, in process_response
    serializer.save()
  File "/root/web_b2b/server_venv/lib/python3.12/site-packages/rest_framework/serializers.py", line 212, in save
    self.instance = self.create(validated_data)
                    ^^^^^^^^^^^^^^^^^^^^^^^^^^^
  File "/root/web_b2b/server_venv/lib/python3.12/site-packages/rest_framework/serializers.py", line 962, in create
    instance = ModelClass._default_manager.create(**validated_data)
               ^^^^^^^^^^^^^^^^^^^^^^^^^^^^^^^^^^^^^^^^^^^^^^^^^^^^
  File "/root/web_b2b/server_venv/lib/python3.12/site-packages/django/db/models/manager.py", line 85, in manager_method
    return getattr(self.get_queryset(), name)(*args, **kwargs)
           ^^^^^^^^^^^^^^^^^^^^^^^^^^^^^^^^^^^^^^^^^^^^^^^^^^^
  File "/root/web_b2b/server_venv/lib/python3.12/site-packages/django/db/models/query.py", line 453, in create
    obj.save(force_insert=True, using=self.db)
  File "/root/web_b2b/server_venv/lib/python3.12/site-packages/django/db/models/base.py", line 739, in save
    self.save_base(using=using, force_insert=force_insert,
  File "/root/web_b2b/server_venv/lib/python3.12/site-packages/django/db/models/base.py", line 776, in save_base
    updated = self._save_table(
              ^^^^^^^^^^^^^^^^^
  File "/root/web_b2b/server_venv/lib/python3.12/site-packages/django/db/models/base.py", line 881, in _save_table
    results = self._do_insert(cls._base_manager, using, fields, returning_fields, raw)
              ^^^^^^^^^^^^^^^^^^^^^^^^^^^^^^^^^^^^^^^^^^^^^^^^^^^^^^^^^^^^^^^^^^^^^^^^
  File "/root/web_b2b/server_venv/lib/python3.12/site-packages/django/db/models/base.py", line 919, in _do_insert
    return manager._insert(
           ^^^^^^^^^^^^^^^^
  File "/root/web_b2b/server_venv/lib/python3.12/site-packages/django/db/models/manager.py", line 85, in manager_method
    return getattr(self.get_queryset(), name)(*args, **kwargs)
           ^^^^^^^^^^^^^^^^^^^^^^^^^^^^^^^^^^^^^^^^^^^^^^^^^^^
  File "/root/web_b2b/server_venv/lib/python3.12/site-packages/django/db/models/query.py", line 1270, in _insert
    return query.get_compiler(using=using).execute_sql(returning_fields)
           ^^^^^^^^^^^^^^^^^^^^^^^^^^^^^^^^^^^^^^^^^^^^^^^^^^^^^^^^^^^^^
  File "/root/web_b2b/server_venv/lib/python3.12/site-packages/django/db/models/sql/compiler.py", line 1416, in execute_sql
    cursor.execute(sql, params)
  File "/root/web_b2b/server_venv/lib/python3.12/site-packages/django/db/backends/utils.py", line 98, in execute
    return super().execute(sql, params)
           ^^^^^^^^^^^^^^^^^^^^^^^^^^^^
  File "/root/web_b2b/server_venv/lib/python3.12/site-packages/django/db/backends/utils.py", line 66, in execute
    return self._execute_with_wrappers(sql, params, many=False, executor=self._execute)
           ^^^^^^^^^^^^^^^^^^^^^^^^^^^^^^^^^^^^^^^^^^^^^^^^^^^^^^^^^^^^^^^^^^^^^^^^^^^^
  File "/root/web_b2b/server_venv/lib/python3.12/site-packages/django/db/backends/utils.py", line 75, in _execute_with_wrappers
    return executor(sql, params, many, context)
           ^^^^^^^^^^^^^^^^^^^^^^^^^^^^^^^^^^^^
  File "/root/web_b2b/server_venv/lib/python3.12/site-packages/django/db/backends/utils.py", line 79, in _execute
    with self.db.wrap_database_errors:
  File "/root/web_b2b/server_venv/lib/python3.12/site-packages/django/db/utils.py", line 90, in __exit__
    raise dj_exc_value.with_traceback(traceback) from exc_value
  File "/root/web_b2b/server_venv/lib/python3.12/site-packages/django/db/backends/utils.py", line 84, in _execute
    return self.cursor.execute(sql, params)
           ^^^^^^^^^^^^^^^^^^^^^^^^^^^^^^^^
  File "/root/web_b2b/server_venv/lib/python3.12/site-packages/django/db/backends/mysql/base.py", line 73, in execute
    return self.cursor.execute(query, args)
           ^^^^^^^^^^^^^^^^^^^^^^^^^^^^^^^^
  File "/root/web_b2b/server_venv/lib/python3.12/site-packages/pymysql/cursors.py", line 148, in execute
    result = self._query(query)
             ^^^^^^^^^^^^^^^^^^
  File "/root/web_b2b/server_venv/lib/python3.12/site-packages/pymysql/cursors.py", line 310, in _query
    conn.query(q)
  File "/root/web_b2b/server_venv/lib/python3.12/site-packages/pymysql/connections.py", line 548, in query
    self._affected_rows = self._read_query_result(unbuffered=unbuffered)
                          ^^^^^^^^^^^^^^^^^^^^^^^^^^^^^^^^^^^^^^^^^^^^^^
  File "/root/web_b2b/server_venv/lib/python3.12/site-packages/pymysql/connections.py", line 775, in _read_query_result
    result.read()
  File "/root/web_b2b/server_venv/lib/python3.12/site-packages/pymysql/connections.py", line 1156, in read
    first_packet = self.connection._read_packet()
                   ^^^^^^^^^^^^^^^^^^^^^^^^^^^^^^
  File "/root/web_b2b/server_venv/lib/python3.12/site-packages/pymysql/connections.py", line 725, in _read_packet
    packet.raise_for_error()
  File "/root/web_b2b/server_venv/lib/python3.12/site-packages/pymysql/protocol.py", line 221, in raise_for_error
    err.raise_mysql_exception(self._data)
  File "/root/web_b2b/server_venv/lib/python3.12/site-packages/pymysql/err.py", line 143, in raise_mysql_exception
    raise errorclass(errno, errval)
django.db.utils.ProgrammingError: (1146, "Table 'web_b2b.b_op_log' doesn't exist")
"GET /myapp/index/home/section HTTP/1.1" 500 229311
Internal Server Error: /myapp/index/common/section
Traceback (most recent call last):
  File "/root/web_b2b/server_venv/lib/python3.12/site-packages/django/db/backends/utils.py", line 84, in _execute
    return self.cursor.execute(sql, params)
           ^^^^^^^^^^^^^^^^^^^^^^^^^^^^^^^^
  File "/root/web_b2b/server_venv/lib/python3.12/site-packages/django/db/backends/mysql/base.py", line 73, in execute
    return self.cursor.execute(query, args)
           ^^^^^^^^^^^^^^^^^^^^^^^^^^^^^^^^
  File "/root/web_b2b/server_venv/lib/python3.12/site-packages/pymysql/cursors.py", line 148, in execute
    result = self._query(query)
             ^^^^^^^^^^^^^^^^^^
  File "/root/web_b2b/server_venv/lib/python3.12/site-packages/pymysql/cursors.py", line 310, in _query
    conn.query(q)
  File "/root/web_b2b/server_venv/lib/python3.12/site-packages/pymysql/connections.py", line 548, in query
    self._affected_rows = self._read_query_result(unbuffered=unbuffered)
                          ^^^^^^^^^^^^^^^^^^^^^^^^^^^^^^^^^^^^^^^^^^^^^^
  File "/root/web_b2b/server_venv/lib/python3.12/site-packages/pymysql/connections.py", line 775, in _read_query_result
    result.read()
  File "/root/web_b2b/server_venv/lib/python3.12/site-packages/pymysql/connections.py", line 1156, in read
    first_packet = self.connection._read_packet()
                   ^^^^^^^^^^^^^^^^^^^^^^^^^^^^^^
  File "/root/web_b2b/server_venv/lib/python3.12/site-packages/pymysql/connections.py", line 725, in _read_packet
    packet.raise_for_error()
  File "/root/web_b2b/server_venv/lib/python3.12/site-packages/pymysql/protocol.py", line 221, in raise_for_error
    err.raise_mysql_exception(self._data)
  File "/root/web_b2b/server_venv/lib/python3.12/site-packages/pymysql/err.py", line 143, in raise_mysql_exception
    raise errorclass(errno, errval)
pymysql.err.ProgrammingError: (1146, "Table 'web_b2b.b_basic_site' doesn't exist")

The above exception was the direct cause of the following exception:

Traceback (most recent call last):
  File "/root/web_b2b/server_venv/lib/python3.12/site-packages/django/core/handlers/exception.py", line 47, in inner
    response = get_response(request)
               ^^^^^^^^^^^^^^^^^^^^^
  File "/root/web_b2b/server_venv/lib/python3.12/site-packages/django/core/handlers/base.py", line 181, in _get_response
    response = wrapped_callback(request, *callback_args, **callback_kwargs)
               ^^^^^^^^^^^^^^^^^^^^^^^^^^^^^^^^^^^^^^^^^^^^^^^^^^^^^^^^^^^^
  File "/root/web_b2b/server_venv/lib/python3.12/site-packages/django/views/decorators/csrf.py", line 54, in wrapped_view
    return view_func(*args, **kwargs)
           ^^^^^^^^^^^^^^^^^^^^^^^^^^
  File "/root/web_b2b/server_venv/lib/python3.12/site-packages/django/views/generic/base.py", line 70, in view
    return self.dispatch(request, *args, **kwargs)
           ^^^^^^^^^^^^^^^^^^^^^^^^^^^^^^^^^^^^^^^
  File "/root/web_b2b/server_venv/lib/python3.12/site-packages/rest_framework/views.py", line 509, in dispatch
    response = self.handle_exception(exc)
               ^^^^^^^^^^^^^^^^^^^^^^^^^^
  File "/root/web_b2b/server_venv/lib/python3.12/site-packages/rest_framework/views.py", line 469, in handle_exception
    self.raise_uncaught_exception(exc)
  File "/root/web_b2b/server_venv/lib/python3.12/site-packages/rest_framework/views.py", line 480, in raise_uncaught_exception
    raise exc
  File "/root/web_b2b/server_venv/lib/python3.12/site-packages/rest_framework/views.py", line 506, in dispatch
    response = handler(request, *args, **kwargs)
               ^^^^^^^^^^^^^^^^^^^^^^^^^^^^^^^^^
  File "/root/web_b2b/server_venv/lib/python3.12/site-packages/rest_framework/decorators.py", line 41, in handler
    return func(*args, **kwargs)
           ^^^^^^^^^^^^^^^^^^^^^
  File "/root/web_b2b/server/myapp/views/index/common.py", line 38, in section
    basicSite = BasicSite.get_solo()
                ^^^^^^^^^^^^^^^^^^^^
  File "/root/web_b2b/server/myapp/models.py", line 193, in get_solo
    return cls.objects.get()
           ^^^^^^^^^^^^^^^^^
  File "/root/web_b2b/server_venv/lib/python3.12/site-packages/django/db/models/manager.py", line 85, in manager_method
    return getattr(self.get_queryset(), name)(*args, **kwargs)
           ^^^^^^^^^^^^^^^^^^^^^^^^^^^^^^^^^^^^^^^^^^^^^^^^^^^
  File "/root/web_b2b/server_venv/lib/python3.12/site-packages/django/db/models/query.py", line 431, in get
    num = len(clone)
          ^^^^^^^^^^
  File "/root/web_b2b/server_venv/lib/python3.12/site-packages/django/db/models/query.py", line 262, in __len__
    self._fetch_all()
  File "/root/web_b2b/server_venv/lib/python3.12/site-packages/django/db/models/query.py", line 1324, in _fetch_all
    self._result_cache = list(self._iterable_class(self))
                         ^^^^^^^^^^^^^^^^^^^^^^^^^^^^^^^^
  File "/root/web_b2b/server_venv/lib/python3.12/site-packages/django/db/models/query.py", line 51, in __iter__
    results = compiler.execute_sql(chunked_fetch=self.chunked_fetch, chunk_size=self.chunk_size)
              ^^^^^^^^^^^^^^^^^^^^^^^^^^^^^^^^^^^^^^^^^^^^^^^^^^^^^^^^^^^^^^^^^^^^^^^^^^^^^^^^^^
  File "/root/web_b2b/server_venv/lib/python3.12/site-packages/django/db/models/sql/compiler.py", line 1175, in execute_sql
    cursor.execute(sql, params)
  File "/root/web_b2b/server_venv/lib/python3.12/site-packages/django/db/backends/utils.py", line 98, in execute
    return super().execute(sql, params)
           ^^^^^^^^^^^^^^^^^^^^^^^^^^^^
  File "/root/web_b2b/server_venv/lib/python3.12/site-packages/django/db/backends/utils.py", line 66, in execute
    return self._execute_with_wrappers(sql, params, many=False, executor=self._execute)
           ^^^^^^^^^^^^^^^^^^^^^^^^^^^^^^^^^^^^^^^^^^^^^^^^^^^^^^^^^^^^^^^^^^^^^^^^^^^^
  File "/root/web_b2b/server_venv/lib/python3.12/site-packages/django/db/backends/utils.py", line 75, in _execute_with_wrappers
    return executor(sql, params, many, context)
           ^^^^^^^^^^^^^^^^^^^^^^^^^^^^^^^^^^^^
  File "/root/web_b2b/server_venv/lib/python3.12/site-packages/django/db/backends/utils.py", line 79, in _execute
    with self.db.wrap_database_errors:
  File "/root/web_b2b/server_venv/lib/python3.12/site-packages/django/db/utils.py", line 90, in __exit__
    raise dj_exc_value.with_traceback(traceback) from exc_value
  File "/root/web_b2b/server_venv/lib/python3.12/site-packages/django/db/backends/utils.py", line 84, in _execute
    return self.cursor.execute(sql, params)
           ^^^^^^^^^^^^^^^^^^^^^^^^^^^^^^^^
  File "/root/web_b2b/server_venv/lib/python3.12/site-packages/django/db/backends/mysql/base.py", line 73, in execute
    return self.cursor.execute(query, args)
           ^^^^^^^^^^^^^^^^^^^^^^^^^^^^^^^^
  File "/root/web_b2b/server_venv/lib/python3.12/site-packages/pymysql/cursors.py", line 148, in execute
    result = self._query(query)
             ^^^^^^^^^^^^^^^^^^
  File "/root/web_b2b/server_venv/lib/python3.12/site-packages/pymysql/cursors.py", line 310, in _query
    conn.query(q)
  File "/root/web_b2b/server_venv/lib/python3.12/site-packages/pymysql/connections.py", line 548, in query
    self._affected_rows = self._read_query_result(unbuffered=unbuffered)
                          ^^^^^^^^^^^^^^^^^^^^^^^^^^^^^^^^^^^^^^^^^^^^^^
  File "/root/web_b2b/server_venv/lib/python3.12/site-packages/pymysql/connections.py", line 775, in _read_query_result
    result.read()
  File "/root/web_b2b/server_venv/lib/python3.12/site-packages/pymysql/connections.py", line 1156, in read
    first_packet = self.connection._read_packet()
                   ^^^^^^^^^^^^^^^^^^^^^^^^^^^^^^
  File "/root/web_b2b/server_venv/lib/python3.12/site-packages/pymysql/connections.py", line 725, in _read_packet
    packet.raise_for_error()
  File "/root/web_b2b/server_venv/lib/python3.12/site-packages/pymysql/protocol.py", line 221, in raise_for_error
    err.raise_mysql_exception(self._data)
  File "/root/web_b2b/server_venv/lib/python3.12/site-packages/pymysql/err.py", line 143, in raise_mysql_exception
    raise errorclass(errno, errval)
django.db.utils.ProgrammingError: (1146, "Table 'web_b2b.b_basic_site' doesn't exist")
Internal Server Error: /myapp/index/home/section
Traceback (most recent call last):
  File "/root/web_b2b/server_venv/lib/python3.12/site-packages/django/db/backends/utils.py", line 84, in _execute
    return self.cursor.execute(sql, params)
           ^^^^^^^^^^^^^^^^^^^^^^^^^^^^^^^^
  File "/root/web_b2b/server_venv/lib/python3.12/site-packages/django/db/backends/mysql/base.py", line 73, in execute
    return self.cursor.execute(query, args)
           ^^^^^^^^^^^^^^^^^^^^^^^^^^^^^^^^
  File "/root/web_b2b/server_venv/lib/python3.12/site-packages/pymysql/cursors.py", line 148, in execute
    result = self._query(query)
             ^^^^^^^^^^^^^^^^^^
  File "/root/web_b2b/server_venv/lib/python3.12/site-packages/pymysql/cursors.py", line 310, in _query
    conn.query(q)
  File "/root/web_b2b/server_venv/lib/python3.12/site-packages/pymysql/connections.py", line 548, in query
    self._affected_rows = self._read_query_result(unbuffered=unbuffered)
                          ^^^^^^^^^^^^^^^^^^^^^^^^^^^^^^^^^^^^^^^^^^^^^^
  File "/root/web_b2b/server_venv/lib/python3.12/site-packages/pymysql/connections.py", line 775, in _read_query_result
    result.read()
  File "/root/web_b2b/server_venv/lib/python3.12/site-packages/pymysql/connections.py", line 1156, in read
    first_packet = self.connection._read_packet()
                   ^^^^^^^^^^^^^^^^^^^^^^^^^^^^^^
  File "/root/web_b2b/server_venv/lib/python3.12/site-packages/pymysql/connections.py", line 725, in _read_packet
    packet.raise_for_error()
  File "/root/web_b2b/server_venv/lib/python3.12/site-packages/pymysql/protocol.py", line 221, in raise_for_error
    err.raise_mysql_exception(self._data)
  File "/root/web_b2b/server_venv/lib/python3.12/site-packages/pymysql/err.py", line 143, in raise_mysql_exception
    raise errorclass(errno, errval)
pymysql.err.ProgrammingError: (1146, "Table 'web_b2b.b_basic_tdk' doesn't exist")

The above exception was the direct cause of the following exception:

Traceback (most recent call last):
  File "/root/web_b2b/server_venv/lib/python3.12/site-packages/django/core/handlers/exception.py", line 47, in inner
    response = get_response(request)
               ^^^^^^^^^^^^^^^^^^^^^
  File "/root/web_b2b/server_venv/lib/python3.12/site-packages/django/core/handlers/base.py", line 181, in _get_response
    response = wrapped_callback(request, *callback_args, **callback_kwargs)
               ^^^^^^^^^^^^^^^^^^^^^^^^^^^^^^^^^^^^^^^^^^^^^^^^^^^^^^^^^^^^
  File "/root/web_b2b/server_venv/lib/python3.12/site-packages/django/views/decorators/csrf.py", line 54, in wrapped_view
    return view_func(*args, **kwargs)
           ^^^^^^^^^^^^^^^^^^^^^^^^^^
  File "/root/web_b2b/server_venv/lib/python3.12/site-packages/django/views/generic/base.py", line 70, in view
    return self.dispatch(request, *args, **kwargs)
           ^^^^^^^^^^^^^^^^^^^^^^^^^^^^^^^^^^^^^^^
  File "/root/web_b2b/server_venv/lib/python3.12/site-packages/rest_framework/views.py", line 509, in dispatch
    response = self.handle_exception(exc)
               ^^^^^^^^^^^^^^^^^^^^^^^^^^
  File "/root/web_b2b/server_venv/lib/python3.12/site-packages/rest_framework/views.py", line 469, in handle_exception
    self.raise_uncaught_exception(exc)
  File "/root/web_b2b/server_venv/lib/python3.12/site-packages/rest_framework/views.py", line 480, in raise_uncaught_exception
    raise exc
  File "/root/web_b2b/server_venv/lib/python3.12/site-packages/rest_framework/views.py", line 506, in dispatch
    response = handler(request, *args, **kwargs)
               ^^^^^^^^^^^^^^^^^^^^^^^^^^^^^^^^^
  File "/root/web_b2b/server_venv/lib/python3.12/site-packages/rest_framework/decorators.py", line 41, in handler
    return func(*args, **kwargs)
           ^^^^^^^^^^^^^^^^^^^^^
  File "/root/web_b2b/server/myapp/views/index/home.py", line 28, in section
    basicTdk = BasicTdk.get_solo()
               ^^^^^^^^^^^^^^^^^^^
  File "/root/web_b2b/server/myapp/models.py", line 236, in get_solo
    return cls.objects.get()
           ^^^^^^^^^^^^^^^^^
  File "/root/web_b2b/server_venv/lib/python3.12/site-packages/django/db/models/manager.py", line 85, in manager_method
    return getattr(self.get_queryset(), name)(*args, **kwargs)
           ^^^^^^^^^^^^^^^^^^^^^^^^^^^^^^^^^^^^^^^^^^^^^^^^^^^
  File "/root/web_b2b/server_venv/lib/python3.12/site-packages/django/db/models/query.py", line 431, in get
    num = len(clone)
          ^^^^^^^^^^
  File "/root/web_b2b/server_venv/lib/python3.12/site-packages/django/db/models/query.py", line 262, in __len__
    self._fetch_all()
  File "/root/web_b2b/server_venv/lib/python3.12/site-packages/django/db/models/query.py", line 1324, in _fetch_all
    self._result_cache = list(self._iterable_class(self))
                         ^^^^^^^^^^^^^^^^^^^^^^^^^^^^^^^^
  File "/root/web_b2b/server_venv/lib/python3.12/site-packages/django/db/models/query.py", line 51, in __iter__
    results = compiler.execute_sql(chunked_fetch=self.chunked_fetch, chunk_size=self.chunk_size)
              ^^^^^^^^^^^^^^^^^^^^^^^^^^^^^^^^^^^^^^^^^^^^^^^^^^^^^^^^^^^^^^^^^^^^^^^^^^^^^^^^^^
  File "/root/web_b2b/server_venv/lib/python3.12/site-packages/django/db/models/sql/compiler.py", line 1175, in execute_sql
    cursor.execute(sql, params)
  File "/root/web_b2b/server_venv/lib/python3.12/site-packages/django/db/backends/utils.py", line 98, in execute
    return super().execute(sql, params)
           ^^^^^^^^^^^^^^^^^^^^^^^^^^^^
  File "/root/web_b2b/server_venv/lib/python3.12/site-packages/django/db/backends/utils.py", line 66, in execute
    return self._execute_with_wrappers(sql, params, many=False, executor=self._execute)
           ^^^^^^^^^^^^^^^^^^^^^^^^^^^^^^^^^^^^^^^^^^^^^^^^^^^^^^^^^^^^^^^^^^^^^^^^^^^^
  File "/root/web_b2b/server_venv/lib/python3.12/site-packages/django/db/backends/utils.py", line 75, in _execute_with_wrappers
    return executor(sql, params, many, context)
           ^^^^^^^^^^^^^^^^^^^^^^^^^^^^^^^^^^^^
  File "/root/web_b2b/server_venv/lib/python3.12/site-packages/django/db/backends/utils.py", line 79, in _execute
    with self.db.wrap_database_errors:
  File "/root/web_b2b/server_venv/lib/python3.12/site-packages/django/db/utils.py", line 90, in __exit__
    raise dj_exc_value.with_traceback(traceback) from exc_value
  File "/root/web_b2b/server_venv/lib/python3.12/site-packages/django/db/backends/utils.py", line 84, in _execute
    return self.cursor.execute(sql, params)
           ^^^^^^^^^^^^^^^^^^^^^^^^^^^^^^^^
  File "/root/web_b2b/server_venv/lib/python3.12/site-packages/django/db/backends/mysql/base.py", line 73, in execute
    return self.cursor.execute(query, args)
           ^^^^^^^^^^^^^^^^^^^^^^^^^^^^^^^^
  File "/root/web_b2b/server_venv/lib/python3.12/site-packages/pymysql/cursors.py", line 148, in execute
    result = self._query(query)
             ^^^^^^^^^^^^^^^^^^
  File "/root/web_b2b/server_venv/lib/python3.12/site-packages/pymysql/cursors.py", line 310, in _query
    conn.query(q)
  File "/root/web_b2b/server_venv/lib/python3.12/site-packages/pymysql/connections.py", line 548, in query
    self._affected_rows = self._read_query_result(unbuffered=unbuffered)
                          ^^^^^^^^^^^^^^^^^^^^^^^^^^^^^^^^^^^^^^^^^^^^^^
  File "/root/web_b2b/server_venv/lib/python3.12/site-packages/pymysql/connections.py", line 775, in _read_query_result
    result.read()
  File "/root/web_b2b/server_venv/lib/python3.12/site-packages/pymysql/connections.py", line 1156, in read
    first_packet = self.connection._read_packet()
                   ^^^^^^^^^^^^^^^^^^^^^^^^^^^^^^
  File "/root/web_b2b/server_venv/lib/python3.12/site-packages/pymysql/connections.py", line 725, in _read_packet
    packet.raise_for_error()
  File "/root/web_b2b/server_venv/lib/python3.12/site-packages/pymysql/protocol.py", line 221, in raise_for_error
    err.raise_mysql_exception(self._data)
  File "/root/web_b2b/server_venv/lib/python3.12/site-packages/pymysql/err.py", line 143, in raise_mysql_exception
    raise errorclass(errno, errval)
django.db.utils.ProgrammingError: (1146, "Table 'web_b2b.b_basic_tdk' doesn't exist")
Internal Server Error: /myapp/index/common/section
Traceback (most recent call last):
  File "/root/web_b2b/server_venv/lib/python3.12/site-packages/django/db/backends/utils.py", line 84, in _execute
    return self.cursor.execute(sql, params)
           ^^^^^^^^^^^^^^^^^^^^^^^^^^^^^^^^
  File "/root/web_b2b/server_venv/lib/python3.12/site-packages/django/db/backends/mysql/base.py", line 73, in execute
    return self.cursor.execute(query, args)
           ^^^^^^^^^^^^^^^^^^^^^^^^^^^^^^^^
  File "/root/web_b2b/server_venv/lib/python3.12/site-packages/pymysql/cursors.py", line 148, in execute
    result = self._query(query)
             ^^^^^^^^^^^^^^^^^^
  File "/root/web_b2b/server_venv/lib/python3.12/site-packages/pymysql/cursors.py", line 310, in _query
    conn.query(q)
  File "/root/web_b2b/server_venv/lib/python3.12/site-packages/pymysql/connections.py", line 548, in query
    self._affected_rows = self._read_query_result(unbuffered=unbuffered)
                          ^^^^^^^^^^^^^^^^^^^^^^^^^^^^^^^^^^^^^^^^^^^^^^
  File "/root/web_b2b/server_venv/lib/python3.12/site-packages/pymysql/connections.py", line 775, in _read_query_result
    result.read()
  File "/root/web_b2b/server_venv/lib/python3.12/site-packages/pymysql/connections.py", line 1156, in read
    first_packet = self.connection._read_packet()
                   ^^^^^^^^^^^^^^^^^^^^^^^^^^^^^^
  File "/root/web_b2b/server_venv/lib/python3.12/site-packages/pymysql/connections.py", line 725, in _read_packet
    packet.raise_for_error()
  File "/root/web_b2b/server_venv/lib/python3.12/site-packages/pymysql/protocol.py", line 221, in raise_for_error
    err.raise_mysql_exception(self._data)
  File "/root/web_b2b/server_venv/lib/python3.12/site-packages/pymysql/err.py", line 143, in raise_mysql_exception
    raise errorclass(errno, errval)
pymysql.err.ProgrammingError: (1146, "Table 'web_b2b.b_op_log' doesn't exist")

The above exception was the direct cause of the following exception:

Traceback (most recent call last):
  File "/root/web_b2b/server_venv/lib/python3.12/site-packages/django/core/handlers/exception.py", line 47, in inner
    response = get_response(request)
               ^^^^^^^^^^^^^^^^^^^^^
  File "/root/web_b2b/server_venv/lib/python3.12/site-packages/django/utils/deprecation.py", line 119, in __call__
    response = self.process_response(request, response)
               ^^^^^^^^^^^^^^^^^^^^^^^^^^^^^^^^^^^^^^^^
  File "/root/web_b2b/server/myapp/middlewares/LogMiddleware.py", line 52, in process_response
    serializer.save()
  File "/root/web_b2b/server_venv/lib/python3.12/site-packages/rest_framework/serializers.py", line 212, in save
    self.instance = self.create(validated_data)
                    ^^^^^^^^^^^^^^^^^^^^^^^^^^^
  File "/root/web_b2b/server_venv/lib/python3.12/site-packages/rest_framework/serializers.py", line 962, in create
    instance = ModelClass._default_manager.create(**validated_data)
               ^^^^^^^^^^^^^^^^^^^^^^^^^^^^^^^^^^^^^^^^^^^^^^^^^^^^
  File "/root/web_b2b/server_venv/lib/python3.12/site-packages/django/db/models/manager.py", line 85, in manager_method
    return getattr(self.get_queryset(), name)(*args, **kwargs)
           ^^^^^^^^^^^^^^^^^^^^^^^^^^^^^^^^^^^^^^^^^^^^^^^^^^^
  File "/root/web_b2b/server_venv/lib/python3.12/site-packages/django/db/models/query.py", line 453, in create
    obj.save(force_insert=True, using=self.db)
  File "/root/web_b2b/server_venv/lib/python3.12/site-packages/django/db/models/base.py", line 739, in save
    self.save_base(using=using, force_insert=force_insert,
  File "/root/web_b2b/server_venv/lib/python3.12/site-packages/django/db/models/base.py", line 776, in save_base
    updated = self._save_table(
              ^^^^^^^^^^^^^^^^^
  File "/root/web_b2b/server_venv/lib/python3.12/site-packages/django/db/models/base.py", line 881, in _save_table
    results = self._do_insert(cls._base_manager, using, fields, returning_fields, raw)
              ^^^^^^^^^^^^^^^^^^^^^^^^^^^^^^^^^^^^^^^^^^^^^^^^^^^^^^^^^^^^^^^^^^^^^^^^
  File "/root/web_b2b/server_venv/lib/python3.12/site-packages/django/db/models/base.py", line 919, in _do_insert
    return manager._insert(
           ^^^^^^^^^^^^^^^^
  File "/root/web_b2b/server_venv/lib/python3.12/site-packages/django/db/models/manager.py", line 85, in manager_method
    return getattr(self.get_queryset(), name)(*args, **kwargs)
           ^^^^^^^^^^^^^^^^^^^^^^^^^^^^^^^^^^^^^^^^^^^^^^^^^^^
  File "/root/web_b2b/server_venv/lib/python3.12/site-packages/django/db/models/query.py", line 1270, in _insert
    return query.get_compiler(using=using).execute_sql(returning_fields)
           ^^^^^^^^^^^^^^^^^^^^^^^^^^^^^^^^^^^^^^^^^^^^^^^^^^^^^^^^^^^^^
  File "/root/web_b2b/server_venv/lib/python3.12/site-packages/django/db/models/sql/compiler.py", line 1416, in execute_sql
    cursor.execute(sql, params)
  File "/root/web_b2b/server_venv/lib/python3.12/site-packages/django/db/backends/utils.py", line 98, in execute
    return super().execute(sql, params)
           ^^^^^^^^^^^^^^^^^^^^^^^^^^^^
  File "/root/web_b2b/server_venv/lib/python3.12/site-packages/django/db/backends/utils.py", line 66, in execute
    return self._execute_with_wrappers(sql, params, many=False, executor=self._execute)
           ^^^^^^^^^^^^^^^^^^^^^^^^^^^^^^^^^^^^^^^^^^^^^^^^^^^^^^^^^^^^^^^^^^^^^^^^^^^^
  File "/root/web_b2b/server_venv/lib/python3.12/site-packages/django/db/backends/utils.py", line 75, in _execute_with_wrappers
    return executor(sql, params, many, context)
           ^^^^^^^^^^^^^^^^^^^^^^^^^^^^^^^^^^^^
  File "/root/web_b2b/server_venv/lib/python3.12/site-packages/django/db/backends/utils.py", line 79, in _execute
    with self.db.wrap_database_errors:
  File "/root/web_b2b/server_venv/lib/python3.12/site-packages/django/db/utils.py", line 90, in __exit__
    raise dj_exc_value.with_traceback(traceback) from exc_value
  File "/root/web_b2b/server_venv/lib/python3.12/site-packages/django/db/backends/utils.py", line 84, in _execute
    return self.cursor.execute(sql, params)
           ^^^^^^^^^^^^^^^^^^^^^^^^^^^^^^^^
  File "/root/web_b2b/server_venv/lib/python3.12/site-packages/django/db/backends/mysql/base.py", line 73, in execute
    return self.cursor.execute(query, args)
           ^^^^^^^^^^^^^^^^^^^^^^^^^^^^^^^^
  File "/root/web_b2b/server_venv/lib/python3.12/site-packages/pymysql/cursors.py", line 148, in execute
    result = self._query(query)
             ^^^^^^^^^^^^^^^^^^
  File "/root/web_b2b/server_venv/lib/python3.12/site-packages/pymysql/cursors.py", line 310, in _query
    conn.query(q)
  File "/root/web_b2b/server_venv/lib/python3.12/site-packages/pymysql/connections.py", line 548, in query
    self._affected_rows = self._read_query_result(unbuffered=unbuffered)
                          ^^^^^^^^^^^^^^^^^^^^^^^^^^^^^^^^^^^^^^^^^^^^^^
  File "/root/web_b2b/server_venv/lib/python3.12/site-packages/pymysql/connections.py", line 775, in _read_query_result
    result.read()
  File "/root/web_b2b/server_venv/lib/python3.12/site-packages/pymysql/connections.py", line 1156, in read
    first_packet = self.connection._read_packet()
                   ^^^^^^^^^^^^^^^^^^^^^^^^^^^^^^
  File "/root/web_b2b/server_venv/lib/python3.12/site-packages/pymysql/connections.py", line 725, in _read_packet
    packet.raise_for_error()
  File "/root/web_b2b/server_venv/lib/python3.12/site-packages/pymysql/protocol.py", line 221, in raise_for_error
    err.raise_mysql_exception(self._data)
  File "/root/web_b2b/server_venv/lib/python3.12/site-packages/pymysql/err.py", line 143, in raise_mysql_exception
    raise errorclass(errno, errval)
django.db.utils.ProgrammingError: (1146, "Table 'web_b2b.b_op_log' doesn't exist")
"GET /myapp/index/common/section HTTP/1.1" 500 229137
Internal Server Error: /myapp/index/home/section
Traceback (most recent call last):
  File "/root/web_b2b/server_venv/lib/python3.12/site-packages/django/db/backends/utils.py", line 84, in _execute
    return self.cursor.execute(sql, params)
           ^^^^^^^^^^^^^^^^^^^^^^^^^^^^^^^^
  File "/root/web_b2b/server_venv/lib/python3.12/site-packages/django/db/backends/mysql/base.py", line 73, in execute
    return self.cursor.execute(query, args)
           ^^^^^^^^^^^^^^^^^^^^^^^^^^^^^^^^
  File "/root/web_b2b/server_venv/lib/python3.12/site-packages/pymysql/cursors.py", line 148, in execute
    result = self._query(query)
             ^^^^^^^^^^^^^^^^^^
  File "/root/web_b2b/server_venv/lib/python3.12/site-packages/pymysql/cursors.py", line 310, in _query
    conn.query(q)
  File "/root/web_b2b/server_venv/lib/python3.12/site-packages/pymysql/connections.py", line 548, in query
    self._affected_rows = self._read_query_result(unbuffered=unbuffered)
                          ^^^^^^^^^^^^^^^^^^^^^^^^^^^^^^^^^^^^^^^^^^^^^^
  File "/root/web_b2b/server_venv/lib/python3.12/site-packages/pymysql/connections.py", line 775, in _read_query_result
    result.read()
  File "/root/web_b2b/server_venv/lib/python3.12/site-packages/pymysql/connections.py", line 1156, in read
    first_packet = self.connection._read_packet()
                   ^^^^^^^^^^^^^^^^^^^^^^^^^^^^^^
  File "/root/web_b2b/server_venv/lib/python3.12/site-packages/pymysql/connections.py", line 725, in _read_packet
    packet.raise_for_error()
  File "/root/web_b2b/server_venv/lib/python3.12/site-packages/pymysql/protocol.py", line 221, in raise_for_error
    err.raise_mysql_exception(self._data)
  File "/root/web_b2b/server_venv/lib/python3.12/site-packages/pymysql/err.py", line 143, in raise_mysql_exception
    raise errorclass(errno, errval)
pymysql.err.ProgrammingError: (1146, "Table 'web_b2b.b_op_log' doesn't exist")

The above exception was the direct cause of the following exception:

Traceback (most recent call last):
  File "/root/web_b2b/server_venv/lib/python3.12/site-packages/django/core/handlers/exception.py", line 47, in inner
    response = get_response(request)
               ^^^^^^^^^^^^^^^^^^^^^
  File "/root/web_b2b/server_venv/lib/python3.12/site-packages/django/utils/deprecation.py", line 119, in __call__
    response = self.process_response(request, response)
               ^^^^^^^^^^^^^^^^^^^^^^^^^^^^^^^^^^^^^^^^
  File "/root/web_b2b/server/myapp/middlewares/LogMiddleware.py", line 52, in process_response
    serializer.save()
  File "/root/web_b2b/server_venv/lib/python3.12/site-packages/rest_framework/serializers.py", line 212, in save
    self.instance = self.create(validated_data)
                    ^^^^^^^^^^^^^^^^^^^^^^^^^^^
  File "/root/web_b2b/server_venv/lib/python3.12/site-packages/rest_framework/serializers.py", line 962, in create
    instance = ModelClass._default_manager.create(**validated_data)
               ^^^^^^^^^^^^^^^^^^^^^^^^^^^^^^^^^^^^^^^^^^^^^^^^^^^^
  File "/root/web_b2b/server_venv/lib/python3.12/site-packages/django/db/models/manager.py", line 85, in manager_method
    return getattr(self.get_queryset(), name)(*args, **kwargs)
           ^^^^^^^^^^^^^^^^^^^^^^^^^^^^^^^^^^^^^^^^^^^^^^^^^^^
  File "/root/web_b2b/server_venv/lib/python3.12/site-packages/django/db/models/query.py", line 453, in create
    obj.save(force_insert=True, using=self.db)
  File "/root/web_b2b/server_venv/lib/python3.12/site-packages/django/db/models/base.py", line 739, in save
    self.save_base(using=using, force_insert=force_insert,
  File "/root/web_b2b/server_venv/lib/python3.12/site-packages/django/db/models/base.py", line 776, in save_base
    updated = self._save_table(
              ^^^^^^^^^^^^^^^^^
  File "/root/web_b2b/server_venv/lib/python3.12/site-packages/django/db/models/base.py", line 881, in _save_table
    results = self._do_insert(cls._base_manager, using, fields, returning_fields, raw)
              ^^^^^^^^^^^^^^^^^^^^^^^^^^^^^^^^^^^^^^^^^^^^^^^^^^^^^^^^^^^^^^^^^^^^^^^^
  File "/root/web_b2b/server_venv/lib/python3.12/site-packages/django/db/models/base.py", line 919, in _do_insert
    return manager._insert(
           ^^^^^^^^^^^^^^^^
  File "/root/web_b2b/server_venv/lib/python3.12/site-packages/django/db/models/manager.py", line 85, in manager_method
    return getattr(self.get_queryset(), name)(*args, **kwargs)
           ^^^^^^^^^^^^^^^^^^^^^^^^^^^^^^^^^^^^^^^^^^^^^^^^^^^
  File "/root/web_b2b/server_venv/lib/python3.12/site-packages/django/db/models/query.py", line 1270, in _insert
    return query.get_compiler(using=using).execute_sql(returning_fields)
           ^^^^^^^^^^^^^^^^^^^^^^^^^^^^^^^^^^^^^^^^^^^^^^^^^^^^^^^^^^^^^
  File "/root/web_b2b/server_venv/lib/python3.12/site-packages/django/db/models/sql/compiler.py", line 1416, in execute_sql
    cursor.execute(sql, params)
  File "/root/web_b2b/server_venv/lib/python3.12/site-packages/django/db/backends/utils.py", line 98, in execute
    return super().execute(sql, params)
           ^^^^^^^^^^^^^^^^^^^^^^^^^^^^
  File "/root/web_b2b/server_venv/lib/python3.12/site-packages/django/db/backends/utils.py", line 66, in execute
    return self._execute_with_wrappers(sql, params, many=False, executor=self._execute)
           ^^^^^^^^^^^^^^^^^^^^^^^^^^^^^^^^^^^^^^^^^^^^^^^^^^^^^^^^^^^^^^^^^^^^^^^^^^^^
  File "/root/web_b2b/server_venv/lib/python3.12/site-packages/django/db/backends/utils.py", line 75, in _execute_with_wrappers
    return executor(sql, params, many, context)
           ^^^^^^^^^^^^^^^^^^^^^^^^^^^^^^^^^^^^
  File "/root/web_b2b/server_venv/lib/python3.12/site-packages/django/db/backends/utils.py", line 79, in _execute
    with self.db.wrap_database_errors:
  File "/root/web_b2b/server_venv/lib/python3.12/site-packages/django/db/utils.py", line 90, in __exit__
    raise dj_exc_value.with_traceback(traceback) from exc_value
  File "/root/web_b2b/server_venv/lib/python3.12/site-packages/django/db/backends/utils.py", line 84, in _execute
    return self.cursor.execute(sql, params)
           ^^^^^^^^^^^^^^^^^^^^^^^^^^^^^^^^
  File "/root/web_b2b/server_venv/lib/python3.12/site-packages/django/db/backends/mysql/base.py", line 73, in execute
    return self.cursor.execute(query, args)
           ^^^^^^^^^^^^^^^^^^^^^^^^^^^^^^^^
  File "/root/web_b2b/server_venv/lib/python3.12/site-packages/pymysql/cursors.py", line 148, in execute
    result = self._query(query)
             ^^^^^^^^^^^^^^^^^^
  File "/root/web_b2b/server_venv/lib/python3.12/site-packages/pymysql/cursors.py", line 310, in _query
    conn.query(q)
  File "/root/web_b2b/server_venv/lib/python3.12/site-packages/pymysql/connections.py", line 548, in query
    self._affected_rows = self._read_query_result(unbuffered=unbuffered)
                          ^^^^^^^^^^^^^^^^^^^^^^^^^^^^^^^^^^^^^^^^^^^^^^
  File "/root/web_b2b/server_venv/lib/python3.12/site-packages/pymysql/connections.py", line 775, in _read_query_result
    result.read()
  File "/root/web_b2b/server_venv/lib/python3.12/site-packages/pymysql/connections.py", line 1156, in read
    first_packet = self.connection._read_packet()
                   ^^^^^^^^^^^^^^^^^^^^^^^^^^^^^^
  File "/root/web_b2b/server_venv/lib/python3.12/site-packages/pymysql/connections.py", line 725, in _read_packet
    packet.raise_for_error()
  File "/root/web_b2b/server_venv/lib/python3.12/site-packages/pymysql/protocol.py", line 221, in raise_for_error
    err.raise_mysql_exception(self._data)
  File "/root/web_b2b/server_venv/lib/python3.12/site-packages/pymysql/err.py", line 143, in raise_mysql_exception
    raise errorclass(errno, errval)
django.db.utils.ProgrammingError: (1146, "Table 'web_b2b.b_op_log' doesn't exist")
"GET /myapp/index/home/section HTTP/1.1" 500 229239
Internal Server Error: /myapp/index/home/section
Traceback (most recent call last):
  File "/root/web_b2b/server_venv/lib/python3.12/site-packages/django/db/backends/utils.py", line 84, in _execute
    return self.cursor.execute(sql, params)
           ^^^^^^^^^^^^^^^^^^^^^^^^^^^^^^^^
  File "/root/web_b2b/server_venv/lib/python3.12/site-packages/django/db/backends/mysql/base.py", line 73, in execute
    return self.cursor.execute(query, args)
           ^^^^^^^^^^^^^^^^^^^^^^^^^^^^^^^^
  File "/root/web_b2b/server_venv/lib/python3.12/site-packages/pymysql/cursors.py", line 148, in execute
    result = self._query(query)
             ^^^^^^^^^^^^^^^^^^
  File "/root/web_b2b/server_venv/lib/python3.12/site-packages/pymysql/cursors.py", line 310, in _query
    conn.query(q)
  File "/root/web_b2b/server_venv/lib/python3.12/site-packages/pymysql/connections.py", line 548, in query
    self._affected_rows = self._read_query_result(unbuffered=unbuffered)
                          ^^^^^^^^^^^^^^^^^^^^^^^^^^^^^^^^^^^^^^^^^^^^^^
  File "/root/web_b2b/server_venv/lib/python3.12/site-packages/pymysql/connections.py", line 775, in _read_query_result
    result.read()
  File "/root/web_b2b/server_venv/lib/python3.12/site-packages/pymysql/connections.py", line 1156, in read
    first_packet = self.connection._read_packet()
                   ^^^^^^^^^^^^^^^^^^^^^^^^^^^^^^
  File "/root/web_b2b/server_venv/lib/python3.12/site-packages/pymysql/connections.py", line 725, in _read_packet
    packet.raise_for_error()
  File "/root/web_b2b/server_venv/lib/python3.12/site-packages/pymysql/protocol.py", line 221, in raise_for_error
    err.raise_mysql_exception(self._data)
  File "/root/web_b2b/server_venv/lib/python3.12/site-packages/pymysql/err.py", line 143, in raise_mysql_exception
    raise errorclass(errno, errval)
pymysql.err.ProgrammingError: (1146, "Table 'web_b2b.b_basic_tdk' doesn't exist")

The above exception was the direct cause of the following exception:

Traceback (most recent call last):
  File "/root/web_b2b/server_venv/lib/python3.12/site-packages/django/core/handlers/exception.py", line 47, in inner
    response = get_response(request)
               ^^^^^^^^^^^^^^^^^^^^^
  File "/root/web_b2b/server_venv/lib/python3.12/site-packages/django/core/handlers/base.py", line 181, in _get_response
    response = wrapped_callback(request, *callback_args, **callback_kwargs)
               ^^^^^^^^^^^^^^^^^^^^^^^^^^^^^^^^^^^^^^^^^^^^^^^^^^^^^^^^^^^^
  File "/root/web_b2b/server_venv/lib/python3.12/site-packages/django/views/decorators/csrf.py", line 54, in wrapped_view
    return view_func(*args, **kwargs)
           ^^^^^^^^^^^^^^^^^^^^^^^^^^
  File "/root/web_b2b/server_venv/lib/python3.12/site-packages/django/views/generic/base.py", line 70, in view
    return self.dispatch(request, *args, **kwargs)
           ^^^^^^^^^^^^^^^^^^^^^^^^^^^^^^^^^^^^^^^
  File "/root/web_b2b/server_venv/lib/python3.12/site-packages/rest_framework/views.py", line 509, in dispatch
    response = self.handle_exception(exc)
               ^^^^^^^^^^^^^^^^^^^^^^^^^^
  File "/root/web_b2b/server_venv/lib/python3.12/site-packages/rest_framework/views.py", line 469, in handle_exception
    self.raise_uncaught_exception(exc)
  File "/root/web_b2b/server_venv/lib/python3.12/site-packages/rest_framework/views.py", line 480, in raise_uncaught_exception
    raise exc
  File "/root/web_b2b/server_venv/lib/python3.12/site-packages/rest_framework/views.py", line 506, in dispatch
    response = handler(request, *args, **kwargs)
               ^^^^^^^^^^^^^^^^^^^^^^^^^^^^^^^^^
  File "/root/web_b2b/server_venv/lib/python3.12/site-packages/rest_framework/decorators.py", line 41, in handler
    return func(*args, **kwargs)
           ^^^^^^^^^^^^^^^^^^^^^
  File "/root/web_b2b/server/myapp/views/index/home.py", line 28, in section
    basicTdk = BasicTdk.get_solo()
               ^^^^^^^^^^^^^^^^^^^
  File "/root/web_b2b/server/myapp/models.py", line 236, in get_solo
    return cls.objects.get()
           ^^^^^^^^^^^^^^^^^
  File "/root/web_b2b/server_venv/lib/python3.12/site-packages/django/db/models/manager.py", line 85, in manager_method
    return getattr(self.get_queryset(), name)(*args, **kwargs)
           ^^^^^^^^^^^^^^^^^^^^^^^^^^^^^^^^^^^^^^^^^^^^^^^^^^^
  File "/root/web_b2b/server_venv/lib/python3.12/site-packages/django/db/models/query.py", line 431, in get
    num = len(clone)
          ^^^^^^^^^^
  File "/root/web_b2b/server_venv/lib/python3.12/site-packages/django/db/models/query.py", line 262, in __len__
    self._fetch_all()
  File "/root/web_b2b/server_venv/lib/python3.12/site-packages/django/db/models/query.py", line 1324, in _fetch_all
    self._result_cache = list(self._iterable_class(self))
                         ^^^^^^^^^^^^^^^^^^^^^^^^^^^^^^^^
  File "/root/web_b2b/server_venv/lib/python3.12/site-packages/django/db/models/query.py", line 51, in __iter__
    results = compiler.execute_sql(chunked_fetch=self.chunked_fetch, chunk_size=self.chunk_size)
              ^^^^^^^^^^^^^^^^^^^^^^^^^^^^^^^^^^^^^^^^^^^^^^^^^^^^^^^^^^^^^^^^^^^^^^^^^^^^^^^^^^
  File "/root/web_b2b/server_venv/lib/python3.12/site-packages/django/db/models/sql/compiler.py", line 1175, in execute_sql
    cursor.execute(sql, params)
  File "/root/web_b2b/server_venv/lib/python3.12/site-packages/django/db/backends/utils.py", line 98, in execute
    return super().execute(sql, params)
           ^^^^^^^^^^^^^^^^^^^^^^^^^^^^
  File "/root/web_b2b/server_venv/lib/python3.12/site-packages/django/db/backends/utils.py", line 66, in execute
    return self._execute_with_wrappers(sql, params, many=False, executor=self._execute)
           ^^^^^^^^^^^^^^^^^^^^^^^^^^^^^^^^^^^^^^^^^^^^^^^^^^^^^^^^^^^^^^^^^^^^^^^^^^^^
  File "/root/web_b2b/server_venv/lib/python3.12/site-packages/django/db/backends/utils.py", line 75, in _execute_with_wrappers
    return executor(sql, params, many, context)
           ^^^^^^^^^^^^^^^^^^^^^^^^^^^^^^^^^^^^
  File "/root/web_b2b/server_venv/lib/python3.12/site-packages/django/db/backends/utils.py", line 79, in _execute
    with self.db.wrap_database_errors:
  File "/root/web_b2b/server_venv/lib/python3.12/site-packages/django/db/utils.py", line 90, in __exit__
    raise dj_exc_value.with_traceback(traceback) from exc_value
  File "/root/web_b2b/server_venv/lib/python3.12/site-packages/django/db/backends/utils.py", line 84, in _execute
    return self.cursor.execute(sql, params)
           ^^^^^^^^^^^^^^^^^^^^^^^^^^^^^^^^
  File "/root/web_b2b/server_venv/lib/python3.12/site-packages/django/db/backends/mysql/base.py", line 73, in execute
    return self.cursor.execute(query, args)
           ^^^^^^^^^^^^^^^^^^^^^^^^^^^^^^^^
  File "/root/web_b2b/server_venv/lib/python3.12/site-packages/pymysql/cursors.py", line 148, in execute
    result = self._query(query)
             ^^^^^^^^^^^^^^^^^^
  File "/root/web_b2b/server_venv/lib/python3.12/site-packages/pymysql/cursors.py", line 310, in _query
    conn.query(q)
  File "/root/web_b2b/server_venv/lib/python3.12/site-packages/pymysql/connections.py", line 548, in query
    self._affected_rows = self._read_query_result(unbuffered=unbuffered)
                          ^^^^^^^^^^^^^^^^^^^^^^^^^^^^^^^^^^^^^^^^^^^^^^
  File "/root/web_b2b/server_venv/lib/python3.12/site-packages/pymysql/connections.py", line 775, in _read_query_result
    result.read()
  File "/root/web_b2b/server_venv/lib/python3.12/site-packages/pymysql/connections.py", line 1156, in read
    first_packet = self.connection._read_packet()
                   ^^^^^^^^^^^^^^^^^^^^^^^^^^^^^^
  File "/root/web_b2b/server_venv/lib/python3.12/site-packages/pymysql/connections.py", line 725, in _read_packet
    packet.raise_for_error()
  File "/root/web_b2b/server_venv/lib/python3.12/site-packages/pymysql/protocol.py", line 221, in raise_for_error
    err.raise_mysql_exception(self._data)
  File "/root/web_b2b/server_venv/lib/python3.12/site-packages/pymysql/err.py", line 143, in raise_mysql_exception
    raise errorclass(errno, errval)
django.db.utils.ProgrammingError: (1146, "Table 'web_b2b.b_basic_tdk' doesn't exist")
Internal Server Error: /myapp/index/home/section
Traceback (most recent call last):
  File "/root/web_b2b/server_venv/lib/python3.12/site-packages/django/db/backends/utils.py", line 84, in _execute
    return self.cursor.execute(sql, params)
           ^^^^^^^^^^^^^^^^^^^^^^^^^^^^^^^^
  File "/root/web_b2b/server_venv/lib/python3.12/site-packages/django/db/backends/mysql/base.py", line 73, in execute
    return self.cursor.execute(query, args)
           ^^^^^^^^^^^^^^^^^^^^^^^^^^^^^^^^
  File "/root/web_b2b/server_venv/lib/python3.12/site-packages/pymysql/cursors.py", line 148, in execute
    result = self._query(query)
             ^^^^^^^^^^^^^^^^^^
  File "/root/web_b2b/server_venv/lib/python3.12/site-packages/pymysql/cursors.py", line 310, in _query
    conn.query(q)
  File "/root/web_b2b/server_venv/lib/python3.12/site-packages/pymysql/connections.py", line 548, in query
    self._affected_rows = self._read_query_result(unbuffered=unbuffered)
                          ^^^^^^^^^^^^^^^^^^^^^^^^^^^^^^^^^^^^^^^^^^^^^^
  File "/root/web_b2b/server_venv/lib/python3.12/site-packages/pymysql/connections.py", line 775, in _read_query_result
    result.read()
  File "/root/web_b2b/server_venv/lib/python3.12/site-packages/pymysql/connections.py", line 1156, in read
    first_packet = self.connection._read_packet()
                   ^^^^^^^^^^^^^^^^^^^^^^^^^^^^^^
  File "/root/web_b2b/server_venv/lib/python3.12/site-packages/pymysql/connections.py", line 725, in _read_packet
    packet.raise_for_error()
  File "/root/web_b2b/server_venv/lib/python3.12/site-packages/pymysql/protocol.py", line 221, in raise_for_error
    err.raise_mysql_exception(self._data)
  File "/root/web_b2b/server_venv/lib/python3.12/site-packages/pymysql/err.py", line 143, in raise_mysql_exception
    raise errorclass(errno, errval)
pymysql.err.ProgrammingError: (1146, "Table 'web_b2b.b_op_log' doesn't exist")

The above exception was the direct cause of the following exception:

Traceback (most recent call last):
  File "/root/web_b2b/server_venv/lib/python3.12/site-packages/django/core/handlers/exception.py", line 47, in inner
    response = get_response(request)
               ^^^^^^^^^^^^^^^^^^^^^
  File "/root/web_b2b/server_venv/lib/python3.12/site-packages/django/utils/deprecation.py", line 119, in __call__
    response = self.process_response(request, response)
               ^^^^^^^^^^^^^^^^^^^^^^^^^^^^^^^^^^^^^^^^
  File "/root/web_b2b/server/myapp/middlewares/LogMiddleware.py", line 52, in process_response
    serializer.save()
  File "/root/web_b2b/server_venv/lib/python3.12/site-packages/rest_framework/serializers.py", line 212, in save
    self.instance = self.create(validated_data)
                    ^^^^^^^^^^^^^^^^^^^^^^^^^^^
  File "/root/web_b2b/server_venv/lib/python3.12/site-packages/rest_framework/serializers.py", line 962, in create
    instance = ModelClass._default_manager.create(**validated_data)
               ^^^^^^^^^^^^^^^^^^^^^^^^^^^^^^^^^^^^^^^^^^^^^^^^^^^^
  File "/root/web_b2b/server_venv/lib/python3.12/site-packages/django/db/models/manager.py", line 85, in manager_method
    return getattr(self.get_queryset(), name)(*args, **kwargs)
           ^^^^^^^^^^^^^^^^^^^^^^^^^^^^^^^^^^^^^^^^^^^^^^^^^^^
  File "/root/web_b2b/server_venv/lib/python3.12/site-packages/django/db/models/query.py", line 453, in create
    obj.save(force_insert=True, using=self.db)
  File "/root/web_b2b/server_venv/lib/python3.12/site-packages/django/db/models/base.py", line 739, in save
    self.save_base(using=using, force_insert=force_insert,
  File "/root/web_b2b/server_venv/lib/python3.12/site-packages/django/db/models/base.py", line 776, in save_base
    updated = self._save_table(
              ^^^^^^^^^^^^^^^^^
  File "/root/web_b2b/server_venv/lib/python3.12/site-packages/django/db/models/base.py", line 881, in _save_table
    results = self._do_insert(cls._base_manager, using, fields, returning_fields, raw)
              ^^^^^^^^^^^^^^^^^^^^^^^^^^^^^^^^^^^^^^^^^^^^^^^^^^^^^^^^^^^^^^^^^^^^^^^^
  File "/root/web_b2b/server_venv/lib/python3.12/site-packages/django/db/models/base.py", line 919, in _do_insert
    return manager._insert(
           ^^^^^^^^^^^^^^^^
  File "/root/web_b2b/server_venv/lib/python3.12/site-packages/django/db/models/manager.py", line 85, in manager_method
    return getattr(self.get_queryset(), name)(*args, **kwargs)
           ^^^^^^^^^^^^^^^^^^^^^^^^^^^^^^^^^^^^^^^^^^^^^^^^^^^
  File "/root/web_b2b/server_venv/lib/python3.12/site-packages/django/db/models/query.py", line 1270, in _insert
    return query.get_compiler(using=using).execute_sql(returning_fields)
           ^^^^^^^^^^^^^^^^^^^^^^^^^^^^^^^^^^^^^^^^^^^^^^^^^^^^^^^^^^^^^
  File "/root/web_b2b/server_venv/lib/python3.12/site-packages/django/db/models/sql/compiler.py", line 1416, in execute_sql
    cursor.execute(sql, params)
  File "/root/web_b2b/server_venv/lib/python3.12/site-packages/django/db/backends/utils.py", line 98, in execute
    return super().execute(sql, params)
           ^^^^^^^^^^^^^^^^^^^^^^^^^^^^
  File "/root/web_b2b/server_venv/lib/python3.12/site-packages/django/db/backends/utils.py", line 66, in execute
    return self._execute_with_wrappers(sql, params, many=False, executor=self._execute)
           ^^^^^^^^^^^^^^^^^^^^^^^^^^^^^^^^^^^^^^^^^^^^^^^^^^^^^^^^^^^^^^^^^^^^^^^^^^^^
  File "/root/web_b2b/server_venv/lib/python3.12/site-packages/django/db/backends/utils.py", line 75, in _execute_with_wrappers
    return executor(sql, params, many, context)
           ^^^^^^^^^^^^^^^^^^^^^^^^^^^^^^^^^^^^
  File "/root/web_b2b/server_venv/lib/python3.12/site-packages/django/db/backends/utils.py", line 79, in _execute
    with self.db.wrap_database_errors:
  File "/root/web_b2b/server_venv/lib/python3.12/site-packages/django/db/utils.py", line 90, in __exit__
    raise dj_exc_value.with_traceback(traceback) from exc_value
  File "/root/web_b2b/server_venv/lib/python3.12/site-packages/django/db/backends/utils.py", line 84, in _execute
    return self.cursor.execute(sql, params)
           ^^^^^^^^^^^^^^^^^^^^^^^^^^^^^^^^
  File "/root/web_b2b/server_venv/lib/python3.12/site-packages/django/db/backends/mysql/base.py", line 73, in execute
    return self.cursor.execute(query, args)
           ^^^^^^^^^^^^^^^^^^^^^^^^^^^^^^^^
  File "/root/web_b2b/server_venv/lib/python3.12/site-packages/pymysql/cursors.py", line 148, in execute
    result = self._query(query)
             ^^^^^^^^^^^^^^^^^^
  File "/root/web_b2b/server_venv/lib/python3.12/site-packages/pymysql/cursors.py", line 310, in _query
    conn.query(q)
  File "/root/web_b2b/server_venv/lib/python3.12/site-packages/pymysql/connections.py", line 548, in query
    self._affected_rows = self._read_query_result(unbuffered=unbuffered)
                          ^^^^^^^^^^^^^^^^^^^^^^^^^^^^^^^^^^^^^^^^^^^^^^
  File "/root/web_b2b/server_venv/lib/python3.12/site-packages/pymysql/connections.py", line 775, in _read_query_result
    result.read()
  File "/root/web_b2b/server_venv/lib/python3.12/site-packages/pymysql/connections.py", line 1156, in read
    first_packet = self.connection._read_packet()
                   ^^^^^^^^^^^^^^^^^^^^^^^^^^^^^^
  File "/root/web_b2b/server_venv/lib/python3.12/site-packages/pymysql/connections.py", line 725, in _read_packet
    packet.raise_for_error()
  File "/root/web_b2b/server_venv/lib/python3.12/site-packages/pymysql/protocol.py", line 221, in raise_for_error
    err.raise_mysql_exception(self._data)
  File "/root/web_b2b/server_venv/lib/python3.12/site-packages/pymysql/err.py", line 143, in raise_mysql_exception
    raise errorclass(errno, errval)
django.db.utils.ProgrammingError: (1146, "Table 'web_b2b.b_op_log' doesn't exist")
"GET /myapp/index/home/section HTTP/1.1" 500 229311
Internal Server Error: /myapp/index/home/section
Traceback (most recent call last):
  File "/root/web_b2b/server_venv/lib/python3.12/site-packages/django/db/backends/utils.py", line 84, in _execute
    return self.cursor.execute(sql, params)
           ^^^^^^^^^^^^^^^^^^^^^^^^^^^^^^^^
  File "/root/web_b2b/server_venv/lib/python3.12/site-packages/django/db/backends/mysql/base.py", line 73, in execute
    return self.cursor.execute(query, args)
           ^^^^^^^^^^^^^^^^^^^^^^^^^^^^^^^^
  File "/root/web_b2b/server_venv/lib/python3.12/site-packages/pymysql/cursors.py", line 148, in execute
    result = self._query(query)
             ^^^^^^^^^^^^^^^^^^
  File "/root/web_b2b/server_venv/lib/python3.12/site-packages/pymysql/cursors.py", line 310, in _query
    conn.query(q)
  File "/root/web_b2b/server_venv/lib/python3.12/site-packages/pymysql/connections.py", line 548, in query
    self._affected_rows = self._read_query_result(unbuffered=unbuffered)
                          ^^^^^^^^^^^^^^^^^^^^^^^^^^^^^^^^^^^^^^^^^^^^^^
  File "/root/web_b2b/server_venv/lib/python3.12/site-packages/pymysql/connections.py", line 775, in _read_query_result
    result.read()
  File "/root/web_b2b/server_venv/lib/python3.12/site-packages/pymysql/connections.py", line 1156, in read
    first_packet = self.connection._read_packet()
                   ^^^^^^^^^^^^^^^^^^^^^^^^^^^^^^
  File "/root/web_b2b/server_venv/lib/python3.12/site-packages/pymysql/connections.py", line 725, in _read_packet
    packet.raise_for_error()
  File "/root/web_b2b/server_venv/lib/python3.12/site-packages/pymysql/protocol.py", line 221, in raise_for_error
    err.raise_mysql_exception(self._data)
  File "/root/web_b2b/server_venv/lib/python3.12/site-packages/pymysql/err.py", line 143, in raise_mysql_exception
    raise errorclass(errno, errval)
pymysql.err.ProgrammingError: (1146, "Table 'web_b2b.b_basic_tdk' doesn't exist")

The above exception was the direct cause of the following exception:

Traceback (most recent call last):
  File "/root/web_b2b/server_venv/lib/python3.12/site-packages/django/core/handlers/exception.py", line 47, in inner
    response = get_response(request)
               ^^^^^^^^^^^^^^^^^^^^^
  File "/root/web_b2b/server_venv/lib/python3.12/site-packages/django/core/handlers/base.py", line 181, in _get_response
    response = wrapped_callback(request, *callback_args, **callback_kwargs)
               ^^^^^^^^^^^^^^^^^^^^^^^^^^^^^^^^^^^^^^^^^^^^^^^^^^^^^^^^^^^^
  File "/root/web_b2b/server_venv/lib/python3.12/site-packages/django/views/decorators/csrf.py", line 54, in wrapped_view
    return view_func(*args, **kwargs)
           ^^^^^^^^^^^^^^^^^^^^^^^^^^
  File "/root/web_b2b/server_venv/lib/python3.12/site-packages/django/views/generic/base.py", line 70, in view
    return self.dispatch(request, *args, **kwargs)
           ^^^^^^^^^^^^^^^^^^^^^^^^^^^^^^^^^^^^^^^
  File "/root/web_b2b/server_venv/lib/python3.12/site-packages/rest_framework/views.py", line 509, in dispatch
    response = self.handle_exception(exc)
               ^^^^^^^^^^^^^^^^^^^^^^^^^^
  File "/root/web_b2b/server_venv/lib/python3.12/site-packages/rest_framework/views.py", line 469, in handle_exception
    self.raise_uncaught_exception(exc)
  File "/root/web_b2b/server_venv/lib/python3.12/site-packages/rest_framework/views.py", line 480, in raise_uncaught_exception
    raise exc
  File "/root/web_b2b/server_venv/lib/python3.12/site-packages/rest_framework/views.py", line 506, in dispatch
    response = handler(request, *args, **kwargs)
               ^^^^^^^^^^^^^^^^^^^^^^^^^^^^^^^^^
  File "/root/web_b2b/server_venv/lib/python3.12/site-packages/rest_framework/decorators.py", line 41, in handler
    return func(*args, **kwargs)
           ^^^^^^^^^^^^^^^^^^^^^
  File "/root/web_b2b/server/myapp/views/index/home.py", line 28, in section
    basicTdk = BasicTdk.get_solo()
               ^^^^^^^^^^^^^^^^^^^
  File "/root/web_b2b/server/myapp/models.py", line 236, in get_solo
    return cls.objects.get()
           ^^^^^^^^^^^^^^^^^
  File "/root/web_b2b/server_venv/lib/python3.12/site-packages/django/db/models/manager.py", line 85, in manager_method
    return getattr(self.get_queryset(), name)(*args, **kwargs)
           ^^^^^^^^^^^^^^^^^^^^^^^^^^^^^^^^^^^^^^^^^^^^^^^^^^^
  File "/root/web_b2b/server_venv/lib/python3.12/site-packages/django/db/models/query.py", line 431, in get
    num = len(clone)
          ^^^^^^^^^^
  File "/root/web_b2b/server_venv/lib/python3.12/site-packages/django/db/models/query.py", line 262, in __len__
    self._fetch_all()
  File "/root/web_b2b/server_venv/lib/python3.12/site-packages/django/db/models/query.py", line 1324, in _fetch_all
    self._result_cache = list(self._iterable_class(self))
                         ^^^^^^^^^^^^^^^^^^^^^^^^^^^^^^^^
  File "/root/web_b2b/server_venv/lib/python3.12/site-packages/django/db/models/query.py", line 51, in __iter__
    results = compiler.execute_sql(chunked_fetch=self.chunked_fetch, chunk_size=self.chunk_size)
              ^^^^^^^^^^^^^^^^^^^^^^^^^^^^^^^^^^^^^^^^^^^^^^^^^^^^^^^^^^^^^^^^^^^^^^^^^^^^^^^^^^
  File "/root/web_b2b/server_venv/lib/python3.12/site-packages/django/db/models/sql/compiler.py", line 1175, in execute_sql
    cursor.execute(sql, params)
  File "/root/web_b2b/server_venv/lib/python3.12/site-packages/django/db/backends/utils.py", line 98, in execute
    return super().execute(sql, params)
           ^^^^^^^^^^^^^^^^^^^^^^^^^^^^
  File "/root/web_b2b/server_venv/lib/python3.12/site-packages/django/db/backends/utils.py", line 66, in execute
    return self._execute_with_wrappers(sql, params, many=False, executor=self._execute)
           ^^^^^^^^^^^^^^^^^^^^^^^^^^^^^^^^^^^^^^^^^^^^^^^^^^^^^^^^^^^^^^^^^^^^^^^^^^^^
  File "/root/web_b2b/server_venv/lib/python3.12/site-packages/django/db/backends/utils.py", line 75, in _execute_with_wrappers
    return executor(sql, params, many, context)
           ^^^^^^^^^^^^^^^^^^^^^^^^^^^^^^^^^^^^
  File "/root/web_b2b/server_venv/lib/python3.12/site-packages/django/db/backends/utils.py", line 79, in _execute
    with self.db.wrap_database_errors:
  File "/root/web_b2b/server_venv/lib/python3.12/site-packages/django/db/utils.py", line 90, in __exit__
    raise dj_exc_value.with_traceback(traceback) from exc_value
  File "/root/web_b2b/server_venv/lib/python3.12/site-packages/django/db/backends/utils.py", line 84, in _execute
    return self.cursor.execute(sql, params)
           ^^^^^^^^^^^^^^^^^^^^^^^^^^^^^^^^
  File "/root/web_b2b/server_venv/lib/python3.12/site-packages/django/db/backends/mysql/base.py", line 73, in execute
    return self.cursor.execute(query, args)
           ^^^^^^^^^^^^^^^^^^^^^^^^^^^^^^^^
  File "/root/web_b2b/server_venv/lib/python3.12/site-packages/pymysql/cursors.py", line 148, in execute
    result = self._query(query)
             ^^^^^^^^^^^^^^^^^^
  File "/root/web_b2b/server_venv/lib/python3.12/site-packages/pymysql/cursors.py", line 310, in _query
    conn.query(q)
  File "/root/web_b2b/server_venv/lib/python3.12/site-packages/pymysql/connections.py", line 548, in query
    self._affected_rows = self._read_query_result(unbuffered=unbuffered)
                          ^^^^^^^^^^^^^^^^^^^^^^^^^^^^^^^^^^^^^^^^^^^^^^
  File "/root/web_b2b/server_venv/lib/python3.12/site-packages/pymysql/connections.py", line 775, in _read_query_result
    result.read()
  File "/root/web_b2b/server_venv/lib/python3.12/site-packages/pymysql/connections.py", line 1156, in read
    first_packet = self.connection._read_packet()
                   ^^^^^^^^^^^^^^^^^^^^^^^^^^^^^^
  File "/root/web_b2b/server_venv/lib/python3.12/site-packages/pymysql/connections.py", line 725, in _read_packet
    packet.raise_for_error()
  File "/root/web_b2b/server_venv/lib/python3.12/site-packages/pymysql/protocol.py", line 221, in raise_for_error
    err.raise_mysql_exception(self._data)
  File "/root/web_b2b/server_venv/lib/python3.12/site-packages/pymysql/err.py", line 143, in raise_mysql_exception
    raise errorclass(errno, errval)
django.db.utils.ProgrammingError: (1146, "Table 'web_b2b.b_basic_tdk' doesn't exist")
Internal Server Error: /myapp/index/common/section
Traceback (most recent call last):
  File "/root/web_b2b/server_venv/lib/python3.12/site-packages/django/db/backends/utils.py", line 84, in _execute
    return self.cursor.execute(sql, params)
           ^^^^^^^^^^^^^^^^^^^^^^^^^^^^^^^^
  File "/root/web_b2b/server_venv/lib/python3.12/site-packages/django/db/backends/mysql/base.py", line 73, in execute
    return self.cursor.execute(query, args)
           ^^^^^^^^^^^^^^^^^^^^^^^^^^^^^^^^
  File "/root/web_b2b/server_venv/lib/python3.12/site-packages/pymysql/cursors.py", line 148, in execute
    result = self._query(query)
             ^^^^^^^^^^^^^^^^^^
  File "/root/web_b2b/server_venv/lib/python3.12/site-packages/pymysql/cursors.py", line 310, in _query
    conn.query(q)
  File "/root/web_b2b/server_venv/lib/python3.12/site-packages/pymysql/connections.py", line 548, in query
    self._affected_rows = self._read_query_result(unbuffered=unbuffered)
                          ^^^^^^^^^^^^^^^^^^^^^^^^^^^^^^^^^^^^^^^^^^^^^^
  File "/root/web_b2b/server_venv/lib/python3.12/site-packages/pymysql/connections.py", line 775, in _read_query_result
    result.read()
  File "/root/web_b2b/server_venv/lib/python3.12/site-packages/pymysql/connections.py", line 1156, in read
    first_packet = self.connection._read_packet()
                   ^^^^^^^^^^^^^^^^^^^^^^^^^^^^^^
  File "/root/web_b2b/server_venv/lib/python3.12/site-packages/pymysql/connections.py", line 725, in _read_packet
    packet.raise_for_error()
  File "/root/web_b2b/server_venv/lib/python3.12/site-packages/pymysql/protocol.py", line 221, in raise_for_error
    err.raise_mysql_exception(self._data)
  File "/root/web_b2b/server_venv/lib/python3.12/site-packages/pymysql/err.py", line 143, in raise_mysql_exception
    raise errorclass(errno, errval)
pymysql.err.ProgrammingError: (1146, "Table 'web_b2b.b_basic_site' doesn't exist")

The above exception was the direct cause of the following exception:

Traceback (most recent call last):
  File "/root/web_b2b/server_venv/lib/python3.12/site-packages/django/core/handlers/exception.py", line 47, in inner
    response = get_response(request)
               ^^^^^^^^^^^^^^^^^^^^^
  File "/root/web_b2b/server_venv/lib/python3.12/site-packages/django/core/handlers/base.py", line 181, in _get_response
    response = wrapped_callback(request, *callback_args, **callback_kwargs)
               ^^^^^^^^^^^^^^^^^^^^^^^^^^^^^^^^^^^^^^^^^^^^^^^^^^^^^^^^^^^^
  File "/root/web_b2b/server_venv/lib/python3.12/site-packages/django/views/decorators/csrf.py", line 54, in wrapped_view
    return view_func(*args, **kwargs)
           ^^^^^^^^^^^^^^^^^^^^^^^^^^
  File "/root/web_b2b/server_venv/lib/python3.12/site-packages/django/views/generic/base.py", line 70, in view
    return self.dispatch(request, *args, **kwargs)
           ^^^^^^^^^^^^^^^^^^^^^^^^^^^^^^^^^^^^^^^
  File "/root/web_b2b/server_venv/lib/python3.12/site-packages/rest_framework/views.py", line 509, in dispatch
    response = self.handle_exception(exc)
               ^^^^^^^^^^^^^^^^^^^^^^^^^^
  File "/root/web_b2b/server_venv/lib/python3.12/site-packages/rest_framework/views.py", line 469, in handle_exception
    self.raise_uncaught_exception(exc)
  File "/root/web_b2b/server_venv/lib/python3.12/site-packages/rest_framework/views.py", line 480, in raise_uncaught_exception
    raise exc
  File "/root/web_b2b/server_venv/lib/python3.12/site-packages/rest_framework/views.py", line 506, in dispatch
    response = handler(request, *args, **kwargs)
               ^^^^^^^^^^^^^^^^^^^^^^^^^^^^^^^^^
  File "/root/web_b2b/server_venv/lib/python3.12/site-packages/rest_framework/decorators.py", line 41, in handler
    return func(*args, **kwargs)
           ^^^^^^^^^^^^^^^^^^^^^
  File "/root/web_b2b/server/myapp/views/index/common.py", line 38, in section
    basicSite = BasicSite.get_solo()
                ^^^^^^^^^^^^^^^^^^^^
  File "/root/web_b2b/server/myapp/models.py", line 193, in get_solo
    return cls.objects.get()
           ^^^^^^^^^^^^^^^^^
  File "/root/web_b2b/server_venv/lib/python3.12/site-packages/django/db/models/manager.py", line 85, in manager_method
    return getattr(self.get_queryset(), name)(*args, **kwargs)
           ^^^^^^^^^^^^^^^^^^^^^^^^^^^^^^^^^^^^^^^^^^^^^^^^^^^
  File "/root/web_b2b/server_venv/lib/python3.12/site-packages/django/db/models/query.py", line 431, in get
    num = len(clone)
          ^^^^^^^^^^
  File "/root/web_b2b/server_venv/lib/python3.12/site-packages/django/db/models/query.py", line 262, in __len__
    self._fetch_all()
  File "/root/web_b2b/server_venv/lib/python3.12/site-packages/django/db/models/query.py", line 1324, in _fetch_all
    self._result_cache = list(self._iterable_class(self))
                         ^^^^^^^^^^^^^^^^^^^^^^^^^^^^^^^^
  File "/root/web_b2b/server_venv/lib/python3.12/site-packages/django/db/models/query.py", line 51, in __iter__
    results = compiler.execute_sql(chunked_fetch=self.chunked_fetch, chunk_size=self.chunk_size)
              ^^^^^^^^^^^^^^^^^^^^^^^^^^^^^^^^^^^^^^^^^^^^^^^^^^^^^^^^^^^^^^^^^^^^^^^^^^^^^^^^^^
  File "/root/web_b2b/server_venv/lib/python3.12/site-packages/django/db/models/sql/compiler.py", line 1175, in execute_sql
    cursor.execute(sql, params)
  File "/root/web_b2b/server_venv/lib/python3.12/site-packages/django/db/backends/utils.py", line 98, in execute
    return super().execute(sql, params)
           ^^^^^^^^^^^^^^^^^^^^^^^^^^^^
  File "/root/web_b2b/server_venv/lib/python3.12/site-packages/django/db/backends/utils.py", line 66, in execute
    return self._execute_with_wrappers(sql, params, many=False, executor=self._execute)
           ^^^^^^^^^^^^^^^^^^^^^^^^^^^^^^^^^^^^^^^^^^^^^^^^^^^^^^^^^^^^^^^^^^^^^^^^^^^^
  File "/root/web_b2b/server_venv/lib/python3.12/site-packages/django/db/backends/utils.py", line 75, in _execute_with_wrappers
    return executor(sql, params, many, context)
           ^^^^^^^^^^^^^^^^^^^^^^^^^^^^^^^^^^^^
  File "/root/web_b2b/server_venv/lib/python3.12/site-packages/django/db/backends/utils.py", line 79, in _execute
    with self.db.wrap_database_errors:
  File "/root/web_b2b/server_venv/lib/python3.12/site-packages/django/db/utils.py", line 90, in __exit__
    raise dj_exc_value.with_traceback(traceback) from exc_value
  File "/root/web_b2b/server_venv/lib/python3.12/site-packages/django/db/backends/utils.py", line 84, in _execute
    return self.cursor.execute(sql, params)
           ^^^^^^^^^^^^^^^^^^^^^^^^^^^^^^^^
  File "/root/web_b2b/server_venv/lib/python3.12/site-packages/django/db/backends/mysql/base.py", line 73, in execute
    return self.cursor.execute(query, args)
           ^^^^^^^^^^^^^^^^^^^^^^^^^^^^^^^^
  File "/root/web_b2b/server_venv/lib/python3.12/site-packages/pymysql/cursors.py", line 148, in execute
    result = self._query(query)
             ^^^^^^^^^^^^^^^^^^
  File "/root/web_b2b/server_venv/lib/python3.12/site-packages/pymysql/cursors.py", line 310, in _query
    conn.query(q)
  File "/root/web_b2b/server_venv/lib/python3.12/site-packages/pymysql/connections.py", line 548, in query
    self._affected_rows = self._read_query_result(unbuffered=unbuffered)
                          ^^^^^^^^^^^^^^^^^^^^^^^^^^^^^^^^^^^^^^^^^^^^^^
  File "/root/web_b2b/server_venv/lib/python3.12/site-packages/pymysql/connections.py", line 775, in _read_query_result
    result.read()
  File "/root/web_b2b/server_venv/lib/python3.12/site-packages/pymysql/connections.py", line 1156, in read
    first_packet = self.connection._read_packet()
                   ^^^^^^^^^^^^^^^^^^^^^^^^^^^^^^
  File "/root/web_b2b/server_venv/lib/python3.12/site-packages/pymysql/connections.py", line 725, in _read_packet
    packet.raise_for_error()
  File "/root/web_b2b/server_venv/lib/python3.12/site-packages/pymysql/protocol.py", line 221, in raise_for_error
    err.raise_mysql_exception(self._data)
  File "/root/web_b2b/server_venv/lib/python3.12/site-packages/pymysql/err.py", line 143, in raise_mysql_exception
    raise errorclass(errno, errval)
django.db.utils.ProgrammingError: (1146, "Table 'web_b2b.b_basic_site' doesn't exist")
Internal Server Error: /myapp/index/home/section
Traceback (most recent call last):
  File "/root/web_b2b/server_venv/lib/python3.12/site-packages/django/db/backends/utils.py", line 84, in _execute
    return self.cursor.execute(sql, params)
           ^^^^^^^^^^^^^^^^^^^^^^^^^^^^^^^^
  File "/root/web_b2b/server_venv/lib/python3.12/site-packages/django/db/backends/mysql/base.py", line 73, in execute
    return self.cursor.execute(query, args)
           ^^^^^^^^^^^^^^^^^^^^^^^^^^^^^^^^
  File "/root/web_b2b/server_venv/lib/python3.12/site-packages/pymysql/cursors.py", line 148, in execute
    result = self._query(query)
             ^^^^^^^^^^^^^^^^^^
  File "/root/web_b2b/server_venv/lib/python3.12/site-packages/pymysql/cursors.py", line 310, in _query
    conn.query(q)
  File "/root/web_b2b/server_venv/lib/python3.12/site-packages/pymysql/connections.py", line 548, in query
    self._affected_rows = self._read_query_result(unbuffered=unbuffered)
                          ^^^^^^^^^^^^^^^^^^^^^^^^^^^^^^^^^^^^^^^^^^^^^^
  File "/root/web_b2b/server_venv/lib/python3.12/site-packages/pymysql/connections.py", line 775, in _read_query_result
    result.read()
  File "/root/web_b2b/server_venv/lib/python3.12/site-packages/pymysql/connections.py", line 1156, in read
    first_packet = self.connection._read_packet()
                   ^^^^^^^^^^^^^^^^^^^^^^^^^^^^^^
  File "/root/web_b2b/server_venv/lib/python3.12/site-packages/pymysql/connections.py", line 725, in _read_packet
    packet.raise_for_error()
  File "/root/web_b2b/server_venv/lib/python3.12/site-packages/pymysql/protocol.py", line 221, in raise_for_error
    err.raise_mysql_exception(self._data)
  File "/root/web_b2b/server_venv/lib/python3.12/site-packages/pymysql/err.py", line 143, in raise_mysql_exception
    raise errorclass(errno, errval)
pymysql.err.ProgrammingError: (1146, "Table 'web_b2b.b_op_log' doesn't exist")

The above exception was the direct cause of the following exception:

Traceback (most recent call last):
  File "/root/web_b2b/server_venv/lib/python3.12/site-packages/django/core/handlers/exception.py", line 47, in inner
    response = get_response(request)
               ^^^^^^^^^^^^^^^^^^^^^
  File "/root/web_b2b/server_venv/lib/python3.12/site-packages/django/utils/deprecation.py", line 119, in __call__
    response = self.process_response(request, response)
               ^^^^^^^^^^^^^^^^^^^^^^^^^^^^^^^^^^^^^^^^
  File "/root/web_b2b/server/myapp/middlewares/LogMiddleware.py", line 52, in process_response
    serializer.save()
  File "/root/web_b2b/server_venv/lib/python3.12/site-packages/rest_framework/serializers.py", line 212, in save
    self.instance = self.create(validated_data)
                    ^^^^^^^^^^^^^^^^^^^^^^^^^^^
  File "/root/web_b2b/server_venv/lib/python3.12/site-packages/rest_framework/serializers.py", line 962, in create
    instance = ModelClass._default_manager.create(**validated_data)
               ^^^^^^^^^^^^^^^^^^^^^^^^^^^^^^^^^^^^^^^^^^^^^^^^^^^^
  File "/root/web_b2b/server_venv/lib/python3.12/site-packages/django/db/models/manager.py", line 85, in manager_method
    return getattr(self.get_queryset(), name)(*args, **kwargs)
           ^^^^^^^^^^^^^^^^^^^^^^^^^^^^^^^^^^^^^^^^^^^^^^^^^^^
  File "/root/web_b2b/server_venv/lib/python3.12/site-packages/django/db/models/query.py", line 453, in create
    obj.save(force_insert=True, using=self.db)
  File "/root/web_b2b/server_venv/lib/python3.12/site-packages/django/db/models/base.py", line 739, in save
    self.save_base(using=using, force_insert=force_insert,
  File "/root/web_b2b/server_venv/lib/python3.12/site-packages/django/db/models/base.py", line 776, in save_base
    updated = self._save_table(
              ^^^^^^^^^^^^^^^^^
  File "/root/web_b2b/server_venv/lib/python3.12/site-packages/django/db/models/base.py", line 881, in _save_table
    results = self._do_insert(cls._base_manager, using, fields, returning_fields, raw)
              ^^^^^^^^^^^^^^^^^^^^^^^^^^^^^^^^^^^^^^^^^^^^^^^^^^^^^^^^^^^^^^^^^^^^^^^^
  File "/root/web_b2b/server_venv/lib/python3.12/site-packages/django/db/models/base.py", line 919, in _do_insert
    return manager._insert(
           ^^^^^^^^^^^^^^^^
  File "/root/web_b2b/server_venv/lib/python3.12/site-packages/django/db/models/manager.py", line 85, in manager_method
    return getattr(self.get_queryset(), name)(*args, **kwargs)
           ^^^^^^^^^^^^^^^^^^^^^^^^^^^^^^^^^^^^^^^^^^^^^^^^^^^
  File "/root/web_b2b/server_venv/lib/python3.12/site-packages/django/db/models/query.py", line 1270, in _insert
    return query.get_compiler(using=using).execute_sql(returning_fields)
           ^^^^^^^^^^^^^^^^^^^^^^^^^^^^^^^^^^^^^^^^^^^^^^^^^^^^^^^^^^^^^
  File "/root/web_b2b/server_venv/lib/python3.12/site-packages/django/db/models/sql/compiler.py", line 1416, in execute_sql
    cursor.execute(sql, params)
  File "/root/web_b2b/server_venv/lib/python3.12/site-packages/django/db/backends/utils.py", line 98, in execute
    return super().execute(sql, params)
           ^^^^^^^^^^^^^^^^^^^^^^^^^^^^
  File "/root/web_b2b/server_venv/lib/python3.12/site-packages/django/db/backends/utils.py", line 66, in execute
    return self._execute_with_wrappers(sql, params, many=False, executor=self._execute)
           ^^^^^^^^^^^^^^^^^^^^^^^^^^^^^^^^^^^^^^^^^^^^^^^^^^^^^^^^^^^^^^^^^^^^^^^^^^^^
  File "/root/web_b2b/server_venv/lib/python3.12/site-packages/django/db/backends/utils.py", line 75, in _execute_with_wrappers
    return executor(sql, params, many, context)
           ^^^^^^^^^^^^^^^^^^^^^^^^^^^^^^^^^^^^
  File "/root/web_b2b/server_venv/lib/python3.12/site-packages/django/db/backends/utils.py", line 79, in _execute
    with self.db.wrap_database_errors:
  File "/root/web_b2b/server_venv/lib/python3.12/site-packages/django/db/utils.py", line 90, in __exit__
    raise dj_exc_value.with_traceback(traceback) from exc_value
  File "/root/web_b2b/server_venv/lib/python3.12/site-packages/django/db/backends/utils.py", line 84, in _execute
    return self.cursor.execute(sql, params)
           ^^^^^^^^^^^^^^^^^^^^^^^^^^^^^^^^
  File "/root/web_b2b/server_venv/lib/python3.12/site-packages/django/db/backends/mysql/base.py", line 73, in execute
    return self.cursor.execute(query, args)
           ^^^^^^^^^^^^^^^^^^^^^^^^^^^^^^^^
  File "/root/web_b2b/server_venv/lib/python3.12/site-packages/pymysql/cursors.py", line 148, in execute
    result = self._query(query)
             ^^^^^^^^^^^^^^^^^^
  File "/root/web_b2b/server_venv/lib/python3.12/site-packages/pymysql/cursors.py", line 310, in _query
    conn.query(q)
  File "/root/web_b2b/server_venv/lib/python3.12/site-packages/pymysql/connections.py", line 548, in query
    self._affected_rows = self._read_query_result(unbuffered=unbuffered)
                          ^^^^^^^^^^^^^^^^^^^^^^^^^^^^^^^^^^^^^^^^^^^^^^
  File "/root/web_b2b/server_venv/lib/python3.12/site-packages/pymysql/connections.py", line 775, in _read_query_result
    result.read()
  File "/root/web_b2b/server_venv/lib/python3.12/site-packages/pymysql/connections.py", line 1156, in read
    first_packet = self.connection._read_packet()
                   ^^^^^^^^^^^^^^^^^^^^^^^^^^^^^^
  File "/root/web_b2b/server_venv/lib/python3.12/site-packages/pymysql/connections.py", line 725, in _read_packet
    packet.raise_for_error()
  File "/root/web_b2b/server_venv/lib/python3.12/site-packages/pymysql/protocol.py", line 221, in raise_for_error
    err.raise_mysql_exception(self._data)
  File "/root/web_b2b/server_venv/lib/python3.12/site-packages/pymysql/err.py", line 143, in raise_mysql_exception
    raise errorclass(errno, errval)
django.db.utils.ProgrammingError: (1146, "Table 'web_b2b.b_op_log' doesn't exist")
"GET /myapp/index/home/section HTTP/1.1" 500 229224
Internal Server Error: /myapp/index/common/section
Traceback (most recent call last):
  File "/root/web_b2b/server_venv/lib/python3.12/site-packages/django/db/backends/utils.py", line 84, in _execute
    return self.cursor.execute(sql, params)
           ^^^^^^^^^^^^^^^^^^^^^^^^^^^^^^^^
  File "/root/web_b2b/server_venv/lib/python3.12/site-packages/django/db/backends/mysql/base.py", line 73, in execute
    return self.cursor.execute(query, args)
           ^^^^^^^^^^^^^^^^^^^^^^^^^^^^^^^^
  File "/root/web_b2b/server_venv/lib/python3.12/site-packages/pymysql/cursors.py", line 148, in execute
    result = self._query(query)
             ^^^^^^^^^^^^^^^^^^
  File "/root/web_b2b/server_venv/lib/python3.12/site-packages/pymysql/cursors.py", line 310, in _query
    conn.query(q)
  File "/root/web_b2b/server_venv/lib/python3.12/site-packages/pymysql/connections.py", line 548, in query
    self._affected_rows = self._read_query_result(unbuffered=unbuffered)
                          ^^^^^^^^^^^^^^^^^^^^^^^^^^^^^^^^^^^^^^^^^^^^^^
  File "/root/web_b2b/server_venv/lib/python3.12/site-packages/pymysql/connections.py", line 775, in _read_query_result
    result.read()
  File "/root/web_b2b/server_venv/lib/python3.12/site-packages/pymysql/connections.py", line 1156, in read
    first_packet = self.connection._read_packet()
                   ^^^^^^^^^^^^^^^^^^^^^^^^^^^^^^
  File "/root/web_b2b/server_venv/lib/python3.12/site-packages/pymysql/connections.py", line 725, in _read_packet
    packet.raise_for_error()
  File "/root/web_b2b/server_venv/lib/python3.12/site-packages/pymysql/protocol.py", line 221, in raise_for_error
    err.raise_mysql_exception(self._data)
  File "/root/web_b2b/server_venv/lib/python3.12/site-packages/pymysql/err.py", line 143, in raise_mysql_exception
    raise errorclass(errno, errval)
pymysql.err.ProgrammingError: (1146, "Table 'web_b2b.b_op_log' doesn't exist")

The above exception was the direct cause of the following exception:

Traceback (most recent call last):
  File "/root/web_b2b/server_venv/lib/python3.12/site-packages/django/core/handlers/exception.py", line 47, in inner
    response = get_response(request)
               ^^^^^^^^^^^^^^^^^^^^^
  File "/root/web_b2b/server_venv/lib/python3.12/site-packages/django/utils/deprecation.py", line 119, in __call__
    response = self.process_response(request, response)
               ^^^^^^^^^^^^^^^^^^^^^^^^^^^^^^^^^^^^^^^^
  File "/root/web_b2b/server/myapp/middlewares/LogMiddleware.py", line 52, in process_response
    serializer.save()
  File "/root/web_b2b/server_venv/lib/python3.12/site-packages/rest_framework/serializers.py", line 212, in save
    self.instance = self.create(validated_data)
                    ^^^^^^^^^^^^^^^^^^^^^^^^^^^
  File "/root/web_b2b/server_venv/lib/python3.12/site-packages/rest_framework/serializers.py", line 962, in create
    instance = ModelClass._default_manager.create(**validated_data)
               ^^^^^^^^^^^^^^^^^^^^^^^^^^^^^^^^^^^^^^^^^^^^^^^^^^^^
  File "/root/web_b2b/server_venv/lib/python3.12/site-packages/django/db/models/manager.py", line 85, in manager_method
    return getattr(self.get_queryset(), name)(*args, **kwargs)
           ^^^^^^^^^^^^^^^^^^^^^^^^^^^^^^^^^^^^^^^^^^^^^^^^^^^
  File "/root/web_b2b/server_venv/lib/python3.12/site-packages/django/db/models/query.py", line 453, in create
    obj.save(force_insert=True, using=self.db)
  File "/root/web_b2b/server_venv/lib/python3.12/site-packages/django/db/models/base.py", line 739, in save
    self.save_base(using=using, force_insert=force_insert,
  File "/root/web_b2b/server_venv/lib/python3.12/site-packages/django/db/models/base.py", line 776, in save_base
    updated = self._save_table(
              ^^^^^^^^^^^^^^^^^
  File "/root/web_b2b/server_venv/lib/python3.12/site-packages/django/db/models/base.py", line 881, in _save_table
    results = self._do_insert(cls._base_manager, using, fields, returning_fields, raw)
              ^^^^^^^^^^^^^^^^^^^^^^^^^^^^^^^^^^^^^^^^^^^^^^^^^^^^^^^^^^^^^^^^^^^^^^^^
  File "/root/web_b2b/server_venv/lib/python3.12/site-packages/django/db/models/base.py", line 919, in _do_insert
    return manager._insert(
           ^^^^^^^^^^^^^^^^
  File "/root/web_b2b/server_venv/lib/python3.12/site-packages/django/db/models/manager.py", line 85, in manager_method
    return getattr(self.get_queryset(), name)(*args, **kwargs)
           ^^^^^^^^^^^^^^^^^^^^^^^^^^^^^^^^^^^^^^^^^^^^^^^^^^^
  File "/root/web_b2b/server_venv/lib/python3.12/site-packages/django/db/models/query.py", line 1270, in _insert
    return query.get_compiler(using=using).execute_sql(returning_fields)
           ^^^^^^^^^^^^^^^^^^^^^^^^^^^^^^^^^^^^^^^^^^^^^^^^^^^^^^^^^^^^^
  File "/root/web_b2b/server_venv/lib/python3.12/site-packages/django/db/models/sql/compiler.py", line 1416, in execute_sql
    cursor.execute(sql, params)
  File "/root/web_b2b/server_venv/lib/python3.12/site-packages/django/db/backends/utils.py", line 98, in execute
    return super().execute(sql, params)
           ^^^^^^^^^^^^^^^^^^^^^^^^^^^^
  File "/root/web_b2b/server_venv/lib/python3.12/site-packages/django/db/backends/utils.py", line 66, in execute
    return self._execute_with_wrappers(sql, params, many=False, executor=self._execute)
           ^^^^^^^^^^^^^^^^^^^^^^^^^^^^^^^^^^^^^^^^^^^^^^^^^^^^^^^^^^^^^^^^^^^^^^^^^^^^
  File "/root/web_b2b/server_venv/lib/python3.12/site-packages/django/db/backends/utils.py", line 75, in _execute_with_wrappers
    return executor(sql, params, many, context)
           ^^^^^^^^^^^^^^^^^^^^^^^^^^^^^^^^^^^^
  File "/root/web_b2b/server_venv/lib/python3.12/site-packages/django/db/backends/utils.py", line 79, in _execute
    with self.db.wrap_database_errors:
  File "/root/web_b2b/server_venv/lib/python3.12/site-packages/django/db/utils.py", line 90, in __exit__
    raise dj_exc_value.with_traceback(traceback) from exc_value
  File "/root/web_b2b/server_venv/lib/python3.12/site-packages/django/db/backends/utils.py", line 84, in _execute
    return self.cursor.execute(sql, params)
           ^^^^^^^^^^^^^^^^^^^^^^^^^^^^^^^^
  File "/root/web_b2b/server_venv/lib/python3.12/site-packages/django/db/backends/mysql/base.py", line 73, in execute
    return self.cursor.execute(query, args)
           ^^^^^^^^^^^^^^^^^^^^^^^^^^^^^^^^
  File "/root/web_b2b/server_venv/lib/python3.12/site-packages/pymysql/cursors.py", line 148, in execute
    result = self._query(query)
             ^^^^^^^^^^^^^^^^^^
  File "/root/web_b2b/server_venv/lib/python3.12/site-packages/pymysql/cursors.py", line 310, in _query
    conn.query(q)
  File "/root/web_b2b/server_venv/lib/python3.12/site-packages/pymysql/connections.py", line 548, in query
    self._affected_rows = self._read_query_result(unbuffered=unbuffered)
                          ^^^^^^^^^^^^^^^^^^^^^^^^^^^^^^^^^^^^^^^^^^^^^^
  File "/root/web_b2b/server_venv/lib/python3.12/site-packages/pymysql/connections.py", line 775, in _read_query_result
    result.read()
  File "/root/web_b2b/server_venv/lib/python3.12/site-packages/pymysql/connections.py", line 1156, in read
    first_packet = self.connection._read_packet()
                   ^^^^^^^^^^^^^^^^^^^^^^^^^^^^^^
  File "/root/web_b2b/server_venv/lib/python3.12/site-packages/pymysql/connections.py", line 725, in _read_packet
    packet.raise_for_error()
  File "/root/web_b2b/server_venv/lib/python3.12/site-packages/pymysql/protocol.py", line 221, in raise_for_error
    err.raise_mysql_exception(self._data)
  File "/root/web_b2b/server_venv/lib/python3.12/site-packages/pymysql/err.py", line 143, in raise_mysql_exception
    raise errorclass(errno, errval)
django.db.utils.ProgrammingError: (1146, "Table 'web_b2b.b_op_log' doesn't exist")
"GET /myapp/index/common/section HTTP/1.1" 500 229164
Internal Server Error: /myapp/index/home/section
Traceback (most recent call last):
  File "/root/web_b2b/server_venv/lib/python3.12/site-packages/django/db/backends/utils.py", line 84, in _execute
    return self.cursor.execute(sql, params)
           ^^^^^^^^^^^^^^^^^^^^^^^^^^^^^^^^
  File "/root/web_b2b/server_venv/lib/python3.12/site-packages/django/db/backends/mysql/base.py", line 73, in execute
    return self.cursor.execute(query, args)
           ^^^^^^^^^^^^^^^^^^^^^^^^^^^^^^^^
  File "/root/web_b2b/server_venv/lib/python3.12/site-packages/pymysql/cursors.py", line 148, in execute
    result = self._query(query)
             ^^^^^^^^^^^^^^^^^^
  File "/root/web_b2b/server_venv/lib/python3.12/site-packages/pymysql/cursors.py", line 310, in _query
    conn.query(q)
  File "/root/web_b2b/server_venv/lib/python3.12/site-packages/pymysql/connections.py", line 548, in query
    self._affected_rows = self._read_query_result(unbuffered=unbuffered)
                          ^^^^^^^^^^^^^^^^^^^^^^^^^^^^^^^^^^^^^^^^^^^^^^
  File "/root/web_b2b/server_venv/lib/python3.12/site-packages/pymysql/connections.py", line 775, in _read_query_result
    result.read()
  File "/root/web_b2b/server_venv/lib/python3.12/site-packages/pymysql/connections.py", line 1156, in read
    first_packet = self.connection._read_packet()
                   ^^^^^^^^^^^^^^^^^^^^^^^^^^^^^^
  File "/root/web_b2b/server_venv/lib/python3.12/site-packages/pymysql/connections.py", line 725, in _read_packet
    packet.raise_for_error()
  File "/root/web_b2b/server_venv/lib/python3.12/site-packages/pymysql/protocol.py", line 221, in raise_for_error
    err.raise_mysql_exception(self._data)
  File "/root/web_b2b/server_venv/lib/python3.12/site-packages/pymysql/err.py", line 143, in raise_mysql_exception
    raise errorclass(errno, errval)
pymysql.err.ProgrammingError: (1146, "Table 'web_b2b.b_basic_tdk' doesn't exist")

The above exception was the direct cause of the following exception:

Traceback (most recent call last):
  File "/root/web_b2b/server_venv/lib/python3.12/site-packages/django/core/handlers/exception.py", line 47, in inner
    response = get_response(request)
               ^^^^^^^^^^^^^^^^^^^^^
  File "/root/web_b2b/server_venv/lib/python3.12/site-packages/django/core/handlers/base.py", line 181, in _get_response
    response = wrapped_callback(request, *callback_args, **callback_kwargs)
               ^^^^^^^^^^^^^^^^^^^^^^^^^^^^^^^^^^^^^^^^^^^^^^^^^^^^^^^^^^^^
  File "/root/web_b2b/server_venv/lib/python3.12/site-packages/django/views/decorators/csrf.py", line 54, in wrapped_view
    return view_func(*args, **kwargs)
           ^^^^^^^^^^^^^^^^^^^^^^^^^^
  File "/root/web_b2b/server_venv/lib/python3.12/site-packages/django/views/generic/base.py", line 70, in view
    return self.dispatch(request, *args, **kwargs)
           ^^^^^^^^^^^^^^^^^^^^^^^^^^^^^^^^^^^^^^^
  File "/root/web_b2b/server_venv/lib/python3.12/site-packages/rest_framework/views.py", line 509, in dispatch
    response = self.handle_exception(exc)
               ^^^^^^^^^^^^^^^^^^^^^^^^^^
  File "/root/web_b2b/server_venv/lib/python3.12/site-packages/rest_framework/views.py", line 469, in handle_exception
    self.raise_uncaught_exception(exc)
  File "/root/web_b2b/server_venv/lib/python3.12/site-packages/rest_framework/views.py", line 480, in raise_uncaught_exception
    raise exc
  File "/root/web_b2b/server_venv/lib/python3.12/site-packages/rest_framework/views.py", line 506, in dispatch
    response = handler(request, *args, **kwargs)
               ^^^^^^^^^^^^^^^^^^^^^^^^^^^^^^^^^
  File "/root/web_b2b/server_venv/lib/python3.12/site-packages/rest_framework/decorators.py", line 41, in handler
    return func(*args, **kwargs)
           ^^^^^^^^^^^^^^^^^^^^^
  File "/root/web_b2b/server/myapp/views/index/home.py", line 28, in section
    basicTdk = BasicTdk.get_solo()
               ^^^^^^^^^^^^^^^^^^^
  File "/root/web_b2b/server/myapp/models.py", line 236, in get_solo
    return cls.objects.get()
           ^^^^^^^^^^^^^^^^^
  File "/root/web_b2b/server_venv/lib/python3.12/site-packages/django/db/models/manager.py", line 85, in manager_method
    return getattr(self.get_queryset(), name)(*args, **kwargs)
           ^^^^^^^^^^^^^^^^^^^^^^^^^^^^^^^^^^^^^^^^^^^^^^^^^^^
  File "/root/web_b2b/server_venv/lib/python3.12/site-packages/django/db/models/query.py", line 431, in get
    num = len(clone)
          ^^^^^^^^^^
  File "/root/web_b2b/server_venv/lib/python3.12/site-packages/django/db/models/query.py", line 262, in __len__
    self._fetch_all()
  File "/root/web_b2b/server_venv/lib/python3.12/site-packages/django/db/models/query.py", line 1324, in _fetch_all
    self._result_cache = list(self._iterable_class(self))
                         ^^^^^^^^^^^^^^^^^^^^^^^^^^^^^^^^
  File "/root/web_b2b/server_venv/lib/python3.12/site-packages/django/db/models/query.py", line 51, in __iter__
    results = compiler.execute_sql(chunked_fetch=self.chunked_fetch, chunk_size=self.chunk_size)
              ^^^^^^^^^^^^^^^^^^^^^^^^^^^^^^^^^^^^^^^^^^^^^^^^^^^^^^^^^^^^^^^^^^^^^^^^^^^^^^^^^^
  File "/root/web_b2b/server_venv/lib/python3.12/site-packages/django/db/models/sql/compiler.py", line 1175, in execute_sql
    cursor.execute(sql, params)
  File "/root/web_b2b/server_venv/lib/python3.12/site-packages/django/db/backends/utils.py", line 98, in execute
    return super().execute(sql, params)
           ^^^^^^^^^^^^^^^^^^^^^^^^^^^^
  File "/root/web_b2b/server_venv/lib/python3.12/site-packages/django/db/backends/utils.py", line 66, in execute
    return self._execute_with_wrappers(sql, params, many=False, executor=self._execute)
           ^^^^^^^^^^^^^^^^^^^^^^^^^^^^^^^^^^^^^^^^^^^^^^^^^^^^^^^^^^^^^^^^^^^^^^^^^^^^
  File "/root/web_b2b/server_venv/lib/python3.12/site-packages/django/db/backends/utils.py", line 75, in _execute_with_wrappers
    return executor(sql, params, many, context)
           ^^^^^^^^^^^^^^^^^^^^^^^^^^^^^^^^^^^^
  File "/root/web_b2b/server_venv/lib/python3.12/site-packages/django/db/backends/utils.py", line 79, in _execute
    with self.db.wrap_database_errors:
  File "/root/web_b2b/server_venv/lib/python3.12/site-packages/django/db/utils.py", line 90, in __exit__
    raise dj_exc_value.with_traceback(traceback) from exc_value
  File "/root/web_b2b/server_venv/lib/python3.12/site-packages/django/db/backends/utils.py", line 84, in _execute
    return self.cursor.execute(sql, params)
           ^^^^^^^^^^^^^^^^^^^^^^^^^^^^^^^^
  File "/root/web_b2b/server_venv/lib/python3.12/site-packages/django/db/backends/mysql/base.py", line 73, in execute
    return self.cursor.execute(query, args)
           ^^^^^^^^^^^^^^^^^^^^^^^^^^^^^^^^
  File "/root/web_b2b/server_venv/lib/python3.12/site-packages/pymysql/cursors.py", line 148, in execute
    result = self._query(query)
             ^^^^^^^^^^^^^^^^^^
  File "/root/web_b2b/server_venv/lib/python3.12/site-packages/pymysql/cursors.py", line 310, in _query
    conn.query(q)
  File "/root/web_b2b/server_venv/lib/python3.12/site-packages/pymysql/connections.py", line 548, in query
    self._affected_rows = self._read_query_result(unbuffered=unbuffered)
                          ^^^^^^^^^^^^^^^^^^^^^^^^^^^^^^^^^^^^^^^^^^^^^^
  File "/root/web_b2b/server_venv/lib/python3.12/site-packages/pymysql/connections.py", line 775, in _read_query_result
    result.read()
  File "/root/web_b2b/server_venv/lib/python3.12/site-packages/pymysql/connections.py", line 1156, in read
    first_packet = self.connection._read_packet()
                   ^^^^^^^^^^^^^^^^^^^^^^^^^^^^^^
  File "/root/web_b2b/server_venv/lib/python3.12/site-packages/pymysql/connections.py", line 725, in _read_packet
    packet.raise_for_error()
  File "/root/web_b2b/server_venv/lib/python3.12/site-packages/pymysql/protocol.py", line 221, in raise_for_error
    err.raise_mysql_exception(self._data)
  File "/root/web_b2b/server_venv/lib/python3.12/site-packages/pymysql/err.py", line 143, in raise_mysql_exception
    raise errorclass(errno, errval)
django.db.utils.ProgrammingError: (1146, "Table 'web_b2b.b_basic_tdk' doesn't exist")
Internal Server Error: /myapp/index/home/section
Traceback (most recent call last):
  File "/root/web_b2b/server_venv/lib/python3.12/site-packages/django/db/backends/utils.py", line 84, in _execute
    return self.cursor.execute(sql, params)
           ^^^^^^^^^^^^^^^^^^^^^^^^^^^^^^^^
  File "/root/web_b2b/server_venv/lib/python3.12/site-packages/django/db/backends/mysql/base.py", line 73, in execute
    return self.cursor.execute(query, args)
           ^^^^^^^^^^^^^^^^^^^^^^^^^^^^^^^^
  File "/root/web_b2b/server_venv/lib/python3.12/site-packages/pymysql/cursors.py", line 148, in execute
    result = self._query(query)
             ^^^^^^^^^^^^^^^^^^
  File "/root/web_b2b/server_venv/lib/python3.12/site-packages/pymysql/cursors.py", line 310, in _query
    conn.query(q)
  File "/root/web_b2b/server_venv/lib/python3.12/site-packages/pymysql/connections.py", line 548, in query
    self._affected_rows = self._read_query_result(unbuffered=unbuffered)
                          ^^^^^^^^^^^^^^^^^^^^^^^^^^^^^^^^^^^^^^^^^^^^^^
  File "/root/web_b2b/server_venv/lib/python3.12/site-packages/pymysql/connections.py", line 775, in _read_query_result
    result.read()
  File "/root/web_b2b/server_venv/lib/python3.12/site-packages/pymysql/connections.py", line 1156, in read
    first_packet = self.connection._read_packet()
                   ^^^^^^^^^^^^^^^^^^^^^^^^^^^^^^
  File "/root/web_b2b/server_venv/lib/python3.12/site-packages/pymysql/connections.py", line 725, in _read_packet
    packet.raise_for_error()
  File "/root/web_b2b/server_venv/lib/python3.12/site-packages/pymysql/protocol.py", line 221, in raise_for_error
    err.raise_mysql_exception(self._data)
  File "/root/web_b2b/server_venv/lib/python3.12/site-packages/pymysql/err.py", line 143, in raise_mysql_exception
    raise errorclass(errno, errval)
pymysql.err.ProgrammingError: (1146, "Table 'web_b2b.b_op_log' doesn't exist")

The above exception was the direct cause of the following exception:

Traceback (most recent call last):
  File "/root/web_b2b/server_venv/lib/python3.12/site-packages/django/core/handlers/exception.py", line 47, in inner
    response = get_response(request)
               ^^^^^^^^^^^^^^^^^^^^^
  File "/root/web_b2b/server_venv/lib/python3.12/site-packages/django/utils/deprecation.py", line 119, in __call__
    response = self.process_response(request, response)
               ^^^^^^^^^^^^^^^^^^^^^^^^^^^^^^^^^^^^^^^^
  File "/root/web_b2b/server/myapp/middlewares/LogMiddleware.py", line 52, in process_response
    serializer.save()
  File "/root/web_b2b/server_venv/lib/python3.12/site-packages/rest_framework/serializers.py", line 212, in save
    self.instance = self.create(validated_data)
                    ^^^^^^^^^^^^^^^^^^^^^^^^^^^
  File "/root/web_b2b/server_venv/lib/python3.12/site-packages/rest_framework/serializers.py", line 962, in create
    instance = ModelClass._default_manager.create(**validated_data)
               ^^^^^^^^^^^^^^^^^^^^^^^^^^^^^^^^^^^^^^^^^^^^^^^^^^^^
  File "/root/web_b2b/server_venv/lib/python3.12/site-packages/django/db/models/manager.py", line 85, in manager_method
    return getattr(self.get_queryset(), name)(*args, **kwargs)
           ^^^^^^^^^^^^^^^^^^^^^^^^^^^^^^^^^^^^^^^^^^^^^^^^^^^
  File "/root/web_b2b/server_venv/lib/python3.12/site-packages/django/db/models/query.py", line 453, in create
    obj.save(force_insert=True, using=self.db)
  File "/root/web_b2b/server_venv/lib/python3.12/site-packages/django/db/models/base.py", line 739, in save
    self.save_base(using=using, force_insert=force_insert,
  File "/root/web_b2b/server_venv/lib/python3.12/site-packages/django/db/models/base.py", line 776, in save_base
    updated = self._save_table(
              ^^^^^^^^^^^^^^^^^
  File "/root/web_b2b/server_venv/lib/python3.12/site-packages/django/db/models/base.py", line 881, in _save_table
    results = self._do_insert(cls._base_manager, using, fields, returning_fields, raw)
              ^^^^^^^^^^^^^^^^^^^^^^^^^^^^^^^^^^^^^^^^^^^^^^^^^^^^^^^^^^^^^^^^^^^^^^^^
  File "/root/web_b2b/server_venv/lib/python3.12/site-packages/django/db/models/base.py", line 919, in _do_insert
    return manager._insert(
           ^^^^^^^^^^^^^^^^
  File "/root/web_b2b/server_venv/lib/python3.12/site-packages/django/db/models/manager.py", line 85, in manager_method
    return getattr(self.get_queryset(), name)(*args, **kwargs)
           ^^^^^^^^^^^^^^^^^^^^^^^^^^^^^^^^^^^^^^^^^^^^^^^^^^^
  File "/root/web_b2b/server_venv/lib/python3.12/site-packages/django/db/models/query.py", line 1270, in _insert
    return query.get_compiler(using=using).execute_sql(returning_fields)
           ^^^^^^^^^^^^^^^^^^^^^^^^^^^^^^^^^^^^^^^^^^^^^^^^^^^^^^^^^^^^^
  File "/root/web_b2b/server_venv/lib/python3.12/site-packages/django/db/models/sql/compiler.py", line 1416, in execute_sql
    cursor.execute(sql, params)
  File "/root/web_b2b/server_venv/lib/python3.12/site-packages/django/db/backends/utils.py", line 98, in execute
    return super().execute(sql, params)
           ^^^^^^^^^^^^^^^^^^^^^^^^^^^^
  File "/root/web_b2b/server_venv/lib/python3.12/site-packages/django/db/backends/utils.py", line 66, in execute
    return self._execute_with_wrappers(sql, params, many=False, executor=self._execute)
           ^^^^^^^^^^^^^^^^^^^^^^^^^^^^^^^^^^^^^^^^^^^^^^^^^^^^^^^^^^^^^^^^^^^^^^^^^^^^
  File "/root/web_b2b/server_venv/lib/python3.12/site-packages/django/db/backends/utils.py", line 75, in _execute_with_wrappers
    return executor(sql, params, many, context)
           ^^^^^^^^^^^^^^^^^^^^^^^^^^^^^^^^^^^^
  File "/root/web_b2b/server_venv/lib/python3.12/site-packages/django/db/backends/utils.py", line 79, in _execute
    with self.db.wrap_database_errors:
  File "/root/web_b2b/server_venv/lib/python3.12/site-packages/django/db/utils.py", line 90, in __exit__
    raise dj_exc_value.with_traceback(traceback) from exc_value
  File "/root/web_b2b/server_venv/lib/python3.12/site-packages/django/db/backends/utils.py", line 84, in _execute
    return self.cursor.execute(sql, params)
           ^^^^^^^^^^^^^^^^^^^^^^^^^^^^^^^^
  File "/root/web_b2b/server_venv/lib/python3.12/site-packages/django/db/backends/mysql/base.py", line 73, in execute
    return self.cursor.execute(query, args)
           ^^^^^^^^^^^^^^^^^^^^^^^^^^^^^^^^
  File "/root/web_b2b/server_venv/lib/python3.12/site-packages/pymysql/cursors.py", line 148, in execute
    result = self._query(query)
             ^^^^^^^^^^^^^^^^^^
  File "/root/web_b2b/server_venv/lib/python3.12/site-packages/pymysql/cursors.py", line 310, in _query
    conn.query(q)
  File "/root/web_b2b/server_venv/lib/python3.12/site-packages/pymysql/connections.py", line 548, in query
    self._affected_rows = self._read_query_result(unbuffered=unbuffered)
                          ^^^^^^^^^^^^^^^^^^^^^^^^^^^^^^^^^^^^^^^^^^^^^^
  File "/root/web_b2b/server_venv/lib/python3.12/site-packages/pymysql/connections.py", line 775, in _read_query_result
    result.read()
  File "/root/web_b2b/server_venv/lib/python3.12/site-packages/pymysql/connections.py", line 1156, in read
    first_packet = self.connection._read_packet()
                   ^^^^^^^^^^^^^^^^^^^^^^^^^^^^^^
  File "/root/web_b2b/server_venv/lib/python3.12/site-packages/pymysql/connections.py", line 725, in _read_packet
    packet.raise_for_error()
  File "/root/web_b2b/server_venv/lib/python3.12/site-packages/pymysql/protocol.py", line 221, in raise_for_error
    err.raise_mysql_exception(self._data)
  File "/root/web_b2b/server_venv/lib/python3.12/site-packages/pymysql/err.py", line 143, in raise_mysql_exception
    raise errorclass(errno, errval)
django.db.utils.ProgrammingError: (1146, "Table 'web_b2b.b_op_log' doesn't exist")
"GET /myapp/index/home/section HTTP/1.1" 500 229311
Internal Server Error: /myapp/admin/news/list
Traceback (most recent call last):
  File "/root/web_b2b/server_venv/lib/python3.12/site-packages/django/db/backends/utils.py", line 84, in _execute
    return self.cursor.execute(sql, params)
           ^^^^^^^^^^^^^^^^^^^^^^^^^^^^^^^^
  File "/root/web_b2b/server_venv/lib/python3.12/site-packages/django/db/backends/mysql/base.py", line 73, in execute
    return self.cursor.execute(query, args)
           ^^^^^^^^^^^^^^^^^^^^^^^^^^^^^^^^
  File "/root/web_b2b/server_venv/lib/python3.12/site-packages/pymysql/cursors.py", line 148, in execute
    result = self._query(query)
             ^^^^^^^^^^^^^^^^^^
  File "/root/web_b2b/server_venv/lib/python3.12/site-packages/pymysql/cursors.py", line 310, in _query
    conn.query(q)
  File "/root/web_b2b/server_venv/lib/python3.12/site-packages/pymysql/connections.py", line 548, in query
    self._affected_rows = self._read_query_result(unbuffered=unbuffered)
                          ^^^^^^^^^^^^^^^^^^^^^^^^^^^^^^^^^^^^^^^^^^^^^^
  File "/root/web_b2b/server_venv/lib/python3.12/site-packages/pymysql/connections.py", line 775, in _read_query_result
    result.read()
  File "/root/web_b2b/server_venv/lib/python3.12/site-packages/pymysql/connections.py", line 1156, in read
    first_packet = self.connection._read_packet()
                   ^^^^^^^^^^^^^^^^^^^^^^^^^^^^^^
  File "/root/web_b2b/server_venv/lib/python3.12/site-packages/pymysql/connections.py", line 725, in _read_packet
    packet.raise_for_error()
  File "/root/web_b2b/server_venv/lib/python3.12/site-packages/pymysql/protocol.py", line 221, in raise_for_error
    err.raise_mysql_exception(self._data)
  File "/root/web_b2b/server_venv/lib/python3.12/site-packages/pymysql/err.py", line 143, in raise_mysql_exception
    raise errorclass(errno, errval)
pymysql.err.ProgrammingError: (1146, "Table 'web_b2b.b_user' doesn't exist")

The above exception was the direct cause of the following exception:

Traceback (most recent call last):
  File "/root/web_b2b/server_venv/lib/python3.12/site-packages/django/core/handlers/exception.py", line 47, in inner
    response = get_response(request)
               ^^^^^^^^^^^^^^^^^^^^^
  File "/root/web_b2b/server_venv/lib/python3.12/site-packages/django/core/handlers/base.py", line 181, in _get_response
    response = wrapped_callback(request, *callback_args, **callback_kwargs)
               ^^^^^^^^^^^^^^^^^^^^^^^^^^^^^^^^^^^^^^^^^^^^^^^^^^^^^^^^^^^^
  File "/root/web_b2b/server_venv/lib/python3.12/site-packages/django/views/decorators/csrf.py", line 54, in wrapped_view
    return view_func(*args, **kwargs)
           ^^^^^^^^^^^^^^^^^^^^^^^^^^
  File "/root/web_b2b/server_venv/lib/python3.12/site-packages/django/views/generic/base.py", line 70, in view
    return self.dispatch(request, *args, **kwargs)
           ^^^^^^^^^^^^^^^^^^^^^^^^^^^^^^^^^^^^^^^
  File "/root/web_b2b/server_venv/lib/python3.12/site-packages/rest_framework/views.py", line 509, in dispatch
    response = self.handle_exception(exc)
               ^^^^^^^^^^^^^^^^^^^^^^^^^^
  File "/root/web_b2b/server_venv/lib/python3.12/site-packages/rest_framework/views.py", line 469, in handle_exception
    self.raise_uncaught_exception(exc)
  File "/root/web_b2b/server_venv/lib/python3.12/site-packages/rest_framework/views.py", line 480, in raise_uncaught_exception
    raise exc
  File "/root/web_b2b/server_venv/lib/python3.12/site-packages/rest_framework/views.py", line 497, in dispatch
    self.initial(request, *args, **kwargs)
  File "/root/web_b2b/server_venv/lib/python3.12/site-packages/rest_framework/views.py", line 414, in initial
    self.perform_authentication(request)
  File "/root/web_b2b/server_venv/lib/python3.12/site-packages/rest_framework/views.py", line 324, in perform_authentication
    request.user
  File "/root/web_b2b/server_venv/lib/python3.12/site-packages/rest_framework/request.py", line 227, in user
    self._authenticate()
  File "/root/web_b2b/server_venv/lib/python3.12/site-packages/rest_framework/request.py", line 380, in _authenticate
    user_auth_tuple = authenticator.authenticate(self)
                      ^^^^^^^^^^^^^^^^^^^^^^^^^^^^^^^^
  File "/root/web_b2b/server/myapp/auth/authentication.py", line 25, in authenticate
    if not adminToken or len(users) == 0 or int(users[0].exp) < ts:
                         ^^^^^^^^^^
  File "/root/web_b2b/server_venv/lib/python3.12/site-packages/django/db/models/query.py", line 262, in __len__
    self._fetch_all()
  File "/root/web_b2b/server_venv/lib/python3.12/site-packages/django/db/models/query.py", line 1324, in _fetch_all
    self._result_cache = list(self._iterable_class(self))
                         ^^^^^^^^^^^^^^^^^^^^^^^^^^^^^^^^
  File "/root/web_b2b/server_venv/lib/python3.12/site-packages/django/db/models/query.py", line 51, in __iter__
    results = compiler.execute_sql(chunked_fetch=self.chunked_fetch, chunk_size=self.chunk_size)
              ^^^^^^^^^^^^^^^^^^^^^^^^^^^^^^^^^^^^^^^^^^^^^^^^^^^^^^^^^^^^^^^^^^^^^^^^^^^^^^^^^^
  File "/root/web_b2b/server_venv/lib/python3.12/site-packages/django/db/models/sql/compiler.py", line 1175, in execute_sql
    cursor.execute(sql, params)
  File "/root/web_b2b/server_venv/lib/python3.12/site-packages/django/db/backends/utils.py", line 98, in execute
    return super().execute(sql, params)
           ^^^^^^^^^^^^^^^^^^^^^^^^^^^^
  File "/root/web_b2b/server_venv/lib/python3.12/site-packages/django/db/backends/utils.py", line 66, in execute
    return self._execute_with_wrappers(sql, params, many=False, executor=self._execute)
           ^^^^^^^^^^^^^^^^^^^^^^^^^^^^^^^^^^^^^^^^^^^^^^^^^^^^^^^^^^^^^^^^^^^^^^^^^^^^
  File "/root/web_b2b/server_venv/lib/python3.12/site-packages/django/db/backends/utils.py", line 75, in _execute_with_wrappers
    return executor(sql, params, many, context)
           ^^^^^^^^^^^^^^^^^^^^^^^^^^^^^^^^^^^^
  File "/root/web_b2b/server_venv/lib/python3.12/site-packages/django/db/backends/utils.py", line 79, in _execute
    with self.db.wrap_database_errors:
  File "/root/web_b2b/server_venv/lib/python3.12/site-packages/django/db/utils.py", line 90, in __exit__
    raise dj_exc_value.with_traceback(traceback) from exc_value
  File "/root/web_b2b/server_venv/lib/python3.12/site-packages/django/db/backends/utils.py", line 84, in _execute
    return self.cursor.execute(sql, params)
           ^^^^^^^^^^^^^^^^^^^^^^^^^^^^^^^^
  File "/root/web_b2b/server_venv/lib/python3.12/site-packages/django/db/backends/mysql/base.py", line 73, in execute
    return self.cursor.execute(query, args)
           ^^^^^^^^^^^^^^^^^^^^^^^^^^^^^^^^
  File "/root/web_b2b/server_venv/lib/python3.12/site-packages/pymysql/cursors.py", line 148, in execute
    result = self._query(query)
             ^^^^^^^^^^^^^^^^^^
  File "/root/web_b2b/server_venv/lib/python3.12/site-packages/pymysql/cursors.py", line 310, in _query
    conn.query(q)
  File "/root/web_b2b/server_venv/lib/python3.12/site-packages/pymysql/connections.py", line 548, in query
    self._affected_rows = self._read_query_result(unbuffered=unbuffered)
                          ^^^^^^^^^^^^^^^^^^^^^^^^^^^^^^^^^^^^^^^^^^^^^^
  File "/root/web_b2b/server_venv/lib/python3.12/site-packages/pymysql/connections.py", line 775, in _read_query_result
    result.read()
  File "/root/web_b2b/server_venv/lib/python3.12/site-packages/pymysql/connections.py", line 1156, in read
    first_packet = self.connection._read_packet()
                   ^^^^^^^^^^^^^^^^^^^^^^^^^^^^^^
  File "/root/web_b2b/server_venv/lib/python3.12/site-packages/pymysql/connections.py", line 725, in _read_packet
    packet.raise_for_error()
  File "/root/web_b2b/server_venv/lib/python3.12/site-packages/pymysql/protocol.py", line 221, in raise_for_error
    err.raise_mysql_exception(self._data)
  File "/root/web_b2b/server_venv/lib/python3.12/site-packages/pymysql/err.py", line 143, in raise_mysql_exception
    raise errorclass(errno, errval)
django.db.utils.ProgrammingError: (1146, "Table 'web_b2b.b_user' doesn't exist")
Internal Server Error: /myapp/admin/news/list
Traceback (most recent call last):
  File "/root/web_b2b/server_venv/lib/python3.12/site-packages/django/db/backends/utils.py", line 84, in _execute
    return self.cursor.execute(sql, params)
           ^^^^^^^^^^^^^^^^^^^^^^^^^^^^^^^^
  File "/root/web_b2b/server_venv/lib/python3.12/site-packages/django/db/backends/mysql/base.py", line 73, in execute
    return self.cursor.execute(query, args)
           ^^^^^^^^^^^^^^^^^^^^^^^^^^^^^^^^
  File "/root/web_b2b/server_venv/lib/python3.12/site-packages/pymysql/cursors.py", line 148, in execute
    result = self._query(query)
             ^^^^^^^^^^^^^^^^^^
  File "/root/web_b2b/server_venv/lib/python3.12/site-packages/pymysql/cursors.py", line 310, in _query
    conn.query(q)
  File "/root/web_b2b/server_venv/lib/python3.12/site-packages/pymysql/connections.py", line 548, in query
    self._affected_rows = self._read_query_result(unbuffered=unbuffered)
                          ^^^^^^^^^^^^^^^^^^^^^^^^^^^^^^^^^^^^^^^^^^^^^^
  File "/root/web_b2b/server_venv/lib/python3.12/site-packages/pymysql/connections.py", line 775, in _read_query_result
    result.read()
  File "/root/web_b2b/server_venv/lib/python3.12/site-packages/pymysql/connections.py", line 1156, in read
    first_packet = self.connection._read_packet()
                   ^^^^^^^^^^^^^^^^^^^^^^^^^^^^^^
  File "/root/web_b2b/server_venv/lib/python3.12/site-packages/pymysql/connections.py", line 725, in _read_packet
    packet.raise_for_error()
  File "/root/web_b2b/server_venv/lib/python3.12/site-packages/pymysql/protocol.py", line 221, in raise_for_error
    err.raise_mysql_exception(self._data)
  File "/root/web_b2b/server_venv/lib/python3.12/site-packages/pymysql/err.py", line 143, in raise_mysql_exception
    raise errorclass(errno, errval)
pymysql.err.ProgrammingError: (1146, "Table 'web_b2b.b_op_log' doesn't exist")

The above exception was the direct cause of the following exception:

Traceback (most recent call last):
  File "/root/web_b2b/server_venv/lib/python3.12/site-packages/django/core/handlers/exception.py", line 47, in inner
    response = get_response(request)
               ^^^^^^^^^^^^^^^^^^^^^
  File "/root/web_b2b/server_venv/lib/python3.12/site-packages/django/utils/deprecation.py", line 119, in __call__
    response = self.process_response(request, response)
               ^^^^^^^^^^^^^^^^^^^^^^^^^^^^^^^^^^^^^^^^
  File "/root/web_b2b/server/myapp/middlewares/LogMiddleware.py", line 52, in process_response
    serializer.save()
  File "/root/web_b2b/server_venv/lib/python3.12/site-packages/rest_framework/serializers.py", line 212, in save
    self.instance = self.create(validated_data)
                    ^^^^^^^^^^^^^^^^^^^^^^^^^^^
  File "/root/web_b2b/server_venv/lib/python3.12/site-packages/rest_framework/serializers.py", line 962, in create
    instance = ModelClass._default_manager.create(**validated_data)
               ^^^^^^^^^^^^^^^^^^^^^^^^^^^^^^^^^^^^^^^^^^^^^^^^^^^^
  File "/root/web_b2b/server_venv/lib/python3.12/site-packages/django/db/models/manager.py", line 85, in manager_method
    return getattr(self.get_queryset(), name)(*args, **kwargs)
           ^^^^^^^^^^^^^^^^^^^^^^^^^^^^^^^^^^^^^^^^^^^^^^^^^^^
  File "/root/web_b2b/server_venv/lib/python3.12/site-packages/django/db/models/query.py", line 453, in create
    obj.save(force_insert=True, using=self.db)
  File "/root/web_b2b/server_venv/lib/python3.12/site-packages/django/db/models/base.py", line 739, in save
    self.save_base(using=using, force_insert=force_insert,
  File "/root/web_b2b/server_venv/lib/python3.12/site-packages/django/db/models/base.py", line 776, in save_base
    updated = self._save_table(
              ^^^^^^^^^^^^^^^^^
  File "/root/web_b2b/server_venv/lib/python3.12/site-packages/django/db/models/base.py", line 881, in _save_table
    results = self._do_insert(cls._base_manager, using, fields, returning_fields, raw)
              ^^^^^^^^^^^^^^^^^^^^^^^^^^^^^^^^^^^^^^^^^^^^^^^^^^^^^^^^^^^^^^^^^^^^^^^^
  File "/root/web_b2b/server_venv/lib/python3.12/site-packages/django/db/models/base.py", line 919, in _do_insert
    return manager._insert(
           ^^^^^^^^^^^^^^^^
  File "/root/web_b2b/server_venv/lib/python3.12/site-packages/django/db/models/manager.py", line 85, in manager_method
    return getattr(self.get_queryset(), name)(*args, **kwargs)
           ^^^^^^^^^^^^^^^^^^^^^^^^^^^^^^^^^^^^^^^^^^^^^^^^^^^
  File "/root/web_b2b/server_venv/lib/python3.12/site-packages/django/db/models/query.py", line 1270, in _insert
    return query.get_compiler(using=using).execute_sql(returning_fields)
           ^^^^^^^^^^^^^^^^^^^^^^^^^^^^^^^^^^^^^^^^^^^^^^^^^^^^^^^^^^^^^
  File "/root/web_b2b/server_venv/lib/python3.12/site-packages/django/db/models/sql/compiler.py", line 1416, in execute_sql
    cursor.execute(sql, params)
  File "/root/web_b2b/server_venv/lib/python3.12/site-packages/django/db/backends/utils.py", line 98, in execute
    return super().execute(sql, params)
           ^^^^^^^^^^^^^^^^^^^^^^^^^^^^
  File "/root/web_b2b/server_venv/lib/python3.12/site-packages/django/db/backends/utils.py", line 66, in execute
    return self._execute_with_wrappers(sql, params, many=False, executor=self._execute)
           ^^^^^^^^^^^^^^^^^^^^^^^^^^^^^^^^^^^^^^^^^^^^^^^^^^^^^^^^^^^^^^^^^^^^^^^^^^^^
  File "/root/web_b2b/server_venv/lib/python3.12/site-packages/django/db/backends/utils.py", line 75, in _execute_with_wrappers
    return executor(sql, params, many, context)
           ^^^^^^^^^^^^^^^^^^^^^^^^^^^^^^^^^^^^
  File "/root/web_b2b/server_venv/lib/python3.12/site-packages/django/db/backends/utils.py", line 79, in _execute
    with self.db.wrap_database_errors:
  File "/root/web_b2b/server_venv/lib/python3.12/site-packages/django/db/utils.py", line 90, in __exit__
    raise dj_exc_value.with_traceback(traceback) from exc_value
  File "/root/web_b2b/server_venv/lib/python3.12/site-packages/django/db/backends/utils.py", line 84, in _execute
    return self.cursor.execute(sql, params)
           ^^^^^^^^^^^^^^^^^^^^^^^^^^^^^^^^
  File "/root/web_b2b/server_venv/lib/python3.12/site-packages/django/db/backends/mysql/base.py", line 73, in execute
    return self.cursor.execute(query, args)
           ^^^^^^^^^^^^^^^^^^^^^^^^^^^^^^^^
  File "/root/web_b2b/server_venv/lib/python3.12/site-packages/pymysql/cursors.py", line 148, in execute
    result = self._query(query)
             ^^^^^^^^^^^^^^^^^^
  File "/root/web_b2b/server_venv/lib/python3.12/site-packages/pymysql/cursors.py", line 310, in _query
    conn.query(q)
  File "/root/web_b2b/server_venv/lib/python3.12/site-packages/pymysql/connections.py", line 548, in query
    self._affected_rows = self._read_query_result(unbuffered=unbuffered)
                          ^^^^^^^^^^^^^^^^^^^^^^^^^^^^^^^^^^^^^^^^^^^^^^
  File "/root/web_b2b/server_venv/lib/python3.12/site-packages/pymysql/connections.py", line 775, in _read_query_result
    result.read()
  File "/root/web_b2b/server_venv/lib/python3.12/site-packages/pymysql/connections.py", line 1156, in read
    first_packet = self.connection._read_packet()
                   ^^^^^^^^^^^^^^^^^^^^^^^^^^^^^^
  File "/root/web_b2b/server_venv/lib/python3.12/site-packages/pymysql/connections.py", line 725, in _read_packet
    packet.raise_for_error()
  File "/root/web_b2b/server_venv/lib/python3.12/site-packages/pymysql/protocol.py", line 221, in raise_for_error
    err.raise_mysql_exception(self._data)
  File "/root/web_b2b/server_venv/lib/python3.12/site-packages/pymysql/err.py", line 143, in raise_mysql_exception
    raise errorclass(errno, errval)
django.db.utils.ProgrammingError: (1146, "Table 'web_b2b.b_op_log' doesn't exist")
"GET /myapp/admin/news/list?page=1&pageSize=10&keyword= HTTP/1.0" 500 232712
Internal Server Error: /myapp/admin/case/list
Traceback (most recent call last):
  File "/root/web_b2b/server_venv/lib/python3.12/site-packages/django/db/backends/utils.py", line 84, in _execute
    return self.cursor.execute(sql, params)
           ^^^^^^^^^^^^^^^^^^^^^^^^^^^^^^^^
  File "/root/web_b2b/server_venv/lib/python3.12/site-packages/django/db/backends/mysql/base.py", line 73, in execute
    return self.cursor.execute(query, args)
           ^^^^^^^^^^^^^^^^^^^^^^^^^^^^^^^^
  File "/root/web_b2b/server_venv/lib/python3.12/site-packages/pymysql/cursors.py", line 148, in execute
    result = self._query(query)
             ^^^^^^^^^^^^^^^^^^
  File "/root/web_b2b/server_venv/lib/python3.12/site-packages/pymysql/cursors.py", line 310, in _query
    conn.query(q)
  File "/root/web_b2b/server_venv/lib/python3.12/site-packages/pymysql/connections.py", line 548, in query
    self._affected_rows = self._read_query_result(unbuffered=unbuffered)
                          ^^^^^^^^^^^^^^^^^^^^^^^^^^^^^^^^^^^^^^^^^^^^^^
  File "/root/web_b2b/server_venv/lib/python3.12/site-packages/pymysql/connections.py", line 775, in _read_query_result
    result.read()
  File "/root/web_b2b/server_venv/lib/python3.12/site-packages/pymysql/connections.py", line 1156, in read
    first_packet = self.connection._read_packet()
                   ^^^^^^^^^^^^^^^^^^^^^^^^^^^^^^
  File "/root/web_b2b/server_venv/lib/python3.12/site-packages/pymysql/connections.py", line 725, in _read_packet
    packet.raise_for_error()
  File "/root/web_b2b/server_venv/lib/python3.12/site-packages/pymysql/protocol.py", line 221, in raise_for_error
    err.raise_mysql_exception(self._data)
  File "/root/web_b2b/server_venv/lib/python3.12/site-packages/pymysql/err.py", line 143, in raise_mysql_exception
    raise errorclass(errno, errval)
pymysql.err.ProgrammingError: (1146, "Table 'web_b2b.b_user' doesn't exist")

The above exception was the direct cause of the following exception:

Traceback (most recent call last):
  File "/root/web_b2b/server_venv/lib/python3.12/site-packages/django/core/handlers/exception.py", line 47, in inner
    response = get_response(request)
               ^^^^^^^^^^^^^^^^^^^^^
  File "/root/web_b2b/server_venv/lib/python3.12/site-packages/django/core/handlers/base.py", line 181, in _get_response
    response = wrapped_callback(request, *callback_args, **callback_kwargs)
               ^^^^^^^^^^^^^^^^^^^^^^^^^^^^^^^^^^^^^^^^^^^^^^^^^^^^^^^^^^^^
  File "/root/web_b2b/server_venv/lib/python3.12/site-packages/django/views/decorators/csrf.py", line 54, in wrapped_view
    return view_func(*args, **kwargs)
           ^^^^^^^^^^^^^^^^^^^^^^^^^^
  File "/root/web_b2b/server_venv/lib/python3.12/site-packages/django/views/generic/base.py", line 70, in view
    return self.dispatch(request, *args, **kwargs)
           ^^^^^^^^^^^^^^^^^^^^^^^^^^^^^^^^^^^^^^^
  File "/root/web_b2b/server_venv/lib/python3.12/site-packages/rest_framework/views.py", line 509, in dispatch
    response = self.handle_exception(exc)
               ^^^^^^^^^^^^^^^^^^^^^^^^^^
  File "/root/web_b2b/server_venv/lib/python3.12/site-packages/rest_framework/views.py", line 469, in handle_exception
    self.raise_uncaught_exception(exc)
  File "/root/web_b2b/server_venv/lib/python3.12/site-packages/rest_framework/views.py", line 480, in raise_uncaught_exception
    raise exc
  File "/root/web_b2b/server_venv/lib/python3.12/site-packages/rest_framework/views.py", line 497, in dispatch
    self.initial(request, *args, **kwargs)
  File "/root/web_b2b/server_venv/lib/python3.12/site-packages/rest_framework/views.py", line 414, in initial
    self.perform_authentication(request)
  File "/root/web_b2b/server_venv/lib/python3.12/site-packages/rest_framework/views.py", line 324, in perform_authentication
    request.user
  File "/root/web_b2b/server_venv/lib/python3.12/site-packages/rest_framework/request.py", line 227, in user
    self._authenticate()
  File "/root/web_b2b/server_venv/lib/python3.12/site-packages/rest_framework/request.py", line 380, in _authenticate
    user_auth_tuple = authenticator.authenticate(self)
                      ^^^^^^^^^^^^^^^^^^^^^^^^^^^^^^^^
  File "/root/web_b2b/server/myapp/auth/authentication.py", line 25, in authenticate
    if not adminToken or len(users) == 0 or int(users[0].exp) < ts:
                         ^^^^^^^^^^
  File "/root/web_b2b/server_venv/lib/python3.12/site-packages/django/db/models/query.py", line 262, in __len__
    self._fetch_all()
  File "/root/web_b2b/server_venv/lib/python3.12/site-packages/django/db/models/query.py", line 1324, in _fetch_all
    self._result_cache = list(self._iterable_class(self))
                         ^^^^^^^^^^^^^^^^^^^^^^^^^^^^^^^^
  File "/root/web_b2b/server_venv/lib/python3.12/site-packages/django/db/models/query.py", line 51, in __iter__
    results = compiler.execute_sql(chunked_fetch=self.chunked_fetch, chunk_size=self.chunk_size)
              ^^^^^^^^^^^^^^^^^^^^^^^^^^^^^^^^^^^^^^^^^^^^^^^^^^^^^^^^^^^^^^^^^^^^^^^^^^^^^^^^^^
  File "/root/web_b2b/server_venv/lib/python3.12/site-packages/django/db/models/sql/compiler.py", line 1175, in execute_sql
    cursor.execute(sql, params)
  File "/root/web_b2b/server_venv/lib/python3.12/site-packages/django/db/backends/utils.py", line 98, in execute
    return super().execute(sql, params)
           ^^^^^^^^^^^^^^^^^^^^^^^^^^^^
  File "/root/web_b2b/server_venv/lib/python3.12/site-packages/django/db/backends/utils.py", line 66, in execute
    return self._execute_with_wrappers(sql, params, many=False, executor=self._execute)
           ^^^^^^^^^^^^^^^^^^^^^^^^^^^^^^^^^^^^^^^^^^^^^^^^^^^^^^^^^^^^^^^^^^^^^^^^^^^^
  File "/root/web_b2b/server_venv/lib/python3.12/site-packages/django/db/backends/utils.py", line 75, in _execute_with_wrappers
    return executor(sql, params, many, context)
           ^^^^^^^^^^^^^^^^^^^^^^^^^^^^^^^^^^^^
  File "/root/web_b2b/server_venv/lib/python3.12/site-packages/django/db/backends/utils.py", line 79, in _execute
    with self.db.wrap_database_errors:
  File "/root/web_b2b/server_venv/lib/python3.12/site-packages/django/db/utils.py", line 90, in __exit__
    raise dj_exc_value.with_traceback(traceback) from exc_value
  File "/root/web_b2b/server_venv/lib/python3.12/site-packages/django/db/backends/utils.py", line 84, in _execute
    return self.cursor.execute(sql, params)
           ^^^^^^^^^^^^^^^^^^^^^^^^^^^^^^^^
  File "/root/web_b2b/server_venv/lib/python3.12/site-packages/django/db/backends/mysql/base.py", line 73, in execute
    return self.cursor.execute(query, args)
           ^^^^^^^^^^^^^^^^^^^^^^^^^^^^^^^^
  File "/root/web_b2b/server_venv/lib/python3.12/site-packages/pymysql/cursors.py", line 148, in execute
    result = self._query(query)
             ^^^^^^^^^^^^^^^^^^
  File "/root/web_b2b/server_venv/lib/python3.12/site-packages/pymysql/cursors.py", line 310, in _query
    conn.query(q)
  File "/root/web_b2b/server_venv/lib/python3.12/site-packages/pymysql/connections.py", line 548, in query
    self._affected_rows = self._read_query_result(unbuffered=unbuffered)
                          ^^^^^^^^^^^^^^^^^^^^^^^^^^^^^^^^^^^^^^^^^^^^^^
  File "/root/web_b2b/server_venv/lib/python3.12/site-packages/pymysql/connections.py", line 775, in _read_query_result
    result.read()
  File "/root/web_b2b/server_venv/lib/python3.12/site-packages/pymysql/connections.py", line 1156, in read
    first_packet = self.connection._read_packet()
                   ^^^^^^^^^^^^^^^^^^^^^^^^^^^^^^
  File "/root/web_b2b/server_venv/lib/python3.12/site-packages/pymysql/connections.py", line 725, in _read_packet
    packet.raise_for_error()
  File "/root/web_b2b/server_venv/lib/python3.12/site-packages/pymysql/protocol.py", line 221, in raise_for_error
    err.raise_mysql_exception(self._data)
  File "/root/web_b2b/server_venv/lib/python3.12/site-packages/pymysql/err.py", line 143, in raise_mysql_exception
    raise errorclass(errno, errval)
django.db.utils.ProgrammingError: (1146, "Table 'web_b2b.b_user' doesn't exist")
Internal Server Error: /myapp/admin/case/list
Traceback (most recent call last):
  File "/root/web_b2b/server_venv/lib/python3.12/site-packages/django/db/backends/utils.py", line 84, in _execute
    return self.cursor.execute(sql, params)
           ^^^^^^^^^^^^^^^^^^^^^^^^^^^^^^^^
  File "/root/web_b2b/server_venv/lib/python3.12/site-packages/django/db/backends/mysql/base.py", line 73, in execute
    return self.cursor.execute(query, args)
           ^^^^^^^^^^^^^^^^^^^^^^^^^^^^^^^^
  File "/root/web_b2b/server_venv/lib/python3.12/site-packages/pymysql/cursors.py", line 148, in execute
    result = self._query(query)
             ^^^^^^^^^^^^^^^^^^
  File "/root/web_b2b/server_venv/lib/python3.12/site-packages/pymysql/cursors.py", line 310, in _query
    conn.query(q)
  File "/root/web_b2b/server_venv/lib/python3.12/site-packages/pymysql/connections.py", line 548, in query
    self._affected_rows = self._read_query_result(unbuffered=unbuffered)
                          ^^^^^^^^^^^^^^^^^^^^^^^^^^^^^^^^^^^^^^^^^^^^^^
  File "/root/web_b2b/server_venv/lib/python3.12/site-packages/pymysql/connections.py", line 775, in _read_query_result
    result.read()
  File "/root/web_b2b/server_venv/lib/python3.12/site-packages/pymysql/connections.py", line 1156, in read
    first_packet = self.connection._read_packet()
                   ^^^^^^^^^^^^^^^^^^^^^^^^^^^^^^
  File "/root/web_b2b/server_venv/lib/python3.12/site-packages/pymysql/connections.py", line 725, in _read_packet
    packet.raise_for_error()
  File "/root/web_b2b/server_venv/lib/python3.12/site-packages/pymysql/protocol.py", line 221, in raise_for_error
    err.raise_mysql_exception(self._data)
  File "/root/web_b2b/server_venv/lib/python3.12/site-packages/pymysql/err.py", line 143, in raise_mysql_exception
    raise errorclass(errno, errval)
pymysql.err.ProgrammingError: (1146, "Table 'web_b2b.b_op_log' doesn't exist")

The above exception was the direct cause of the following exception:

Traceback (most recent call last):
  File "/root/web_b2b/server_venv/lib/python3.12/site-packages/django/core/handlers/exception.py", line 47, in inner
    response = get_response(request)
               ^^^^^^^^^^^^^^^^^^^^^
  File "/root/web_b2b/server_venv/lib/python3.12/site-packages/django/utils/deprecation.py", line 119, in __call__
    response = self.process_response(request, response)
               ^^^^^^^^^^^^^^^^^^^^^^^^^^^^^^^^^^^^^^^^
  File "/root/web_b2b/server/myapp/middlewares/LogMiddleware.py", line 52, in process_response
    serializer.save()
  File "/root/web_b2b/server_venv/lib/python3.12/site-packages/rest_framework/serializers.py", line 212, in save
    self.instance = self.create(validated_data)
                    ^^^^^^^^^^^^^^^^^^^^^^^^^^^
  File "/root/web_b2b/server_venv/lib/python3.12/site-packages/rest_framework/serializers.py", line 962, in create
    instance = ModelClass._default_manager.create(**validated_data)
               ^^^^^^^^^^^^^^^^^^^^^^^^^^^^^^^^^^^^^^^^^^^^^^^^^^^^
  File "/root/web_b2b/server_venv/lib/python3.12/site-packages/django/db/models/manager.py", line 85, in manager_method
    return getattr(self.get_queryset(), name)(*args, **kwargs)
           ^^^^^^^^^^^^^^^^^^^^^^^^^^^^^^^^^^^^^^^^^^^^^^^^^^^
  File "/root/web_b2b/server_venv/lib/python3.12/site-packages/django/db/models/query.py", line 453, in create
    obj.save(force_insert=True, using=self.db)
  File "/root/web_b2b/server_venv/lib/python3.12/site-packages/django/db/models/base.py", line 739, in save
    self.save_base(using=using, force_insert=force_insert,
  File "/root/web_b2b/server_venv/lib/python3.12/site-packages/django/db/models/base.py", line 776, in save_base
    updated = self._save_table(
              ^^^^^^^^^^^^^^^^^
  File "/root/web_b2b/server_venv/lib/python3.12/site-packages/django/db/models/base.py", line 881, in _save_table
    results = self._do_insert(cls._base_manager, using, fields, returning_fields, raw)
              ^^^^^^^^^^^^^^^^^^^^^^^^^^^^^^^^^^^^^^^^^^^^^^^^^^^^^^^^^^^^^^^^^^^^^^^^
  File "/root/web_b2b/server_venv/lib/python3.12/site-packages/django/db/models/base.py", line 919, in _do_insert
    return manager._insert(
           ^^^^^^^^^^^^^^^^
  File "/root/web_b2b/server_venv/lib/python3.12/site-packages/django/db/models/manager.py", line 85, in manager_method
    return getattr(self.get_queryset(), name)(*args, **kwargs)
           ^^^^^^^^^^^^^^^^^^^^^^^^^^^^^^^^^^^^^^^^^^^^^^^^^^^
  File "/root/web_b2b/server_venv/lib/python3.12/site-packages/django/db/models/query.py", line 1270, in _insert
    return query.get_compiler(using=using).execute_sql(returning_fields)
           ^^^^^^^^^^^^^^^^^^^^^^^^^^^^^^^^^^^^^^^^^^^^^^^^^^^^^^^^^^^^^
  File "/root/web_b2b/server_venv/lib/python3.12/site-packages/django/db/models/sql/compiler.py", line 1416, in execute_sql
    cursor.execute(sql, params)
  File "/root/web_b2b/server_venv/lib/python3.12/site-packages/django/db/backends/utils.py", line 98, in execute
    return super().execute(sql, params)
           ^^^^^^^^^^^^^^^^^^^^^^^^^^^^
  File "/root/web_b2b/server_venv/lib/python3.12/site-packages/django/db/backends/utils.py", line 66, in execute
    return self._execute_with_wrappers(sql, params, many=False, executor=self._execute)
           ^^^^^^^^^^^^^^^^^^^^^^^^^^^^^^^^^^^^^^^^^^^^^^^^^^^^^^^^^^^^^^^^^^^^^^^^^^^^
  File "/root/web_b2b/server_venv/lib/python3.12/site-packages/django/db/backends/utils.py", line 75, in _execute_with_wrappers
    return executor(sql, params, many, context)
           ^^^^^^^^^^^^^^^^^^^^^^^^^^^^^^^^^^^^
  File "/root/web_b2b/server_venv/lib/python3.12/site-packages/django/db/backends/utils.py", line 79, in _execute
    with self.db.wrap_database_errors:
  File "/root/web_b2b/server_venv/lib/python3.12/site-packages/django/db/utils.py", line 90, in __exit__
    raise dj_exc_value.with_traceback(traceback) from exc_value
  File "/root/web_b2b/server_venv/lib/python3.12/site-packages/django/db/backends/utils.py", line 84, in _execute
    return self.cursor.execute(sql, params)
           ^^^^^^^^^^^^^^^^^^^^^^^^^^^^^^^^
  File "/root/web_b2b/server_venv/lib/python3.12/site-packages/django/db/backends/mysql/base.py", line 73, in execute
    return self.cursor.execute(query, args)
           ^^^^^^^^^^^^^^^^^^^^^^^^^^^^^^^^
  File "/root/web_b2b/server_venv/lib/python3.12/site-packages/pymysql/cursors.py", line 148, in execute
    result = self._query(query)
             ^^^^^^^^^^^^^^^^^^
  File "/root/web_b2b/server_venv/lib/python3.12/site-packages/pymysql/cursors.py", line 310, in _query
    conn.query(q)
  File "/root/web_b2b/server_venv/lib/python3.12/site-packages/pymysql/connections.py", line 548, in query
    self._affected_rows = self._read_query_result(unbuffered=unbuffered)
                          ^^^^^^^^^^^^^^^^^^^^^^^^^^^^^^^^^^^^^^^^^^^^^^
  File "/root/web_b2b/server_venv/lib/python3.12/site-packages/pymysql/connections.py", line 775, in _read_query_result
    result.read()
  File "/root/web_b2b/server_venv/lib/python3.12/site-packages/pymysql/connections.py", line 1156, in read
    first_packet = self.connection._read_packet()
                   ^^^^^^^^^^^^^^^^^^^^^^^^^^^^^^
  File "/root/web_b2b/server_venv/lib/python3.12/site-packages/pymysql/connections.py", line 725, in _read_packet
    packet.raise_for_error()
  File "/root/web_b2b/server_venv/lib/python3.12/site-packages/pymysql/protocol.py", line 221, in raise_for_error
    err.raise_mysql_exception(self._data)
  File "/root/web_b2b/server_venv/lib/python3.12/site-packages/pymysql/err.py", line 143, in raise_mysql_exception
    raise errorclass(errno, errval)
django.db.utils.ProgrammingError: (1146, "Table 'web_b2b.b_op_log' doesn't exist")
"GET /myapp/admin/case/list?page=1&pageSize=10&keyword= HTTP/1.0" 500 232712
Internal Server Error: /myapp/admin/news/list
Traceback (most recent call last):
  File "/root/web_b2b/server_venv/lib/python3.12/site-packages/django/db/backends/utils.py", line 84, in _execute
    return self.cursor.execute(sql, params)
           ^^^^^^^^^^^^^^^^^^^^^^^^^^^^^^^^
  File "/root/web_b2b/server_venv/lib/python3.12/site-packages/django/db/backends/mysql/base.py", line 73, in execute
    return self.cursor.execute(query, args)
           ^^^^^^^^^^^^^^^^^^^^^^^^^^^^^^^^
  File "/root/web_b2b/server_venv/lib/python3.12/site-packages/pymysql/cursors.py", line 148, in execute
    result = self._query(query)
             ^^^^^^^^^^^^^^^^^^
  File "/root/web_b2b/server_venv/lib/python3.12/site-packages/pymysql/cursors.py", line 310, in _query
    conn.query(q)
  File "/root/web_b2b/server_venv/lib/python3.12/site-packages/pymysql/connections.py", line 548, in query
    self._affected_rows = self._read_query_result(unbuffered=unbuffered)
                          ^^^^^^^^^^^^^^^^^^^^^^^^^^^^^^^^^^^^^^^^^^^^^^
  File "/root/web_b2b/server_venv/lib/python3.12/site-packages/pymysql/connections.py", line 775, in _read_query_result
    result.read()
  File "/root/web_b2b/server_venv/lib/python3.12/site-packages/pymysql/connections.py", line 1156, in read
    first_packet = self.connection._read_packet()
                   ^^^^^^^^^^^^^^^^^^^^^^^^^^^^^^
  File "/root/web_b2b/server_venv/lib/python3.12/site-packages/pymysql/connections.py", line 725, in _read_packet
    packet.raise_for_error()
  File "/root/web_b2b/server_venv/lib/python3.12/site-packages/pymysql/protocol.py", line 221, in raise_for_error
    err.raise_mysql_exception(self._data)
  File "/root/web_b2b/server_venv/lib/python3.12/site-packages/pymysql/err.py", line 143, in raise_mysql_exception
    raise errorclass(errno, errval)
pymysql.err.ProgrammingError: (1146, "Table 'web_b2b.b_user' doesn't exist")

The above exception was the direct cause of the following exception:

Traceback (most recent call last):
  File "/root/web_b2b/server_venv/lib/python3.12/site-packages/django/core/handlers/exception.py", line 47, in inner
    response = get_response(request)
               ^^^^^^^^^^^^^^^^^^^^^
  File "/root/web_b2b/server_venv/lib/python3.12/site-packages/django/core/handlers/base.py", line 181, in _get_response
    response = wrapped_callback(request, *callback_args, **callback_kwargs)
               ^^^^^^^^^^^^^^^^^^^^^^^^^^^^^^^^^^^^^^^^^^^^^^^^^^^^^^^^^^^^
  File "/root/web_b2b/server_venv/lib/python3.12/site-packages/django/views/decorators/csrf.py", line 54, in wrapped_view
    return view_func(*args, **kwargs)
           ^^^^^^^^^^^^^^^^^^^^^^^^^^
  File "/root/web_b2b/server_venv/lib/python3.12/site-packages/django/views/generic/base.py", line 70, in view
    return self.dispatch(request, *args, **kwargs)
           ^^^^^^^^^^^^^^^^^^^^^^^^^^^^^^^^^^^^^^^
  File "/root/web_b2b/server_venv/lib/python3.12/site-packages/rest_framework/views.py", line 509, in dispatch
    response = self.handle_exception(exc)
               ^^^^^^^^^^^^^^^^^^^^^^^^^^
  File "/root/web_b2b/server_venv/lib/python3.12/site-packages/rest_framework/views.py", line 469, in handle_exception
    self.raise_uncaught_exception(exc)
  File "/root/web_b2b/server_venv/lib/python3.12/site-packages/rest_framework/views.py", line 480, in raise_uncaught_exception
    raise exc
  File "/root/web_b2b/server_venv/lib/python3.12/site-packages/rest_framework/views.py", line 497, in dispatch
    self.initial(request, *args, **kwargs)
  File "/root/web_b2b/server_venv/lib/python3.12/site-packages/rest_framework/views.py", line 414, in initial
    self.perform_authentication(request)
  File "/root/web_b2b/server_venv/lib/python3.12/site-packages/rest_framework/views.py", line 324, in perform_authentication
    request.user
  File "/root/web_b2b/server_venv/lib/python3.12/site-packages/rest_framework/request.py", line 227, in user
    self._authenticate()
  File "/root/web_b2b/server_venv/lib/python3.12/site-packages/rest_framework/request.py", line 380, in _authenticate
    user_auth_tuple = authenticator.authenticate(self)
                      ^^^^^^^^^^^^^^^^^^^^^^^^^^^^^^^^
  File "/root/web_b2b/server/myapp/auth/authentication.py", line 25, in authenticate
    if not adminToken or len(users) == 0 or int(users[0].exp) < ts:
                         ^^^^^^^^^^
  File "/root/web_b2b/server_venv/lib/python3.12/site-packages/django/db/models/query.py", line 262, in __len__
    self._fetch_all()
  File "/root/web_b2b/server_venv/lib/python3.12/site-packages/django/db/models/query.py", line 1324, in _fetch_all
    self._result_cache = list(self._iterable_class(self))
                         ^^^^^^^^^^^^^^^^^^^^^^^^^^^^^^^^
  File "/root/web_b2b/server_venv/lib/python3.12/site-packages/django/db/models/query.py", line 51, in __iter__
    results = compiler.execute_sql(chunked_fetch=self.chunked_fetch, chunk_size=self.chunk_size)
              ^^^^^^^^^^^^^^^^^^^^^^^^^^^^^^^^^^^^^^^^^^^^^^^^^^^^^^^^^^^^^^^^^^^^^^^^^^^^^^^^^^
  File "/root/web_b2b/server_venv/lib/python3.12/site-packages/django/db/models/sql/compiler.py", line 1175, in execute_sql
    cursor.execute(sql, params)
  File "/root/web_b2b/server_venv/lib/python3.12/site-packages/django/db/backends/utils.py", line 98, in execute
    return super().execute(sql, params)
           ^^^^^^^^^^^^^^^^^^^^^^^^^^^^
  File "/root/web_b2b/server_venv/lib/python3.12/site-packages/django/db/backends/utils.py", line 66, in execute
    return self._execute_with_wrappers(sql, params, many=False, executor=self._execute)
           ^^^^^^^^^^^^^^^^^^^^^^^^^^^^^^^^^^^^^^^^^^^^^^^^^^^^^^^^^^^^^^^^^^^^^^^^^^^^
  File "/root/web_b2b/server_venv/lib/python3.12/site-packages/django/db/backends/utils.py", line 75, in _execute_with_wrappers
    return executor(sql, params, many, context)
           ^^^^^^^^^^^^^^^^^^^^^^^^^^^^^^^^^^^^
  File "/root/web_b2b/server_venv/lib/python3.12/site-packages/django/db/backends/utils.py", line 79, in _execute
    with self.db.wrap_database_errors:
  File "/root/web_b2b/server_venv/lib/python3.12/site-packages/django/db/utils.py", line 90, in __exit__
    raise dj_exc_value.with_traceback(traceback) from exc_value
  File "/root/web_b2b/server_venv/lib/python3.12/site-packages/django/db/backends/utils.py", line 84, in _execute
    return self.cursor.execute(sql, params)
           ^^^^^^^^^^^^^^^^^^^^^^^^^^^^^^^^
  File "/root/web_b2b/server_venv/lib/python3.12/site-packages/django/db/backends/mysql/base.py", line 73, in execute
    return self.cursor.execute(query, args)
           ^^^^^^^^^^^^^^^^^^^^^^^^^^^^^^^^
  File "/root/web_b2b/server_venv/lib/python3.12/site-packages/pymysql/cursors.py", line 148, in execute
    result = self._query(query)
             ^^^^^^^^^^^^^^^^^^
  File "/root/web_b2b/server_venv/lib/python3.12/site-packages/pymysql/cursors.py", line 310, in _query
    conn.query(q)
  File "/root/web_b2b/server_venv/lib/python3.12/site-packages/pymysql/connections.py", line 548, in query
    self._affected_rows = self._read_query_result(unbuffered=unbuffered)
                          ^^^^^^^^^^^^^^^^^^^^^^^^^^^^^^^^^^^^^^^^^^^^^^
  File "/root/web_b2b/server_venv/lib/python3.12/site-packages/pymysql/connections.py", line 775, in _read_query_result
    result.read()
  File "/root/web_b2b/server_venv/lib/python3.12/site-packages/pymysql/connections.py", line 1156, in read
    first_packet = self.connection._read_packet()
                   ^^^^^^^^^^^^^^^^^^^^^^^^^^^^^^
  File "/root/web_b2b/server_venv/lib/python3.12/site-packages/pymysql/connections.py", line 725, in _read_packet
    packet.raise_for_error()
  File "/root/web_b2b/server_venv/lib/python3.12/site-packages/pymysql/protocol.py", line 221, in raise_for_error
    err.raise_mysql_exception(self._data)
  File "/root/web_b2b/server_venv/lib/python3.12/site-packages/pymysql/err.py", line 143, in raise_mysql_exception
    raise errorclass(errno, errval)
django.db.utils.ProgrammingError: (1146, "Table 'web_b2b.b_user' doesn't exist")
Internal Server Error: /myapp/admin/news/list
Traceback (most recent call last):
  File "/root/web_b2b/server_venv/lib/python3.12/site-packages/django/db/backends/utils.py", line 84, in _execute
    return self.cursor.execute(sql, params)
           ^^^^^^^^^^^^^^^^^^^^^^^^^^^^^^^^
  File "/root/web_b2b/server_venv/lib/python3.12/site-packages/django/db/backends/mysql/base.py", line 73, in execute
    return self.cursor.execute(query, args)
           ^^^^^^^^^^^^^^^^^^^^^^^^^^^^^^^^
  File "/root/web_b2b/server_venv/lib/python3.12/site-packages/pymysql/cursors.py", line 148, in execute
    result = self._query(query)
             ^^^^^^^^^^^^^^^^^^
  File "/root/web_b2b/server_venv/lib/python3.12/site-packages/pymysql/cursors.py", line 310, in _query
    conn.query(q)
  File "/root/web_b2b/server_venv/lib/python3.12/site-packages/pymysql/connections.py", line 548, in query
    self._affected_rows = self._read_query_result(unbuffered=unbuffered)
                          ^^^^^^^^^^^^^^^^^^^^^^^^^^^^^^^^^^^^^^^^^^^^^^
  File "/root/web_b2b/server_venv/lib/python3.12/site-packages/pymysql/connections.py", line 775, in _read_query_result
    result.read()
  File "/root/web_b2b/server_venv/lib/python3.12/site-packages/pymysql/connections.py", line 1156, in read
    first_packet = self.connection._read_packet()
                   ^^^^^^^^^^^^^^^^^^^^^^^^^^^^^^
  File "/root/web_b2b/server_venv/lib/python3.12/site-packages/pymysql/connections.py", line 725, in _read_packet
    packet.raise_for_error()
  File "/root/web_b2b/server_venv/lib/python3.12/site-packages/pymysql/protocol.py", line 221, in raise_for_error
    err.raise_mysql_exception(self._data)
  File "/root/web_b2b/server_venv/lib/python3.12/site-packages/pymysql/err.py", line 143, in raise_mysql_exception
    raise errorclass(errno, errval)
pymysql.err.ProgrammingError: (1146, "Table 'web_b2b.b_op_log' doesn't exist")

The above exception was the direct cause of the following exception:

Traceback (most recent call last):
  File "/root/web_b2b/server_venv/lib/python3.12/site-packages/django/core/handlers/exception.py", line 47, in inner
    response = get_response(request)
               ^^^^^^^^^^^^^^^^^^^^^
  File "/root/web_b2b/server_venv/lib/python3.12/site-packages/django/utils/deprecation.py", line 119, in __call__
    response = self.process_response(request, response)
               ^^^^^^^^^^^^^^^^^^^^^^^^^^^^^^^^^^^^^^^^
  File "/root/web_b2b/server/myapp/middlewares/LogMiddleware.py", line 52, in process_response
    serializer.save()
  File "/root/web_b2b/server_venv/lib/python3.12/site-packages/rest_framework/serializers.py", line 212, in save
    self.instance = self.create(validated_data)
                    ^^^^^^^^^^^^^^^^^^^^^^^^^^^
  File "/root/web_b2b/server_venv/lib/python3.12/site-packages/rest_framework/serializers.py", line 962, in create
    instance = ModelClass._default_manager.create(**validated_data)
               ^^^^^^^^^^^^^^^^^^^^^^^^^^^^^^^^^^^^^^^^^^^^^^^^^^^^
  File "/root/web_b2b/server_venv/lib/python3.12/site-packages/django/db/models/manager.py", line 85, in manager_method
    return getattr(self.get_queryset(), name)(*args, **kwargs)
           ^^^^^^^^^^^^^^^^^^^^^^^^^^^^^^^^^^^^^^^^^^^^^^^^^^^
  File "/root/web_b2b/server_venv/lib/python3.12/site-packages/django/db/models/query.py", line 453, in create
    obj.save(force_insert=True, using=self.db)
  File "/root/web_b2b/server_venv/lib/python3.12/site-packages/django/db/models/base.py", line 739, in save
    self.save_base(using=using, force_insert=force_insert,
  File "/root/web_b2b/server_venv/lib/python3.12/site-packages/django/db/models/base.py", line 776, in save_base
    updated = self._save_table(
              ^^^^^^^^^^^^^^^^^
  File "/root/web_b2b/server_venv/lib/python3.12/site-packages/django/db/models/base.py", line 881, in _save_table
    results = self._do_insert(cls._base_manager, using, fields, returning_fields, raw)
              ^^^^^^^^^^^^^^^^^^^^^^^^^^^^^^^^^^^^^^^^^^^^^^^^^^^^^^^^^^^^^^^^^^^^^^^^
  File "/root/web_b2b/server_venv/lib/python3.12/site-packages/django/db/models/base.py", line 919, in _do_insert
    return manager._insert(
           ^^^^^^^^^^^^^^^^
  File "/root/web_b2b/server_venv/lib/python3.12/site-packages/django/db/models/manager.py", line 85, in manager_method
    return getattr(self.get_queryset(), name)(*args, **kwargs)
           ^^^^^^^^^^^^^^^^^^^^^^^^^^^^^^^^^^^^^^^^^^^^^^^^^^^
  File "/root/web_b2b/server_venv/lib/python3.12/site-packages/django/db/models/query.py", line 1270, in _insert
    return query.get_compiler(using=using).execute_sql(returning_fields)
           ^^^^^^^^^^^^^^^^^^^^^^^^^^^^^^^^^^^^^^^^^^^^^^^^^^^^^^^^^^^^^
  File "/root/web_b2b/server_venv/lib/python3.12/site-packages/django/db/models/sql/compiler.py", line 1416, in execute_sql
    cursor.execute(sql, params)
  File "/root/web_b2b/server_venv/lib/python3.12/site-packages/django/db/backends/utils.py", line 98, in execute
    return super().execute(sql, params)
           ^^^^^^^^^^^^^^^^^^^^^^^^^^^^
  File "/root/web_b2b/server_venv/lib/python3.12/site-packages/django/db/backends/utils.py", line 66, in execute
    return self._execute_with_wrappers(sql, params, many=False, executor=self._execute)
           ^^^^^^^^^^^^^^^^^^^^^^^^^^^^^^^^^^^^^^^^^^^^^^^^^^^^^^^^^^^^^^^^^^^^^^^^^^^^
  File "/root/web_b2b/server_venv/lib/python3.12/site-packages/django/db/backends/utils.py", line 75, in _execute_with_wrappers
    return executor(sql, params, many, context)
           ^^^^^^^^^^^^^^^^^^^^^^^^^^^^^^^^^^^^
  File "/root/web_b2b/server_venv/lib/python3.12/site-packages/django/db/backends/utils.py", line 79, in _execute
    with self.db.wrap_database_errors:
  File "/root/web_b2b/server_venv/lib/python3.12/site-packages/django/db/utils.py", line 90, in __exit__
    raise dj_exc_value.with_traceback(traceback) from exc_value
  File "/root/web_b2b/server_venv/lib/python3.12/site-packages/django/db/backends/utils.py", line 84, in _execute
    return self.cursor.execute(sql, params)
           ^^^^^^^^^^^^^^^^^^^^^^^^^^^^^^^^
  File "/root/web_b2b/server_venv/lib/python3.12/site-packages/django/db/backends/mysql/base.py", line 73, in execute
    return self.cursor.execute(query, args)
           ^^^^^^^^^^^^^^^^^^^^^^^^^^^^^^^^
  File "/root/web_b2b/server_venv/lib/python3.12/site-packages/pymysql/cursors.py", line 148, in execute
    result = self._query(query)
             ^^^^^^^^^^^^^^^^^^
  File "/root/web_b2b/server_venv/lib/python3.12/site-packages/pymysql/cursors.py", line 310, in _query
    conn.query(q)
  File "/root/web_b2b/server_venv/lib/python3.12/site-packages/pymysql/connections.py", line 548, in query
    self._affected_rows = self._read_query_result(unbuffered=unbuffered)
                          ^^^^^^^^^^^^^^^^^^^^^^^^^^^^^^^^^^^^^^^^^^^^^^
  File "/root/web_b2b/server_venv/lib/python3.12/site-packages/pymysql/connections.py", line 775, in _read_query_result
    result.read()
  File "/root/web_b2b/server_venv/lib/python3.12/site-packages/pymysql/connections.py", line 1156, in read
    first_packet = self.connection._read_packet()
                   ^^^^^^^^^^^^^^^^^^^^^^^^^^^^^^
  File "/root/web_b2b/server_venv/lib/python3.12/site-packages/pymysql/connections.py", line 725, in _read_packet
    packet.raise_for_error()
  File "/root/web_b2b/server_venv/lib/python3.12/site-packages/pymysql/protocol.py", line 221, in raise_for_error
    err.raise_mysql_exception(self._data)
  File "/root/web_b2b/server_venv/lib/python3.12/site-packages/pymysql/err.py", line 143, in raise_mysql_exception
    raise errorclass(errno, errval)
django.db.utils.ProgrammingError: (1146, "Table 'web_b2b.b_op_log' doesn't exist")
"GET /myapp/admin/news/list?page=1&pageSize=10&keyword= HTTP/1.0" 500 232712
Internal Server Error: /myapp/index/home/section
Traceback (most recent call last):
  File "/root/web_b2b/server_venv/lib/python3.12/site-packages/django/db/backends/utils.py", line 84, in _execute
    return self.cursor.execute(sql, params)
           ^^^^^^^^^^^^^^^^^^^^^^^^^^^^^^^^
  File "/root/web_b2b/server_venv/lib/python3.12/site-packages/django/db/backends/mysql/base.py", line 73, in execute
    return self.cursor.execute(query, args)
           ^^^^^^^^^^^^^^^^^^^^^^^^^^^^^^^^
  File "/root/web_b2b/server_venv/lib/python3.12/site-packages/pymysql/cursors.py", line 148, in execute
    result = self._query(query)
             ^^^^^^^^^^^^^^^^^^
  File "/root/web_b2b/server_venv/lib/python3.12/site-packages/pymysql/cursors.py", line 310, in _query
    conn.query(q)
  File "/root/web_b2b/server_venv/lib/python3.12/site-packages/pymysql/connections.py", line 548, in query
    self._affected_rows = self._read_query_result(unbuffered=unbuffered)
                          ^^^^^^^^^^^^^^^^^^^^^^^^^^^^^^^^^^^^^^^^^^^^^^
  File "/root/web_b2b/server_venv/lib/python3.12/site-packages/pymysql/connections.py", line 775, in _read_query_result
    result.read()
  File "/root/web_b2b/server_venv/lib/python3.12/site-packages/pymysql/connections.py", line 1156, in read
    first_packet = self.connection._read_packet()
                   ^^^^^^^^^^^^^^^^^^^^^^^^^^^^^^
  File "/root/web_b2b/server_venv/lib/python3.12/site-packages/pymysql/connections.py", line 725, in _read_packet
    packet.raise_for_error()
  File "/root/web_b2b/server_venv/lib/python3.12/site-packages/pymysql/protocol.py", line 221, in raise_for_error
    err.raise_mysql_exception(self._data)
  File "/root/web_b2b/server_venv/lib/python3.12/site-packages/pymysql/err.py", line 143, in raise_mysql_exception
    raise errorclass(errno, errval)
pymysql.err.ProgrammingError: (1146, "Table 'web_b2b.b_basic_tdk' doesn't exist")

The above exception was the direct cause of the following exception:

Traceback (most recent call last):
  File "/root/web_b2b/server_venv/lib/python3.12/site-packages/django/core/handlers/exception.py", line 47, in inner
    response = get_response(request)
               ^^^^^^^^^^^^^^^^^^^^^
  File "/root/web_b2b/server_venv/lib/python3.12/site-packages/django/core/handlers/base.py", line 181, in _get_response
    response = wrapped_callback(request, *callback_args, **callback_kwargs)
               ^^^^^^^^^^^^^^^^^^^^^^^^^^^^^^^^^^^^^^^^^^^^^^^^^^^^^^^^^^^^
  File "/root/web_b2b/server_venv/lib/python3.12/site-packages/django/views/decorators/csrf.py", line 54, in wrapped_view
    return view_func(*args, **kwargs)
           ^^^^^^^^^^^^^^^^^^^^^^^^^^
  File "/root/web_b2b/server_venv/lib/python3.12/site-packages/django/views/generic/base.py", line 70, in view
    return self.dispatch(request, *args, **kwargs)
           ^^^^^^^^^^^^^^^^^^^^^^^^^^^^^^^^^^^^^^^
  File "/root/web_b2b/server_venv/lib/python3.12/site-packages/rest_framework/views.py", line 509, in dispatch
    response = self.handle_exception(exc)
               ^^^^^^^^^^^^^^^^^^^^^^^^^^
  File "/root/web_b2b/server_venv/lib/python3.12/site-packages/rest_framework/views.py", line 469, in handle_exception
    self.raise_uncaught_exception(exc)
  File "/root/web_b2b/server_venv/lib/python3.12/site-packages/rest_framework/views.py", line 480, in raise_uncaught_exception
    raise exc
  File "/root/web_b2b/server_venv/lib/python3.12/site-packages/rest_framework/views.py", line 506, in dispatch
    response = handler(request, *args, **kwargs)
               ^^^^^^^^^^^^^^^^^^^^^^^^^^^^^^^^^
  File "/root/web_b2b/server_venv/lib/python3.12/site-packages/rest_framework/decorators.py", line 41, in handler
    return func(*args, **kwargs)
           ^^^^^^^^^^^^^^^^^^^^^
  File "/root/web_b2b/server/myapp/views/index/home.py", line 28, in section
    basicTdk = BasicTdk.get_solo()
               ^^^^^^^^^^^^^^^^^^^
  File "/root/web_b2b/server/myapp/models.py", line 236, in get_solo
    return cls.objects.get()
           ^^^^^^^^^^^^^^^^^
  File "/root/web_b2b/server_venv/lib/python3.12/site-packages/django/db/models/manager.py", line 85, in manager_method
    return getattr(self.get_queryset(), name)(*args, **kwargs)
           ^^^^^^^^^^^^^^^^^^^^^^^^^^^^^^^^^^^^^^^^^^^^^^^^^^^
  File "/root/web_b2b/server_venv/lib/python3.12/site-packages/django/db/models/query.py", line 431, in get
    num = len(clone)
          ^^^^^^^^^^
  File "/root/web_b2b/server_venv/lib/python3.12/site-packages/django/db/models/query.py", line 262, in __len__
    self._fetch_all()
  File "/root/web_b2b/server_venv/lib/python3.12/site-packages/django/db/models/query.py", line 1324, in _fetch_all
    self._result_cache = list(self._iterable_class(self))
                         ^^^^^^^^^^^^^^^^^^^^^^^^^^^^^^^^
  File "/root/web_b2b/server_venv/lib/python3.12/site-packages/django/db/models/query.py", line 51, in __iter__
    results = compiler.execute_sql(chunked_fetch=self.chunked_fetch, chunk_size=self.chunk_size)
              ^^^^^^^^^^^^^^^^^^^^^^^^^^^^^^^^^^^^^^^^^^^^^^^^^^^^^^^^^^^^^^^^^^^^^^^^^^^^^^^^^^
  File "/root/web_b2b/server_venv/lib/python3.12/site-packages/django/db/models/sql/compiler.py", line 1175, in execute_sql
    cursor.execute(sql, params)
  File "/root/web_b2b/server_venv/lib/python3.12/site-packages/django/db/backends/utils.py", line 98, in execute
    return super().execute(sql, params)
           ^^^^^^^^^^^^^^^^^^^^^^^^^^^^
  File "/root/web_b2b/server_venv/lib/python3.12/site-packages/django/db/backends/utils.py", line 66, in execute
    return self._execute_with_wrappers(sql, params, many=False, executor=self._execute)
           ^^^^^^^^^^^^^^^^^^^^^^^^^^^^^^^^^^^^^^^^^^^^^^^^^^^^^^^^^^^^^^^^^^^^^^^^^^^^
  File "/root/web_b2b/server_venv/lib/python3.12/site-packages/django/db/backends/utils.py", line 75, in _execute_with_wrappers
    return executor(sql, params, many, context)
           ^^^^^^^^^^^^^^^^^^^^^^^^^^^^^^^^^^^^
  File "/root/web_b2b/server_venv/lib/python3.12/site-packages/django/db/backends/utils.py", line 79, in _execute
    with self.db.wrap_database_errors:
  File "/root/web_b2b/server_venv/lib/python3.12/site-packages/django/db/utils.py", line 90, in __exit__
    raise dj_exc_value.with_traceback(traceback) from exc_value
  File "/root/web_b2b/server_venv/lib/python3.12/site-packages/django/db/backends/utils.py", line 84, in _execute
    return self.cursor.execute(sql, params)
           ^^^^^^^^^^^^^^^^^^^^^^^^^^^^^^^^
  File "/root/web_b2b/server_venv/lib/python3.12/site-packages/django/db/backends/mysql/base.py", line 73, in execute
    return self.cursor.execute(query, args)
           ^^^^^^^^^^^^^^^^^^^^^^^^^^^^^^^^
  File "/root/web_b2b/server_venv/lib/python3.12/site-packages/pymysql/cursors.py", line 148, in execute
    result = self._query(query)
             ^^^^^^^^^^^^^^^^^^
  File "/root/web_b2b/server_venv/lib/python3.12/site-packages/pymysql/cursors.py", line 310, in _query
    conn.query(q)
  File "/root/web_b2b/server_venv/lib/python3.12/site-packages/pymysql/connections.py", line 548, in query
    self._affected_rows = self._read_query_result(unbuffered=unbuffered)
                          ^^^^^^^^^^^^^^^^^^^^^^^^^^^^^^^^^^^^^^^^^^^^^^
  File "/root/web_b2b/server_venv/lib/python3.12/site-packages/pymysql/connections.py", line 775, in _read_query_result
    result.read()
  File "/root/web_b2b/server_venv/lib/python3.12/site-packages/pymysql/connections.py", line 1156, in read
    first_packet = self.connection._read_packet()
                   ^^^^^^^^^^^^^^^^^^^^^^^^^^^^^^
  File "/root/web_b2b/server_venv/lib/python3.12/site-packages/pymysql/connections.py", line 725, in _read_packet
    packet.raise_for_error()
  File "/root/web_b2b/server_venv/lib/python3.12/site-packages/pymysql/protocol.py", line 221, in raise_for_error
    err.raise_mysql_exception(self._data)
  File "/root/web_b2b/server_venv/lib/python3.12/site-packages/pymysql/err.py", line 143, in raise_mysql_exception
    raise errorclass(errno, errval)
django.db.utils.ProgrammingError: (1146, "Table 'web_b2b.b_basic_tdk' doesn't exist")
Internal Server Error: /myapp/index/common/section
Traceback (most recent call last):
  File "/root/web_b2b/server_venv/lib/python3.12/site-packages/django/db/backends/utils.py", line 84, in _execute
    return self.cursor.execute(sql, params)
           ^^^^^^^^^^^^^^^^^^^^^^^^^^^^^^^^
  File "/root/web_b2b/server_venv/lib/python3.12/site-packages/django/db/backends/mysql/base.py", line 73, in execute
    return self.cursor.execute(query, args)
           ^^^^^^^^^^^^^^^^^^^^^^^^^^^^^^^^
  File "/root/web_b2b/server_venv/lib/python3.12/site-packages/pymysql/cursors.py", line 148, in execute
    result = self._query(query)
             ^^^^^^^^^^^^^^^^^^
  File "/root/web_b2b/server_venv/lib/python3.12/site-packages/pymysql/cursors.py", line 310, in _query
    conn.query(q)
  File "/root/web_b2b/server_venv/lib/python3.12/site-packages/pymysql/connections.py", line 548, in query
    self._affected_rows = self._read_query_result(unbuffered=unbuffered)
                          ^^^^^^^^^^^^^^^^^^^^^^^^^^^^^^^^^^^^^^^^^^^^^^
  File "/root/web_b2b/server_venv/lib/python3.12/site-packages/pymysql/connections.py", line 775, in _read_query_result
    result.read()
  File "/root/web_b2b/server_venv/lib/python3.12/site-packages/pymysql/connections.py", line 1156, in read
    first_packet = self.connection._read_packet()
                   ^^^^^^^^^^^^^^^^^^^^^^^^^^^^^^
  File "/root/web_b2b/server_venv/lib/python3.12/site-packages/pymysql/connections.py", line 725, in _read_packet
    packet.raise_for_error()
  File "/root/web_b2b/server_venv/lib/python3.12/site-packages/pymysql/protocol.py", line 221, in raise_for_error
    err.raise_mysql_exception(self._data)
  File "/root/web_b2b/server_venv/lib/python3.12/site-packages/pymysql/err.py", line 143, in raise_mysql_exception
    raise errorclass(errno, errval)
pymysql.err.ProgrammingError: (1146, "Table 'web_b2b.b_basic_site' doesn't exist")

The above exception was the direct cause of the following exception:

Traceback (most recent call last):
  File "/root/web_b2b/server_venv/lib/python3.12/site-packages/django/core/handlers/exception.py", line 47, in inner
    response = get_response(request)
               ^^^^^^^^^^^^^^^^^^^^^
  File "/root/web_b2b/server_venv/lib/python3.12/site-packages/django/core/handlers/base.py", line 181, in _get_response
    response = wrapped_callback(request, *callback_args, **callback_kwargs)
               ^^^^^^^^^^^^^^^^^^^^^^^^^^^^^^^^^^^^^^^^^^^^^^^^^^^^^^^^^^^^
  File "/root/web_b2b/server_venv/lib/python3.12/site-packages/django/views/decorators/csrf.py", line 54, in wrapped_view
    return view_func(*args, **kwargs)
           ^^^^^^^^^^^^^^^^^^^^^^^^^^
  File "/root/web_b2b/server_venv/lib/python3.12/site-packages/django/views/generic/base.py", line 70, in view
    return self.dispatch(request, *args, **kwargs)
           ^^^^^^^^^^^^^^^^^^^^^^^^^^^^^^^^^^^^^^^
  File "/root/web_b2b/server_venv/lib/python3.12/site-packages/rest_framework/views.py", line 509, in dispatch
    response = self.handle_exception(exc)
               ^^^^^^^^^^^^^^^^^^^^^^^^^^
  File "/root/web_b2b/server_venv/lib/python3.12/site-packages/rest_framework/views.py", line 469, in handle_exception
    self.raise_uncaught_exception(exc)
  File "/root/web_b2b/server_venv/lib/python3.12/site-packages/rest_framework/views.py", line 480, in raise_uncaught_exception
    raise exc
  File "/root/web_b2b/server_venv/lib/python3.12/site-packages/rest_framework/views.py", line 506, in dispatch
    response = handler(request, *args, **kwargs)
               ^^^^^^^^^^^^^^^^^^^^^^^^^^^^^^^^^
  File "/root/web_b2b/server_venv/lib/python3.12/site-packages/rest_framework/decorators.py", line 41, in handler
    return func(*args, **kwargs)
           ^^^^^^^^^^^^^^^^^^^^^
  File "/root/web_b2b/server/myapp/views/index/common.py", line 38, in section
    basicSite = BasicSite.get_solo()
                ^^^^^^^^^^^^^^^^^^^^
  File "/root/web_b2b/server/myapp/models.py", line 193, in get_solo
    return cls.objects.get()
           ^^^^^^^^^^^^^^^^^
  File "/root/web_b2b/server_venv/lib/python3.12/site-packages/django/db/models/manager.py", line 85, in manager_method
    return getattr(self.get_queryset(), name)(*args, **kwargs)
           ^^^^^^^^^^^^^^^^^^^^^^^^^^^^^^^^^^^^^^^^^^^^^^^^^^^
  File "/root/web_b2b/server_venv/lib/python3.12/site-packages/django/db/models/query.py", line 431, in get
    num = len(clone)
          ^^^^^^^^^^
  File "/root/web_b2b/server_venv/lib/python3.12/site-packages/django/db/models/query.py", line 262, in __len__
    self._fetch_all()
  File "/root/web_b2b/server_venv/lib/python3.12/site-packages/django/db/models/query.py", line 1324, in _fetch_all
    self._result_cache = list(self._iterable_class(self))
                         ^^^^^^^^^^^^^^^^^^^^^^^^^^^^^^^^
  File "/root/web_b2b/server_venv/lib/python3.12/site-packages/django/db/models/query.py", line 51, in __iter__
    results = compiler.execute_sql(chunked_fetch=self.chunked_fetch, chunk_size=self.chunk_size)
              ^^^^^^^^^^^^^^^^^^^^^^^^^^^^^^^^^^^^^^^^^^^^^^^^^^^^^^^^^^^^^^^^^^^^^^^^^^^^^^^^^^
  File "/root/web_b2b/server_venv/lib/python3.12/site-packages/django/db/models/sql/compiler.py", line 1175, in execute_sql
    cursor.execute(sql, params)
  File "/root/web_b2b/server_venv/lib/python3.12/site-packages/django/db/backends/utils.py", line 98, in execute
    return super().execute(sql, params)
           ^^^^^^^^^^^^^^^^^^^^^^^^^^^^
  File "/root/web_b2b/server_venv/lib/python3.12/site-packages/django/db/backends/utils.py", line 66, in execute
    return self._execute_with_wrappers(sql, params, many=False, executor=self._execute)
           ^^^^^^^^^^^^^^^^^^^^^^^^^^^^^^^^^^^^^^^^^^^^^^^^^^^^^^^^^^^^^^^^^^^^^^^^^^^^
  File "/root/web_b2b/server_venv/lib/python3.12/site-packages/django/db/backends/utils.py", line 75, in _execute_with_wrappers
    return executor(sql, params, many, context)
           ^^^^^^^^^^^^^^^^^^^^^^^^^^^^^^^^^^^^
  File "/root/web_b2b/server_venv/lib/python3.12/site-packages/django/db/backends/utils.py", line 79, in _execute
    with self.db.wrap_database_errors:
  File "/root/web_b2b/server_venv/lib/python3.12/site-packages/django/db/utils.py", line 90, in __exit__
    raise dj_exc_value.with_traceback(traceback) from exc_value
  File "/root/web_b2b/server_venv/lib/python3.12/site-packages/django/db/backends/utils.py", line 84, in _execute
    return self.cursor.execute(sql, params)
           ^^^^^^^^^^^^^^^^^^^^^^^^^^^^^^^^
  File "/root/web_b2b/server_venv/lib/python3.12/site-packages/django/db/backends/mysql/base.py", line 73, in execute
    return self.cursor.execute(query, args)
           ^^^^^^^^^^^^^^^^^^^^^^^^^^^^^^^^
  File "/root/web_b2b/server_venv/lib/python3.12/site-packages/pymysql/cursors.py", line 148, in execute
    result = self._query(query)
             ^^^^^^^^^^^^^^^^^^
  File "/root/web_b2b/server_venv/lib/python3.12/site-packages/pymysql/cursors.py", line 310, in _query
    conn.query(q)
  File "/root/web_b2b/server_venv/lib/python3.12/site-packages/pymysql/connections.py", line 548, in query
    self._affected_rows = self._read_query_result(unbuffered=unbuffered)
                          ^^^^^^^^^^^^^^^^^^^^^^^^^^^^^^^^^^^^^^^^^^^^^^
  File "/root/web_b2b/server_venv/lib/python3.12/site-packages/pymysql/connections.py", line 775, in _read_query_result
    result.read()
  File "/root/web_b2b/server_venv/lib/python3.12/site-packages/pymysql/connections.py", line 1156, in read
    first_packet = self.connection._read_packet()
                   ^^^^^^^^^^^^^^^^^^^^^^^^^^^^^^
  File "/root/web_b2b/server_venv/lib/python3.12/site-packages/pymysql/connections.py", line 725, in _read_packet
    packet.raise_for_error()
  File "/root/web_b2b/server_venv/lib/python3.12/site-packages/pymysql/protocol.py", line 221, in raise_for_error
    err.raise_mysql_exception(self._data)
  File "/root/web_b2b/server_venv/lib/python3.12/site-packages/pymysql/err.py", line 143, in raise_mysql_exception
    raise errorclass(errno, errval)
django.db.utils.ProgrammingError: (1146, "Table 'web_b2b.b_basic_site' doesn't exist")
Internal Server Error: /myapp/index/home/section
Traceback (most recent call last):
  File "/root/web_b2b/server_venv/lib/python3.12/site-packages/django/db/backends/utils.py", line 84, in _execute
    return self.cursor.execute(sql, params)
           ^^^^^^^^^^^^^^^^^^^^^^^^^^^^^^^^
  File "/root/web_b2b/server_venv/lib/python3.12/site-packages/django/db/backends/mysql/base.py", line 73, in execute
    return self.cursor.execute(query, args)
           ^^^^^^^^^^^^^^^^^^^^^^^^^^^^^^^^
  File "/root/web_b2b/server_venv/lib/python3.12/site-packages/pymysql/cursors.py", line 148, in execute
    result = self._query(query)
             ^^^^^^^^^^^^^^^^^^
  File "/root/web_b2b/server_venv/lib/python3.12/site-packages/pymysql/cursors.py", line 310, in _query
    conn.query(q)
  File "/root/web_b2b/server_venv/lib/python3.12/site-packages/pymysql/connections.py", line 548, in query
    self._affected_rows = self._read_query_result(unbuffered=unbuffered)
                          ^^^^^^^^^^^^^^^^^^^^^^^^^^^^^^^^^^^^^^^^^^^^^^
  File "/root/web_b2b/server_venv/lib/python3.12/site-packages/pymysql/connections.py", line 775, in _read_query_result
    result.read()
  File "/root/web_b2b/server_venv/lib/python3.12/site-packages/pymysql/connections.py", line 1156, in read
    first_packet = self.connection._read_packet()
                   ^^^^^^^^^^^^^^^^^^^^^^^^^^^^^^
  File "/root/web_b2b/server_venv/lib/python3.12/site-packages/pymysql/connections.py", line 725, in _read_packet
    packet.raise_for_error()
  File "/root/web_b2b/server_venv/lib/python3.12/site-packages/pymysql/protocol.py", line 221, in raise_for_error
    err.raise_mysql_exception(self._data)
  File "/root/web_b2b/server_venv/lib/python3.12/site-packages/pymysql/err.py", line 143, in raise_mysql_exception
    raise errorclass(errno, errval)
pymysql.err.ProgrammingError: (1146, "Table 'web_b2b.b_op_log' doesn't exist")

The above exception was the direct cause of the following exception:

Traceback (most recent call last):
  File "/root/web_b2b/server_venv/lib/python3.12/site-packages/django/core/handlers/exception.py", line 47, in inner
    response = get_response(request)
               ^^^^^^^^^^^^^^^^^^^^^
  File "/root/web_b2b/server_venv/lib/python3.12/site-packages/django/utils/deprecation.py", line 119, in __call__
    response = self.process_response(request, response)
               ^^^^^^^^^^^^^^^^^^^^^^^^^^^^^^^^^^^^^^^^
  File "/root/web_b2b/server/myapp/middlewares/LogMiddleware.py", line 52, in process_response
    serializer.save()
  File "/root/web_b2b/server_venv/lib/python3.12/site-packages/rest_framework/serializers.py", line 212, in save
    self.instance = self.create(validated_data)
                    ^^^^^^^^^^^^^^^^^^^^^^^^^^^
  File "/root/web_b2b/server_venv/lib/python3.12/site-packages/rest_framework/serializers.py", line 962, in create
    instance = ModelClass._default_manager.create(**validated_data)
               ^^^^^^^^^^^^^^^^^^^^^^^^^^^^^^^^^^^^^^^^^^^^^^^^^^^^
  File "/root/web_b2b/server_venv/lib/python3.12/site-packages/django/db/models/manager.py", line 85, in manager_method
    return getattr(self.get_queryset(), name)(*args, **kwargs)
           ^^^^^^^^^^^^^^^^^^^^^^^^^^^^^^^^^^^^^^^^^^^^^^^^^^^
  File "/root/web_b2b/server_venv/lib/python3.12/site-packages/django/db/models/query.py", line 453, in create
    obj.save(force_insert=True, using=self.db)
  File "/root/web_b2b/server_venv/lib/python3.12/site-packages/django/db/models/base.py", line 739, in save
    self.save_base(using=using, force_insert=force_insert,
  File "/root/web_b2b/server_venv/lib/python3.12/site-packages/django/db/models/base.py", line 776, in save_base
    updated = self._save_table(
              ^^^^^^^^^^^^^^^^^
  File "/root/web_b2b/server_venv/lib/python3.12/site-packages/django/db/models/base.py", line 881, in _save_table
    results = self._do_insert(cls._base_manager, using, fields, returning_fields, raw)
              ^^^^^^^^^^^^^^^^^^^^^^^^^^^^^^^^^^^^^^^^^^^^^^^^^^^^^^^^^^^^^^^^^^^^^^^^
  File "/root/web_b2b/server_venv/lib/python3.12/site-packages/django/db/models/base.py", line 919, in _do_insert
    return manager._insert(
           ^^^^^^^^^^^^^^^^
  File "/root/web_b2b/server_venv/lib/python3.12/site-packages/django/db/models/manager.py", line 85, in manager_method
    return getattr(self.get_queryset(), name)(*args, **kwargs)
           ^^^^^^^^^^^^^^^^^^^^^^^^^^^^^^^^^^^^^^^^^^^^^^^^^^^
  File "/root/web_b2b/server_venv/lib/python3.12/site-packages/django/db/models/query.py", line 1270, in _insert
    return query.get_compiler(using=using).execute_sql(returning_fields)
           ^^^^^^^^^^^^^^^^^^^^^^^^^^^^^^^^^^^^^^^^^^^^^^^^^^^^^^^^^^^^^
  File "/root/web_b2b/server_venv/lib/python3.12/site-packages/django/db/models/sql/compiler.py", line 1416, in execute_sql
    cursor.execute(sql, params)
  File "/root/web_b2b/server_venv/lib/python3.12/site-packages/django/db/backends/utils.py", line 98, in execute
    return super().execute(sql, params)
           ^^^^^^^^^^^^^^^^^^^^^^^^^^^^
  File "/root/web_b2b/server_venv/lib/python3.12/site-packages/django/db/backends/utils.py", line 66, in execute
    return self._execute_with_wrappers(sql, params, many=False, executor=self._execute)
           ^^^^^^^^^^^^^^^^^^^^^^^^^^^^^^^^^^^^^^^^^^^^^^^^^^^^^^^^^^^^^^^^^^^^^^^^^^^^
  File "/root/web_b2b/server_venv/lib/python3.12/site-packages/django/db/backends/utils.py", line 75, in _execute_with_wrappers
    return executor(sql, params, many, context)
           ^^^^^^^^^^^^^^^^^^^^^^^^^^^^^^^^^^^^
  File "/root/web_b2b/server_venv/lib/python3.12/site-packages/django/db/backends/utils.py", line 79, in _execute
    with self.db.wrap_database_errors:
  File "/root/web_b2b/server_venv/lib/python3.12/site-packages/django/db/utils.py", line 90, in __exit__
    raise dj_exc_value.with_traceback(traceback) from exc_value
  File "/root/web_b2b/server_venv/lib/python3.12/site-packages/django/db/backends/utils.py", line 84, in _execute
    return self.cursor.execute(sql, params)
           ^^^^^^^^^^^^^^^^^^^^^^^^^^^^^^^^
  File "/root/web_b2b/server_venv/lib/python3.12/site-packages/django/db/backends/mysql/base.py", line 73, in execute
    return self.cursor.execute(query, args)
           ^^^^^^^^^^^^^^^^^^^^^^^^^^^^^^^^
  File "/root/web_b2b/server_venv/lib/python3.12/site-packages/pymysql/cursors.py", line 148, in execute
    result = self._query(query)
             ^^^^^^^^^^^^^^^^^^
  File "/root/web_b2b/server_venv/lib/python3.12/site-packages/pymysql/cursors.py", line 310, in _query
    conn.query(q)
  File "/root/web_b2b/server_venv/lib/python3.12/site-packages/pymysql/connections.py", line 548, in query
    self._affected_rows = self._read_query_result(unbuffered=unbuffered)
                          ^^^^^^^^^^^^^^^^^^^^^^^^^^^^^^^^^^^^^^^^^^^^^^
  File "/root/web_b2b/server_venv/lib/python3.12/site-packages/pymysql/connections.py", line 775, in _read_query_result
    result.read()
  File "/root/web_b2b/server_venv/lib/python3.12/site-packages/pymysql/connections.py", line 1156, in read
    first_packet = self.connection._read_packet()
                   ^^^^^^^^^^^^^^^^^^^^^^^^^^^^^^
  File "/root/web_b2b/server_venv/lib/python3.12/site-packages/pymysql/connections.py", line 725, in _read_packet
    packet.raise_for_error()
  File "/root/web_b2b/server_venv/lib/python3.12/site-packages/pymysql/protocol.py", line 221, in raise_for_error
    err.raise_mysql_exception(self._data)
  File "/root/web_b2b/server_venv/lib/python3.12/site-packages/pymysql/err.py", line 143, in raise_mysql_exception
    raise errorclass(errno, errval)
django.db.utils.ProgrammingError: (1146, "Table 'web_b2b.b_op_log' doesn't exist")
"GET /myapp/index/home/section HTTP/1.1" 500 229224
Internal Server Error: /myapp/index/common/section
Traceback (most recent call last):
  File "/root/web_b2b/server_venv/lib/python3.12/site-packages/django/db/backends/utils.py", line 84, in _execute
    return self.cursor.execute(sql, params)
           ^^^^^^^^^^^^^^^^^^^^^^^^^^^^^^^^
  File "/root/web_b2b/server_venv/lib/python3.12/site-packages/django/db/backends/mysql/base.py", line 73, in execute
    return self.cursor.execute(query, args)
           ^^^^^^^^^^^^^^^^^^^^^^^^^^^^^^^^
  File "/root/web_b2b/server_venv/lib/python3.12/site-packages/pymysql/cursors.py", line 148, in execute
    result = self._query(query)
             ^^^^^^^^^^^^^^^^^^
  File "/root/web_b2b/server_venv/lib/python3.12/site-packages/pymysql/cursors.py", line 310, in _query
    conn.query(q)
  File "/root/web_b2b/server_venv/lib/python3.12/site-packages/pymysql/connections.py", line 548, in query
    self._affected_rows = self._read_query_result(unbuffered=unbuffered)
                          ^^^^^^^^^^^^^^^^^^^^^^^^^^^^^^^^^^^^^^^^^^^^^^
  File "/root/web_b2b/server_venv/lib/python3.12/site-packages/pymysql/connections.py", line 775, in _read_query_result
    result.read()
  File "/root/web_b2b/server_venv/lib/python3.12/site-packages/pymysql/connections.py", line 1156, in read
    first_packet = self.connection._read_packet()
                   ^^^^^^^^^^^^^^^^^^^^^^^^^^^^^^
  File "/root/web_b2b/server_venv/lib/python3.12/site-packages/pymysql/connections.py", line 725, in _read_packet
    packet.raise_for_error()
  File "/root/web_b2b/server_venv/lib/python3.12/site-packages/pymysql/protocol.py", line 221, in raise_for_error
    err.raise_mysql_exception(self._data)
  File "/root/web_b2b/server_venv/lib/python3.12/site-packages/pymysql/err.py", line 143, in raise_mysql_exception
    raise errorclass(errno, errval)
pymysql.err.ProgrammingError: (1146, "Table 'web_b2b.b_op_log' doesn't exist")

The above exception was the direct cause of the following exception:

Traceback (most recent call last):
  File "/root/web_b2b/server_venv/lib/python3.12/site-packages/django/core/handlers/exception.py", line 47, in inner
    response = get_response(request)
               ^^^^^^^^^^^^^^^^^^^^^
  File "/root/web_b2b/server_venv/lib/python3.12/site-packages/django/utils/deprecation.py", line 119, in __call__
    response = self.process_response(request, response)
               ^^^^^^^^^^^^^^^^^^^^^^^^^^^^^^^^^^^^^^^^
  File "/root/web_b2b/server/myapp/middlewares/LogMiddleware.py", line 52, in process_response
    serializer.save()
  File "/root/web_b2b/server_venv/lib/python3.12/site-packages/rest_framework/serializers.py", line 212, in save
    self.instance = self.create(validated_data)
                    ^^^^^^^^^^^^^^^^^^^^^^^^^^^
  File "/root/web_b2b/server_venv/lib/python3.12/site-packages/rest_framework/serializers.py", line 962, in create
    instance = ModelClass._default_manager.create(**validated_data)
               ^^^^^^^^^^^^^^^^^^^^^^^^^^^^^^^^^^^^^^^^^^^^^^^^^^^^
  File "/root/web_b2b/server_venv/lib/python3.12/site-packages/django/db/models/manager.py", line 85, in manager_method
    return getattr(self.get_queryset(), name)(*args, **kwargs)
           ^^^^^^^^^^^^^^^^^^^^^^^^^^^^^^^^^^^^^^^^^^^^^^^^^^^
  File "/root/web_b2b/server_venv/lib/python3.12/site-packages/django/db/models/query.py", line 453, in create
    obj.save(force_insert=True, using=self.db)
  File "/root/web_b2b/server_venv/lib/python3.12/site-packages/django/db/models/base.py", line 739, in save
    self.save_base(using=using, force_insert=force_insert,
  File "/root/web_b2b/server_venv/lib/python3.12/site-packages/django/db/models/base.py", line 776, in save_base
    updated = self._save_table(
              ^^^^^^^^^^^^^^^^^
  File "/root/web_b2b/server_venv/lib/python3.12/site-packages/django/db/models/base.py", line 881, in _save_table
    results = self._do_insert(cls._base_manager, using, fields, returning_fields, raw)
              ^^^^^^^^^^^^^^^^^^^^^^^^^^^^^^^^^^^^^^^^^^^^^^^^^^^^^^^^^^^^^^^^^^^^^^^^
  File "/root/web_b2b/server_venv/lib/python3.12/site-packages/django/db/models/base.py", line 919, in _do_insert
    return manager._insert(
           ^^^^^^^^^^^^^^^^
  File "/root/web_b2b/server_venv/lib/python3.12/site-packages/django/db/models/manager.py", line 85, in manager_method
    return getattr(self.get_queryset(), name)(*args, **kwargs)
           ^^^^^^^^^^^^^^^^^^^^^^^^^^^^^^^^^^^^^^^^^^^^^^^^^^^
  File "/root/web_b2b/server_venv/lib/python3.12/site-packages/django/db/models/query.py", line 1270, in _insert
    return query.get_compiler(using=using).execute_sql(returning_fields)
           ^^^^^^^^^^^^^^^^^^^^^^^^^^^^^^^^^^^^^^^^^^^^^^^^^^^^^^^^^^^^^
  File "/root/web_b2b/server_venv/lib/python3.12/site-packages/django/db/models/sql/compiler.py", line 1416, in execute_sql
    cursor.execute(sql, params)
  File "/root/web_b2b/server_venv/lib/python3.12/site-packages/django/db/backends/utils.py", line 98, in execute
    return super().execute(sql, params)
           ^^^^^^^^^^^^^^^^^^^^^^^^^^^^
  File "/root/web_b2b/server_venv/lib/python3.12/site-packages/django/db/backends/utils.py", line 66, in execute
    return self._execute_with_wrappers(sql, params, many=False, executor=self._execute)
           ^^^^^^^^^^^^^^^^^^^^^^^^^^^^^^^^^^^^^^^^^^^^^^^^^^^^^^^^^^^^^^^^^^^^^^^^^^^^
  File "/root/web_b2b/server_venv/lib/python3.12/site-packages/django/db/backends/utils.py", line 75, in _execute_with_wrappers
    return executor(sql, params, many, context)
           ^^^^^^^^^^^^^^^^^^^^^^^^^^^^^^^^^^^^
  File "/root/web_b2b/server_venv/lib/python3.12/site-packages/django/db/backends/utils.py", line 79, in _execute
    with self.db.wrap_database_errors:
  File "/root/web_b2b/server_venv/lib/python3.12/site-packages/django/db/utils.py", line 90, in __exit__
    raise dj_exc_value.with_traceback(traceback) from exc_value
  File "/root/web_b2b/server_venv/lib/python3.12/site-packages/django/db/backends/utils.py", line 84, in _execute
    return self.cursor.execute(sql, params)
           ^^^^^^^^^^^^^^^^^^^^^^^^^^^^^^^^
  File "/root/web_b2b/server_venv/lib/python3.12/site-packages/django/db/backends/mysql/base.py", line 73, in execute
    return self.cursor.execute(query, args)
           ^^^^^^^^^^^^^^^^^^^^^^^^^^^^^^^^
  File "/root/web_b2b/server_venv/lib/python3.12/site-packages/pymysql/cursors.py", line 148, in execute
    result = self._query(query)
             ^^^^^^^^^^^^^^^^^^
  File "/root/web_b2b/server_venv/lib/python3.12/site-packages/pymysql/cursors.py", line 310, in _query
    conn.query(q)
  File "/root/web_b2b/server_venv/lib/python3.12/site-packages/pymysql/connections.py", line 548, in query
    self._affected_rows = self._read_query_result(unbuffered=unbuffered)
                          ^^^^^^^^^^^^^^^^^^^^^^^^^^^^^^^^^^^^^^^^^^^^^^
  File "/root/web_b2b/server_venv/lib/python3.12/site-packages/pymysql/connections.py", line 775, in _read_query_result
    result.read()
  File "/root/web_b2b/server_venv/lib/python3.12/site-packages/pymysql/connections.py", line 1156, in read
    first_packet = self.connection._read_packet()
                   ^^^^^^^^^^^^^^^^^^^^^^^^^^^^^^
  File "/root/web_b2b/server_venv/lib/python3.12/site-packages/pymysql/connections.py", line 725, in _read_packet
    packet.raise_for_error()
  File "/root/web_b2b/server_venv/lib/python3.12/site-packages/pymysql/protocol.py", line 221, in raise_for_error
    err.raise_mysql_exception(self._data)
  File "/root/web_b2b/server_venv/lib/python3.12/site-packages/pymysql/err.py", line 143, in raise_mysql_exception
    raise errorclass(errno, errval)
django.db.utils.ProgrammingError: (1146, "Table 'web_b2b.b_op_log' doesn't exist")
"GET /myapp/index/common/section HTTP/1.1" 500 229164
Internal Server Error: /myapp/index/home/section
Traceback (most recent call last):
  File "/root/web_b2b/server_venv/lib/python3.12/site-packages/django/db/backends/utils.py", line 84, in _execute
    return self.cursor.execute(sql, params)
           ^^^^^^^^^^^^^^^^^^^^^^^^^^^^^^^^
  File "/root/web_b2b/server_venv/lib/python3.12/site-packages/django/db/backends/mysql/base.py", line 73, in execute
    return self.cursor.execute(query, args)
           ^^^^^^^^^^^^^^^^^^^^^^^^^^^^^^^^
  File "/root/web_b2b/server_venv/lib/python3.12/site-packages/pymysql/cursors.py", line 148, in execute
    result = self._query(query)
             ^^^^^^^^^^^^^^^^^^
  File "/root/web_b2b/server_venv/lib/python3.12/site-packages/pymysql/cursors.py", line 310, in _query
    conn.query(q)
  File "/root/web_b2b/server_venv/lib/python3.12/site-packages/pymysql/connections.py", line 548, in query
    self._affected_rows = self._read_query_result(unbuffered=unbuffered)
                          ^^^^^^^^^^^^^^^^^^^^^^^^^^^^^^^^^^^^^^^^^^^^^^
  File "/root/web_b2b/server_venv/lib/python3.12/site-packages/pymysql/connections.py", line 775, in _read_query_result
    result.read()
  File "/root/web_b2b/server_venv/lib/python3.12/site-packages/pymysql/connections.py", line 1156, in read
    first_packet = self.connection._read_packet()
                   ^^^^^^^^^^^^^^^^^^^^^^^^^^^^^^
  File "/root/web_b2b/server_venv/lib/python3.12/site-packages/pymysql/connections.py", line 725, in _read_packet
    packet.raise_for_error()
  File "/root/web_b2b/server_venv/lib/python3.12/site-packages/pymysql/protocol.py", line 221, in raise_for_error
    err.raise_mysql_exception(self._data)
  File "/root/web_b2b/server_venv/lib/python3.12/site-packages/pymysql/err.py", line 143, in raise_mysql_exception
    raise errorclass(errno, errval)
pymysql.err.ProgrammingError: (1146, "Table 'web_b2b.b_basic_tdk' doesn't exist")

The above exception was the direct cause of the following exception:

Traceback (most recent call last):
  File "/root/web_b2b/server_venv/lib/python3.12/site-packages/django/core/handlers/exception.py", line 47, in inner
    response = get_response(request)
               ^^^^^^^^^^^^^^^^^^^^^
  File "/root/web_b2b/server_venv/lib/python3.12/site-packages/django/core/handlers/base.py", line 181, in _get_response
    response = wrapped_callback(request, *callback_args, **callback_kwargs)
               ^^^^^^^^^^^^^^^^^^^^^^^^^^^^^^^^^^^^^^^^^^^^^^^^^^^^^^^^^^^^
  File "/root/web_b2b/server_venv/lib/python3.12/site-packages/django/views/decorators/csrf.py", line 54, in wrapped_view
    return view_func(*args, **kwargs)
           ^^^^^^^^^^^^^^^^^^^^^^^^^^
  File "/root/web_b2b/server_venv/lib/python3.12/site-packages/django/views/generic/base.py", line 70, in view
    return self.dispatch(request, *args, **kwargs)
           ^^^^^^^^^^^^^^^^^^^^^^^^^^^^^^^^^^^^^^^
  File "/root/web_b2b/server_venv/lib/python3.12/site-packages/rest_framework/views.py", line 509, in dispatch
    response = self.handle_exception(exc)
               ^^^^^^^^^^^^^^^^^^^^^^^^^^
  File "/root/web_b2b/server_venv/lib/python3.12/site-packages/rest_framework/views.py", line 469, in handle_exception
    self.raise_uncaught_exception(exc)
  File "/root/web_b2b/server_venv/lib/python3.12/site-packages/rest_framework/views.py", line 480, in raise_uncaught_exception
    raise exc
  File "/root/web_b2b/server_venv/lib/python3.12/site-packages/rest_framework/views.py", line 506, in dispatch
    response = handler(request, *args, **kwargs)
               ^^^^^^^^^^^^^^^^^^^^^^^^^^^^^^^^^
  File "/root/web_b2b/server_venv/lib/python3.12/site-packages/rest_framework/decorators.py", line 41, in handler
    return func(*args, **kwargs)
           ^^^^^^^^^^^^^^^^^^^^^
  File "/root/web_b2b/server/myapp/views/index/home.py", line 28, in section
    basicTdk = BasicTdk.get_solo()
               ^^^^^^^^^^^^^^^^^^^
  File "/root/web_b2b/server/myapp/models.py", line 236, in get_solo
    return cls.objects.get()
           ^^^^^^^^^^^^^^^^^
  File "/root/web_b2b/server_venv/lib/python3.12/site-packages/django/db/models/manager.py", line 85, in manager_method
    return getattr(self.get_queryset(), name)(*args, **kwargs)
           ^^^^^^^^^^^^^^^^^^^^^^^^^^^^^^^^^^^^^^^^^^^^^^^^^^^
  File "/root/web_b2b/server_venv/lib/python3.12/site-packages/django/db/models/query.py", line 431, in get
    num = len(clone)
          ^^^^^^^^^^
  File "/root/web_b2b/server_venv/lib/python3.12/site-packages/django/db/models/query.py", line 262, in __len__
    self._fetch_all()
  File "/root/web_b2b/server_venv/lib/python3.12/site-packages/django/db/models/query.py", line 1324, in _fetch_all
    self._result_cache = list(self._iterable_class(self))
                         ^^^^^^^^^^^^^^^^^^^^^^^^^^^^^^^^
  File "/root/web_b2b/server_venv/lib/python3.12/site-packages/django/db/models/query.py", line 51, in __iter__
    results = compiler.execute_sql(chunked_fetch=self.chunked_fetch, chunk_size=self.chunk_size)
              ^^^^^^^^^^^^^^^^^^^^^^^^^^^^^^^^^^^^^^^^^^^^^^^^^^^^^^^^^^^^^^^^^^^^^^^^^^^^^^^^^^
  File "/root/web_b2b/server_venv/lib/python3.12/site-packages/django/db/models/sql/compiler.py", line 1175, in execute_sql
    cursor.execute(sql, params)
  File "/root/web_b2b/server_venv/lib/python3.12/site-packages/django/db/backends/utils.py", line 98, in execute
    return super().execute(sql, params)
           ^^^^^^^^^^^^^^^^^^^^^^^^^^^^
  File "/root/web_b2b/server_venv/lib/python3.12/site-packages/django/db/backends/utils.py", line 66, in execute
    return self._execute_with_wrappers(sql, params, many=False, executor=self._execute)
           ^^^^^^^^^^^^^^^^^^^^^^^^^^^^^^^^^^^^^^^^^^^^^^^^^^^^^^^^^^^^^^^^^^^^^^^^^^^^
  File "/root/web_b2b/server_venv/lib/python3.12/site-packages/django/db/backends/utils.py", line 75, in _execute_with_wrappers
    return executor(sql, params, many, context)
           ^^^^^^^^^^^^^^^^^^^^^^^^^^^^^^^^^^^^
  File "/root/web_b2b/server_venv/lib/python3.12/site-packages/django/db/backends/utils.py", line 79, in _execute
    with self.db.wrap_database_errors:
  File "/root/web_b2b/server_venv/lib/python3.12/site-packages/django/db/utils.py", line 90, in __exit__
    raise dj_exc_value.with_traceback(traceback) from exc_value
  File "/root/web_b2b/server_venv/lib/python3.12/site-packages/django/db/backends/utils.py", line 84, in _execute
    return self.cursor.execute(sql, params)
           ^^^^^^^^^^^^^^^^^^^^^^^^^^^^^^^^
  File "/root/web_b2b/server_venv/lib/python3.12/site-packages/django/db/backends/mysql/base.py", line 73, in execute
    return self.cursor.execute(query, args)
           ^^^^^^^^^^^^^^^^^^^^^^^^^^^^^^^^
  File "/root/web_b2b/server_venv/lib/python3.12/site-packages/pymysql/cursors.py", line 148, in execute
    result = self._query(query)
             ^^^^^^^^^^^^^^^^^^
  File "/root/web_b2b/server_venv/lib/python3.12/site-packages/pymysql/cursors.py", line 310, in _query
    conn.query(q)
  File "/root/web_b2b/server_venv/lib/python3.12/site-packages/pymysql/connections.py", line 548, in query
    self._affected_rows = self._read_query_result(unbuffered=unbuffered)
                          ^^^^^^^^^^^^^^^^^^^^^^^^^^^^^^^^^^^^^^^^^^^^^^
  File "/root/web_b2b/server_venv/lib/python3.12/site-packages/pymysql/connections.py", line 775, in _read_query_result
    result.read()
  File "/root/web_b2b/server_venv/lib/python3.12/site-packages/pymysql/connections.py", line 1156, in read
    first_packet = self.connection._read_packet()
                   ^^^^^^^^^^^^^^^^^^^^^^^^^^^^^^
  File "/root/web_b2b/server_venv/lib/python3.12/site-packages/pymysql/connections.py", line 725, in _read_packet
    packet.raise_for_error()
  File "/root/web_b2b/server_venv/lib/python3.12/site-packages/pymysql/protocol.py", line 221, in raise_for_error
    err.raise_mysql_exception(self._data)
  File "/root/web_b2b/server_venv/lib/python3.12/site-packages/pymysql/err.py", line 143, in raise_mysql_exception
    raise errorclass(errno, errval)
django.db.utils.ProgrammingError: (1146, "Table 'web_b2b.b_basic_tdk' doesn't exist")
Internal Server Error: /myapp/index/home/section
Traceback (most recent call last):
  File "/root/web_b2b/server_venv/lib/python3.12/site-packages/django/db/backends/utils.py", line 84, in _execute
    return self.cursor.execute(sql, params)
           ^^^^^^^^^^^^^^^^^^^^^^^^^^^^^^^^
  File "/root/web_b2b/server_venv/lib/python3.12/site-packages/django/db/backends/mysql/base.py", line 73, in execute
    return self.cursor.execute(query, args)
           ^^^^^^^^^^^^^^^^^^^^^^^^^^^^^^^^
  File "/root/web_b2b/server_venv/lib/python3.12/site-packages/pymysql/cursors.py", line 148, in execute
    result = self._query(query)
             ^^^^^^^^^^^^^^^^^^
  File "/root/web_b2b/server_venv/lib/python3.12/site-packages/pymysql/cursors.py", line 310, in _query
    conn.query(q)
  File "/root/web_b2b/server_venv/lib/python3.12/site-packages/pymysql/connections.py", line 548, in query
    self._affected_rows = self._read_query_result(unbuffered=unbuffered)
                          ^^^^^^^^^^^^^^^^^^^^^^^^^^^^^^^^^^^^^^^^^^^^^^
  File "/root/web_b2b/server_venv/lib/python3.12/site-packages/pymysql/connections.py", line 775, in _read_query_result
    result.read()
  File "/root/web_b2b/server_venv/lib/python3.12/site-packages/pymysql/connections.py", line 1156, in read
    first_packet = self.connection._read_packet()
                   ^^^^^^^^^^^^^^^^^^^^^^^^^^^^^^
  File "/root/web_b2b/server_venv/lib/python3.12/site-packages/pymysql/connections.py", line 725, in _read_packet
    packet.raise_for_error()
  File "/root/web_b2b/server_venv/lib/python3.12/site-packages/pymysql/protocol.py", line 221, in raise_for_error
    err.raise_mysql_exception(self._data)
  File "/root/web_b2b/server_venv/lib/python3.12/site-packages/pymysql/err.py", line 143, in raise_mysql_exception
    raise errorclass(errno, errval)
pymysql.err.ProgrammingError: (1146, "Table 'web_b2b.b_op_log' doesn't exist")

The above exception was the direct cause of the following exception:

Traceback (most recent call last):
  File "/root/web_b2b/server_venv/lib/python3.12/site-packages/django/core/handlers/exception.py", line 47, in inner
    response = get_response(request)
               ^^^^^^^^^^^^^^^^^^^^^
  File "/root/web_b2b/server_venv/lib/python3.12/site-packages/django/utils/deprecation.py", line 119, in __call__
    response = self.process_response(request, response)
               ^^^^^^^^^^^^^^^^^^^^^^^^^^^^^^^^^^^^^^^^
  File "/root/web_b2b/server/myapp/middlewares/LogMiddleware.py", line 52, in process_response
    serializer.save()
  File "/root/web_b2b/server_venv/lib/python3.12/site-packages/rest_framework/serializers.py", line 212, in save
    self.instance = self.create(validated_data)
                    ^^^^^^^^^^^^^^^^^^^^^^^^^^^
  File "/root/web_b2b/server_venv/lib/python3.12/site-packages/rest_framework/serializers.py", line 962, in create
    instance = ModelClass._default_manager.create(**validated_data)
               ^^^^^^^^^^^^^^^^^^^^^^^^^^^^^^^^^^^^^^^^^^^^^^^^^^^^
  File "/root/web_b2b/server_venv/lib/python3.12/site-packages/django/db/models/manager.py", line 85, in manager_method
    return getattr(self.get_queryset(), name)(*args, **kwargs)
           ^^^^^^^^^^^^^^^^^^^^^^^^^^^^^^^^^^^^^^^^^^^^^^^^^^^
  File "/root/web_b2b/server_venv/lib/python3.12/site-packages/django/db/models/query.py", line 453, in create
    obj.save(force_insert=True, using=self.db)
  File "/root/web_b2b/server_venv/lib/python3.12/site-packages/django/db/models/base.py", line 739, in save
    self.save_base(using=using, force_insert=force_insert,
  File "/root/web_b2b/server_venv/lib/python3.12/site-packages/django/db/models/base.py", line 776, in save_base
    updated = self._save_table(
              ^^^^^^^^^^^^^^^^^
  File "/root/web_b2b/server_venv/lib/python3.12/site-packages/django/db/models/base.py", line 881, in _save_table
    results = self._do_insert(cls._base_manager, using, fields, returning_fields, raw)
              ^^^^^^^^^^^^^^^^^^^^^^^^^^^^^^^^^^^^^^^^^^^^^^^^^^^^^^^^^^^^^^^^^^^^^^^^
  File "/root/web_b2b/server_venv/lib/python3.12/site-packages/django/db/models/base.py", line 919, in _do_insert
    return manager._insert(
           ^^^^^^^^^^^^^^^^
  File "/root/web_b2b/server_venv/lib/python3.12/site-packages/django/db/models/manager.py", line 85, in manager_method
    return getattr(self.get_queryset(), name)(*args, **kwargs)
           ^^^^^^^^^^^^^^^^^^^^^^^^^^^^^^^^^^^^^^^^^^^^^^^^^^^
  File "/root/web_b2b/server_venv/lib/python3.12/site-packages/django/db/models/query.py", line 1270, in _insert
    return query.get_compiler(using=using).execute_sql(returning_fields)
           ^^^^^^^^^^^^^^^^^^^^^^^^^^^^^^^^^^^^^^^^^^^^^^^^^^^^^^^^^^^^^
  File "/root/web_b2b/server_venv/lib/python3.12/site-packages/django/db/models/sql/compiler.py", line 1416, in execute_sql
    cursor.execute(sql, params)
  File "/root/web_b2b/server_venv/lib/python3.12/site-packages/django/db/backends/utils.py", line 98, in execute
    return super().execute(sql, params)
           ^^^^^^^^^^^^^^^^^^^^^^^^^^^^
  File "/root/web_b2b/server_venv/lib/python3.12/site-packages/django/db/backends/utils.py", line 66, in execute
    return self._execute_with_wrappers(sql, params, many=False, executor=self._execute)
           ^^^^^^^^^^^^^^^^^^^^^^^^^^^^^^^^^^^^^^^^^^^^^^^^^^^^^^^^^^^^^^^^^^^^^^^^^^^^
  File "/root/web_b2b/server_venv/lib/python3.12/site-packages/django/db/backends/utils.py", line 75, in _execute_with_wrappers
    return executor(sql, params, many, context)
           ^^^^^^^^^^^^^^^^^^^^^^^^^^^^^^^^^^^^
  File "/root/web_b2b/server_venv/lib/python3.12/site-packages/django/db/backends/utils.py", line 79, in _execute
    with self.db.wrap_database_errors:
  File "/root/web_b2b/server_venv/lib/python3.12/site-packages/django/db/utils.py", line 90, in __exit__
    raise dj_exc_value.with_traceback(traceback) from exc_value
  File "/root/web_b2b/server_venv/lib/python3.12/site-packages/django/db/backends/utils.py", line 84, in _execute
    return self.cursor.execute(sql, params)
           ^^^^^^^^^^^^^^^^^^^^^^^^^^^^^^^^
  File "/root/web_b2b/server_venv/lib/python3.12/site-packages/django/db/backends/mysql/base.py", line 73, in execute
    return self.cursor.execute(query, args)
           ^^^^^^^^^^^^^^^^^^^^^^^^^^^^^^^^
  File "/root/web_b2b/server_venv/lib/python3.12/site-packages/pymysql/cursors.py", line 148, in execute
    result = self._query(query)
             ^^^^^^^^^^^^^^^^^^
  File "/root/web_b2b/server_venv/lib/python3.12/site-packages/pymysql/cursors.py", line 310, in _query
    conn.query(q)
  File "/root/web_b2b/server_venv/lib/python3.12/site-packages/pymysql/connections.py", line 548, in query
    self._affected_rows = self._read_query_result(unbuffered=unbuffered)
                          ^^^^^^^^^^^^^^^^^^^^^^^^^^^^^^^^^^^^^^^^^^^^^^
  File "/root/web_b2b/server_venv/lib/python3.12/site-packages/pymysql/connections.py", line 775, in _read_query_result
    result.read()
  File "/root/web_b2b/server_venv/lib/python3.12/site-packages/pymysql/connections.py", line 1156, in read
    first_packet = self.connection._read_packet()
                   ^^^^^^^^^^^^^^^^^^^^^^^^^^^^^^
  File "/root/web_b2b/server_venv/lib/python3.12/site-packages/pymysql/connections.py", line 725, in _read_packet
    packet.raise_for_error()
  File "/root/web_b2b/server_venv/lib/python3.12/site-packages/pymysql/protocol.py", line 221, in raise_for_error
    err.raise_mysql_exception(self._data)
  File "/root/web_b2b/server_venv/lib/python3.12/site-packages/pymysql/err.py", line 143, in raise_mysql_exception
    raise errorclass(errno, errval)
django.db.utils.ProgrammingError: (1146, "Table 'web_b2b.b_op_log' doesn't exist")
"GET /myapp/index/home/section HTTP/1.1" 500 229312
Internal Server Error: /myapp/admin/news/list
Traceback (most recent call last):
  File "/root/web_b2b/server_venv/lib/python3.12/site-packages/django/db/backends/utils.py", line 84, in _execute
    return self.cursor.execute(sql, params)
           ^^^^^^^^^^^^^^^^^^^^^^^^^^^^^^^^
  File "/root/web_b2b/server_venv/lib/python3.12/site-packages/django/db/backends/mysql/base.py", line 73, in execute
    return self.cursor.execute(query, args)
           ^^^^^^^^^^^^^^^^^^^^^^^^^^^^^^^^
  File "/root/web_b2b/server_venv/lib/python3.12/site-packages/pymysql/cursors.py", line 148, in execute
    result = self._query(query)
             ^^^^^^^^^^^^^^^^^^
  File "/root/web_b2b/server_venv/lib/python3.12/site-packages/pymysql/cursors.py", line 310, in _query
    conn.query(q)
  File "/root/web_b2b/server_venv/lib/python3.12/site-packages/pymysql/connections.py", line 548, in query
    self._affected_rows = self._read_query_result(unbuffered=unbuffered)
                          ^^^^^^^^^^^^^^^^^^^^^^^^^^^^^^^^^^^^^^^^^^^^^^
  File "/root/web_b2b/server_venv/lib/python3.12/site-packages/pymysql/connections.py", line 775, in _read_query_result
    result.read()
  File "/root/web_b2b/server_venv/lib/python3.12/site-packages/pymysql/connections.py", line 1156, in read
    first_packet = self.connection._read_packet()
                   ^^^^^^^^^^^^^^^^^^^^^^^^^^^^^^
  File "/root/web_b2b/server_venv/lib/python3.12/site-packages/pymysql/connections.py", line 725, in _read_packet
    packet.raise_for_error()
  File "/root/web_b2b/server_venv/lib/python3.12/site-packages/pymysql/protocol.py", line 221, in raise_for_error
    err.raise_mysql_exception(self._data)
  File "/root/web_b2b/server_venv/lib/python3.12/site-packages/pymysql/err.py", line 143, in raise_mysql_exception
    raise errorclass(errno, errval)
pymysql.err.ProgrammingError: (1146, "Table 'web_b2b.b_user' doesn't exist")

The above exception was the direct cause of the following exception:

Traceback (most recent call last):
  File "/root/web_b2b/server_venv/lib/python3.12/site-packages/django/core/handlers/exception.py", line 47, in inner
    response = get_response(request)
               ^^^^^^^^^^^^^^^^^^^^^
  File "/root/web_b2b/server_venv/lib/python3.12/site-packages/django/core/handlers/base.py", line 181, in _get_response
    response = wrapped_callback(request, *callback_args, **callback_kwargs)
               ^^^^^^^^^^^^^^^^^^^^^^^^^^^^^^^^^^^^^^^^^^^^^^^^^^^^^^^^^^^^
  File "/root/web_b2b/server_venv/lib/python3.12/site-packages/django/views/decorators/csrf.py", line 54, in wrapped_view
    return view_func(*args, **kwargs)
           ^^^^^^^^^^^^^^^^^^^^^^^^^^
  File "/root/web_b2b/server_venv/lib/python3.12/site-packages/django/views/generic/base.py", line 70, in view
    return self.dispatch(request, *args, **kwargs)
           ^^^^^^^^^^^^^^^^^^^^^^^^^^^^^^^^^^^^^^^
  File "/root/web_b2b/server_venv/lib/python3.12/site-packages/rest_framework/views.py", line 509, in dispatch
    response = self.handle_exception(exc)
               ^^^^^^^^^^^^^^^^^^^^^^^^^^
  File "/root/web_b2b/server_venv/lib/python3.12/site-packages/rest_framework/views.py", line 469, in handle_exception
    self.raise_uncaught_exception(exc)
  File "/root/web_b2b/server_venv/lib/python3.12/site-packages/rest_framework/views.py", line 480, in raise_uncaught_exception
    raise exc
  File "/root/web_b2b/server_venv/lib/python3.12/site-packages/rest_framework/views.py", line 497, in dispatch
    self.initial(request, *args, **kwargs)
  File "/root/web_b2b/server_venv/lib/python3.12/site-packages/rest_framework/views.py", line 414, in initial
    self.perform_authentication(request)
  File "/root/web_b2b/server_venv/lib/python3.12/site-packages/rest_framework/views.py", line 324, in perform_authentication
    request.user
  File "/root/web_b2b/server_venv/lib/python3.12/site-packages/rest_framework/request.py", line 227, in user
    self._authenticate()
  File "/root/web_b2b/server_venv/lib/python3.12/site-packages/rest_framework/request.py", line 380, in _authenticate
    user_auth_tuple = authenticator.authenticate(self)
                      ^^^^^^^^^^^^^^^^^^^^^^^^^^^^^^^^
  File "/root/web_b2b/server/myapp/auth/authentication.py", line 25, in authenticate
    if not adminToken or len(users) == 0 or int(users[0].exp) < ts:
                         ^^^^^^^^^^
  File "/root/web_b2b/server_venv/lib/python3.12/site-packages/django/db/models/query.py", line 262, in __len__
    self._fetch_all()
  File "/root/web_b2b/server_venv/lib/python3.12/site-packages/django/db/models/query.py", line 1324, in _fetch_all
    self._result_cache = list(self._iterable_class(self))
                         ^^^^^^^^^^^^^^^^^^^^^^^^^^^^^^^^
  File "/root/web_b2b/server_venv/lib/python3.12/site-packages/django/db/models/query.py", line 51, in __iter__
    results = compiler.execute_sql(chunked_fetch=self.chunked_fetch, chunk_size=self.chunk_size)
              ^^^^^^^^^^^^^^^^^^^^^^^^^^^^^^^^^^^^^^^^^^^^^^^^^^^^^^^^^^^^^^^^^^^^^^^^^^^^^^^^^^
  File "/root/web_b2b/server_venv/lib/python3.12/site-packages/django/db/models/sql/compiler.py", line 1175, in execute_sql
    cursor.execute(sql, params)
  File "/root/web_b2b/server_venv/lib/python3.12/site-packages/django/db/backends/utils.py", line 98, in execute
    return super().execute(sql, params)
           ^^^^^^^^^^^^^^^^^^^^^^^^^^^^
  File "/root/web_b2b/server_venv/lib/python3.12/site-packages/django/db/backends/utils.py", line 66, in execute
    return self._execute_with_wrappers(sql, params, many=False, executor=self._execute)
           ^^^^^^^^^^^^^^^^^^^^^^^^^^^^^^^^^^^^^^^^^^^^^^^^^^^^^^^^^^^^^^^^^^^^^^^^^^^^
  File "/root/web_b2b/server_venv/lib/python3.12/site-packages/django/db/backends/utils.py", line 75, in _execute_with_wrappers
    return executor(sql, params, many, context)
           ^^^^^^^^^^^^^^^^^^^^^^^^^^^^^^^^^^^^
  File "/root/web_b2b/server_venv/lib/python3.12/site-packages/django/db/backends/utils.py", line 79, in _execute
    with self.db.wrap_database_errors:
  File "/root/web_b2b/server_venv/lib/python3.12/site-packages/django/db/utils.py", line 90, in __exit__
    raise dj_exc_value.with_traceback(traceback) from exc_value
  File "/root/web_b2b/server_venv/lib/python3.12/site-packages/django/db/backends/utils.py", line 84, in _execute
    return self.cursor.execute(sql, params)
           ^^^^^^^^^^^^^^^^^^^^^^^^^^^^^^^^
  File "/root/web_b2b/server_venv/lib/python3.12/site-packages/django/db/backends/mysql/base.py", line 73, in execute
    return self.cursor.execute(query, args)
           ^^^^^^^^^^^^^^^^^^^^^^^^^^^^^^^^
  File "/root/web_b2b/server_venv/lib/python3.12/site-packages/pymysql/cursors.py", line 148, in execute
    result = self._query(query)
             ^^^^^^^^^^^^^^^^^^
  File "/root/web_b2b/server_venv/lib/python3.12/site-packages/pymysql/cursors.py", line 310, in _query
    conn.query(q)
  File "/root/web_b2b/server_venv/lib/python3.12/site-packages/pymysql/connections.py", line 548, in query
    self._affected_rows = self._read_query_result(unbuffered=unbuffered)
                          ^^^^^^^^^^^^^^^^^^^^^^^^^^^^^^^^^^^^^^^^^^^^^^
  File "/root/web_b2b/server_venv/lib/python3.12/site-packages/pymysql/connections.py", line 775, in _read_query_result
    result.read()
  File "/root/web_b2b/server_venv/lib/python3.12/site-packages/pymysql/connections.py", line 1156, in read
    first_packet = self.connection._read_packet()
                   ^^^^^^^^^^^^^^^^^^^^^^^^^^^^^^
  File "/root/web_b2b/server_venv/lib/python3.12/site-packages/pymysql/connections.py", line 725, in _read_packet
    packet.raise_for_error()
  File "/root/web_b2b/server_venv/lib/python3.12/site-packages/pymysql/protocol.py", line 221, in raise_for_error
    err.raise_mysql_exception(self._data)
  File "/root/web_b2b/server_venv/lib/python3.12/site-packages/pymysql/err.py", line 143, in raise_mysql_exception
    raise errorclass(errno, errval)
django.db.utils.ProgrammingError: (1146, "Table 'web_b2b.b_user' doesn't exist")
Internal Server Error: /myapp/admin/news/list
Traceback (most recent call last):
  File "/root/web_b2b/server_venv/lib/python3.12/site-packages/django/db/backends/utils.py", line 84, in _execute
    return self.cursor.execute(sql, params)
           ^^^^^^^^^^^^^^^^^^^^^^^^^^^^^^^^
  File "/root/web_b2b/server_venv/lib/python3.12/site-packages/django/db/backends/mysql/base.py", line 73, in execute
    return self.cursor.execute(query, args)
           ^^^^^^^^^^^^^^^^^^^^^^^^^^^^^^^^
  File "/root/web_b2b/server_venv/lib/python3.12/site-packages/pymysql/cursors.py", line 148, in execute
    result = self._query(query)
             ^^^^^^^^^^^^^^^^^^
  File "/root/web_b2b/server_venv/lib/python3.12/site-packages/pymysql/cursors.py", line 310, in _query
    conn.query(q)
  File "/root/web_b2b/server_venv/lib/python3.12/site-packages/pymysql/connections.py", line 548, in query
    self._affected_rows = self._read_query_result(unbuffered=unbuffered)
                          ^^^^^^^^^^^^^^^^^^^^^^^^^^^^^^^^^^^^^^^^^^^^^^
  File "/root/web_b2b/server_venv/lib/python3.12/site-packages/pymysql/connections.py", line 775, in _read_query_result
    result.read()
  File "/root/web_b2b/server_venv/lib/python3.12/site-packages/pymysql/connections.py", line 1156, in read
    first_packet = self.connection._read_packet()
                   ^^^^^^^^^^^^^^^^^^^^^^^^^^^^^^
  File "/root/web_b2b/server_venv/lib/python3.12/site-packages/pymysql/connections.py", line 725, in _read_packet
    packet.raise_for_error()
  File "/root/web_b2b/server_venv/lib/python3.12/site-packages/pymysql/protocol.py", line 221, in raise_for_error
    err.raise_mysql_exception(self._data)
  File "/root/web_b2b/server_venv/lib/python3.12/site-packages/pymysql/err.py", line 143, in raise_mysql_exception
    raise errorclass(errno, errval)
pymysql.err.ProgrammingError: (1146, "Table 'web_b2b.b_op_log' doesn't exist")

The above exception was the direct cause of the following exception:

Traceback (most recent call last):
  File "/root/web_b2b/server_venv/lib/python3.12/site-packages/django/core/handlers/exception.py", line 47, in inner
    response = get_response(request)
               ^^^^^^^^^^^^^^^^^^^^^
  File "/root/web_b2b/server_venv/lib/python3.12/site-packages/django/utils/deprecation.py", line 119, in __call__
    response = self.process_response(request, response)
               ^^^^^^^^^^^^^^^^^^^^^^^^^^^^^^^^^^^^^^^^
  File "/root/web_b2b/server/myapp/middlewares/LogMiddleware.py", line 52, in process_response
    serializer.save()
  File "/root/web_b2b/server_venv/lib/python3.12/site-packages/rest_framework/serializers.py", line 212, in save
    self.instance = self.create(validated_data)
                    ^^^^^^^^^^^^^^^^^^^^^^^^^^^
  File "/root/web_b2b/server_venv/lib/python3.12/site-packages/rest_framework/serializers.py", line 962, in create
    instance = ModelClass._default_manager.create(**validated_data)
               ^^^^^^^^^^^^^^^^^^^^^^^^^^^^^^^^^^^^^^^^^^^^^^^^^^^^
  File "/root/web_b2b/server_venv/lib/python3.12/site-packages/django/db/models/manager.py", line 85, in manager_method
    return getattr(self.get_queryset(), name)(*args, **kwargs)
           ^^^^^^^^^^^^^^^^^^^^^^^^^^^^^^^^^^^^^^^^^^^^^^^^^^^
  File "/root/web_b2b/server_venv/lib/python3.12/site-packages/django/db/models/query.py", line 453, in create
    obj.save(force_insert=True, using=self.db)
  File "/root/web_b2b/server_venv/lib/python3.12/site-packages/django/db/models/base.py", line 739, in save
    self.save_base(using=using, force_insert=force_insert,
  File "/root/web_b2b/server_venv/lib/python3.12/site-packages/django/db/models/base.py", line 776, in save_base
    updated = self._save_table(
              ^^^^^^^^^^^^^^^^^
  File "/root/web_b2b/server_venv/lib/python3.12/site-packages/django/db/models/base.py", line 881, in _save_table
    results = self._do_insert(cls._base_manager, using, fields, returning_fields, raw)
              ^^^^^^^^^^^^^^^^^^^^^^^^^^^^^^^^^^^^^^^^^^^^^^^^^^^^^^^^^^^^^^^^^^^^^^^^
  File "/root/web_b2b/server_venv/lib/python3.12/site-packages/django/db/models/base.py", line 919, in _do_insert
    return manager._insert(
           ^^^^^^^^^^^^^^^^
  File "/root/web_b2b/server_venv/lib/python3.12/site-packages/django/db/models/manager.py", line 85, in manager_method
    return getattr(self.get_queryset(), name)(*args, **kwargs)
           ^^^^^^^^^^^^^^^^^^^^^^^^^^^^^^^^^^^^^^^^^^^^^^^^^^^
  File "/root/web_b2b/server_venv/lib/python3.12/site-packages/django/db/models/query.py", line 1270, in _insert
    return query.get_compiler(using=using).execute_sql(returning_fields)
           ^^^^^^^^^^^^^^^^^^^^^^^^^^^^^^^^^^^^^^^^^^^^^^^^^^^^^^^^^^^^^
  File "/root/web_b2b/server_venv/lib/python3.12/site-packages/django/db/models/sql/compiler.py", line 1416, in execute_sql
    cursor.execute(sql, params)
  File "/root/web_b2b/server_venv/lib/python3.12/site-packages/django/db/backends/utils.py", line 98, in execute
    return super().execute(sql, params)
           ^^^^^^^^^^^^^^^^^^^^^^^^^^^^
  File "/root/web_b2b/server_venv/lib/python3.12/site-packages/django/db/backends/utils.py", line 66, in execute
    return self._execute_with_wrappers(sql, params, many=False, executor=self._execute)
           ^^^^^^^^^^^^^^^^^^^^^^^^^^^^^^^^^^^^^^^^^^^^^^^^^^^^^^^^^^^^^^^^^^^^^^^^^^^^
  File "/root/web_b2b/server_venv/lib/python3.12/site-packages/django/db/backends/utils.py", line 75, in _execute_with_wrappers
    return executor(sql, params, many, context)
           ^^^^^^^^^^^^^^^^^^^^^^^^^^^^^^^^^^^^
  File "/root/web_b2b/server_venv/lib/python3.12/site-packages/django/db/backends/utils.py", line 79, in _execute
    with self.db.wrap_database_errors:
  File "/root/web_b2b/server_venv/lib/python3.12/site-packages/django/db/utils.py", line 90, in __exit__
    raise dj_exc_value.with_traceback(traceback) from exc_value
  File "/root/web_b2b/server_venv/lib/python3.12/site-packages/django/db/backends/utils.py", line 84, in _execute
    return self.cursor.execute(sql, params)
           ^^^^^^^^^^^^^^^^^^^^^^^^^^^^^^^^
  File "/root/web_b2b/server_venv/lib/python3.12/site-packages/django/db/backends/mysql/base.py", line 73, in execute
    return self.cursor.execute(query, args)
           ^^^^^^^^^^^^^^^^^^^^^^^^^^^^^^^^
  File "/root/web_b2b/server_venv/lib/python3.12/site-packages/pymysql/cursors.py", line 148, in execute
    result = self._query(query)
             ^^^^^^^^^^^^^^^^^^
  File "/root/web_b2b/server_venv/lib/python3.12/site-packages/pymysql/cursors.py", line 310, in _query
    conn.query(q)
  File "/root/web_b2b/server_venv/lib/python3.12/site-packages/pymysql/connections.py", line 548, in query
    self._affected_rows = self._read_query_result(unbuffered=unbuffered)
                          ^^^^^^^^^^^^^^^^^^^^^^^^^^^^^^^^^^^^^^^^^^^^^^
  File "/root/web_b2b/server_venv/lib/python3.12/site-packages/pymysql/connections.py", line 775, in _read_query_result
    result.read()
  File "/root/web_b2b/server_venv/lib/python3.12/site-packages/pymysql/connections.py", line 1156, in read
    first_packet = self.connection._read_packet()
                   ^^^^^^^^^^^^^^^^^^^^^^^^^^^^^^
  File "/root/web_b2b/server_venv/lib/python3.12/site-packages/pymysql/connections.py", line 725, in _read_packet
    packet.raise_for_error()
  File "/root/web_b2b/server_venv/lib/python3.12/site-packages/pymysql/protocol.py", line 221, in raise_for_error
    err.raise_mysql_exception(self._data)
  File "/root/web_b2b/server_venv/lib/python3.12/site-packages/pymysql/err.py", line 143, in raise_mysql_exception
    raise errorclass(errno, errval)
django.db.utils.ProgrammingError: (1146, "Table 'web_b2b.b_op_log' doesn't exist")
"GET /myapp/admin/news/list?page=1&pageSize=10&keyword= HTTP/1.0" 500 232712
Internal Server Error: /myapp/admin/news/list
Traceback (most recent call last):
  File "/root/web_b2b/server_venv/lib/python3.12/site-packages/django/db/backends/utils.py", line 84, in _execute
    return self.cursor.execute(sql, params)
           ^^^^^^^^^^^^^^^^^^^^^^^^^^^^^^^^
  File "/root/web_b2b/server_venv/lib/python3.12/site-packages/django/db/backends/mysql/base.py", line 73, in execute
    return self.cursor.execute(query, args)
           ^^^^^^^^^^^^^^^^^^^^^^^^^^^^^^^^
  File "/root/web_b2b/server_venv/lib/python3.12/site-packages/pymysql/cursors.py", line 148, in execute
    result = self._query(query)
             ^^^^^^^^^^^^^^^^^^
  File "/root/web_b2b/server_venv/lib/python3.12/site-packages/pymysql/cursors.py", line 310, in _query
    conn.query(q)
  File "/root/web_b2b/server_venv/lib/python3.12/site-packages/pymysql/connections.py", line 548, in query
    self._affected_rows = self._read_query_result(unbuffered=unbuffered)
                          ^^^^^^^^^^^^^^^^^^^^^^^^^^^^^^^^^^^^^^^^^^^^^^
  File "/root/web_b2b/server_venv/lib/python3.12/site-packages/pymysql/connections.py", line 775, in _read_query_result
    result.read()
  File "/root/web_b2b/server_venv/lib/python3.12/site-packages/pymysql/connections.py", line 1156, in read
    first_packet = self.connection._read_packet()
                   ^^^^^^^^^^^^^^^^^^^^^^^^^^^^^^
  File "/root/web_b2b/server_venv/lib/python3.12/site-packages/pymysql/connections.py", line 725, in _read_packet
    packet.raise_for_error()
  File "/root/web_b2b/server_venv/lib/python3.12/site-packages/pymysql/protocol.py", line 221, in raise_for_error
    err.raise_mysql_exception(self._data)
  File "/root/web_b2b/server_venv/lib/python3.12/site-packages/pymysql/err.py", line 143, in raise_mysql_exception
    raise errorclass(errno, errval)
pymysql.err.ProgrammingError: (1146, "Table 'web_b2b.b_user' doesn't exist")

The above exception was the direct cause of the following exception:

Traceback (most recent call last):
  File "/root/web_b2b/server_venv/lib/python3.12/site-packages/django/core/handlers/exception.py", line 47, in inner
    response = get_response(request)
               ^^^^^^^^^^^^^^^^^^^^^
  File "/root/web_b2b/server_venv/lib/python3.12/site-packages/django/core/handlers/base.py", line 181, in _get_response
    response = wrapped_callback(request, *callback_args, **callback_kwargs)
               ^^^^^^^^^^^^^^^^^^^^^^^^^^^^^^^^^^^^^^^^^^^^^^^^^^^^^^^^^^^^
  File "/root/web_b2b/server_venv/lib/python3.12/site-packages/django/views/decorators/csrf.py", line 54, in wrapped_view
    return view_func(*args, **kwargs)
           ^^^^^^^^^^^^^^^^^^^^^^^^^^
  File "/root/web_b2b/server_venv/lib/python3.12/site-packages/django/views/generic/base.py", line 70, in view
    return self.dispatch(request, *args, **kwargs)
           ^^^^^^^^^^^^^^^^^^^^^^^^^^^^^^^^^^^^^^^
  File "/root/web_b2b/server_venv/lib/python3.12/site-packages/rest_framework/views.py", line 509, in dispatch
    response = self.handle_exception(exc)
               ^^^^^^^^^^^^^^^^^^^^^^^^^^
  File "/root/web_b2b/server_venv/lib/python3.12/site-packages/rest_framework/views.py", line 469, in handle_exception
    self.raise_uncaught_exception(exc)
  File "/root/web_b2b/server_venv/lib/python3.12/site-packages/rest_framework/views.py", line 480, in raise_uncaught_exception
    raise exc
  File "/root/web_b2b/server_venv/lib/python3.12/site-packages/rest_framework/views.py", line 497, in dispatch
    self.initial(request, *args, **kwargs)
  File "/root/web_b2b/server_venv/lib/python3.12/site-packages/rest_framework/views.py", line 414, in initial
    self.perform_authentication(request)
  File "/root/web_b2b/server_venv/lib/python3.12/site-packages/rest_framework/views.py", line 324, in perform_authentication
    request.user
  File "/root/web_b2b/server_venv/lib/python3.12/site-packages/rest_framework/request.py", line 227, in user
    self._authenticate()
  File "/root/web_b2b/server_venv/lib/python3.12/site-packages/rest_framework/request.py", line 380, in _authenticate
    user_auth_tuple = authenticator.authenticate(self)
                      ^^^^^^^^^^^^^^^^^^^^^^^^^^^^^^^^
  File "/root/web_b2b/server/myapp/auth/authentication.py", line 25, in authenticate
    if not adminToken or len(users) == 0 or int(users[0].exp) < ts:
                         ^^^^^^^^^^
  File "/root/web_b2b/server_venv/lib/python3.12/site-packages/django/db/models/query.py", line 262, in __len__
    self._fetch_all()
  File "/root/web_b2b/server_venv/lib/python3.12/site-packages/django/db/models/query.py", line 1324, in _fetch_all
    self._result_cache = list(self._iterable_class(self))
                         ^^^^^^^^^^^^^^^^^^^^^^^^^^^^^^^^
  File "/root/web_b2b/server_venv/lib/python3.12/site-packages/django/db/models/query.py", line 51, in __iter__
    results = compiler.execute_sql(chunked_fetch=self.chunked_fetch, chunk_size=self.chunk_size)
              ^^^^^^^^^^^^^^^^^^^^^^^^^^^^^^^^^^^^^^^^^^^^^^^^^^^^^^^^^^^^^^^^^^^^^^^^^^^^^^^^^^
  File "/root/web_b2b/server_venv/lib/python3.12/site-packages/django/db/models/sql/compiler.py", line 1175, in execute_sql
    cursor.execute(sql, params)
  File "/root/web_b2b/server_venv/lib/python3.12/site-packages/django/db/backends/utils.py", line 98, in execute
    return super().execute(sql, params)
           ^^^^^^^^^^^^^^^^^^^^^^^^^^^^
  File "/root/web_b2b/server_venv/lib/python3.12/site-packages/django/db/backends/utils.py", line 66, in execute
    return self._execute_with_wrappers(sql, params, many=False, executor=self._execute)
           ^^^^^^^^^^^^^^^^^^^^^^^^^^^^^^^^^^^^^^^^^^^^^^^^^^^^^^^^^^^^^^^^^^^^^^^^^^^^
  File "/root/web_b2b/server_venv/lib/python3.12/site-packages/django/db/backends/utils.py", line 75, in _execute_with_wrappers
    return executor(sql, params, many, context)
           ^^^^^^^^^^^^^^^^^^^^^^^^^^^^^^^^^^^^
  File "/root/web_b2b/server_venv/lib/python3.12/site-packages/django/db/backends/utils.py", line 79, in _execute
    with self.db.wrap_database_errors:
  File "/root/web_b2b/server_venv/lib/python3.12/site-packages/django/db/utils.py", line 90, in __exit__
    raise dj_exc_value.with_traceback(traceback) from exc_value
  File "/root/web_b2b/server_venv/lib/python3.12/site-packages/django/db/backends/utils.py", line 84, in _execute
    return self.cursor.execute(sql, params)
           ^^^^^^^^^^^^^^^^^^^^^^^^^^^^^^^^
  File "/root/web_b2b/server_venv/lib/python3.12/site-packages/django/db/backends/mysql/base.py", line 73, in execute
    return self.cursor.execute(query, args)
           ^^^^^^^^^^^^^^^^^^^^^^^^^^^^^^^^
  File "/root/web_b2b/server_venv/lib/python3.12/site-packages/pymysql/cursors.py", line 148, in execute
    result = self._query(query)
             ^^^^^^^^^^^^^^^^^^
  File "/root/web_b2b/server_venv/lib/python3.12/site-packages/pymysql/cursors.py", line 310, in _query
    conn.query(q)
  File "/root/web_b2b/server_venv/lib/python3.12/site-packages/pymysql/connections.py", line 548, in query
    self._affected_rows = self._read_query_result(unbuffered=unbuffered)
                          ^^^^^^^^^^^^^^^^^^^^^^^^^^^^^^^^^^^^^^^^^^^^^^
  File "/root/web_b2b/server_venv/lib/python3.12/site-packages/pymysql/connections.py", line 775, in _read_query_result
    result.read()
  File "/root/web_b2b/server_venv/lib/python3.12/site-packages/pymysql/connections.py", line 1156, in read
    first_packet = self.connection._read_packet()
                   ^^^^^^^^^^^^^^^^^^^^^^^^^^^^^^
  File "/root/web_b2b/server_venv/lib/python3.12/site-packages/pymysql/connections.py", line 725, in _read_packet
    packet.raise_for_error()
  File "/root/web_b2b/server_venv/lib/python3.12/site-packages/pymysql/protocol.py", line 221, in raise_for_error
    err.raise_mysql_exception(self._data)
  File "/root/web_b2b/server_venv/lib/python3.12/site-packages/pymysql/err.py", line 143, in raise_mysql_exception
    raise errorclass(errno, errval)
django.db.utils.ProgrammingError: (1146, "Table 'web_b2b.b_user' doesn't exist")
Internal Server Error: /myapp/admin/news/list
Traceback (most recent call last):
  File "/root/web_b2b/server_venv/lib/python3.12/site-packages/django/db/backends/utils.py", line 84, in _execute
    return self.cursor.execute(sql, params)
           ^^^^^^^^^^^^^^^^^^^^^^^^^^^^^^^^
  File "/root/web_b2b/server_venv/lib/python3.12/site-packages/django/db/backends/mysql/base.py", line 73, in execute
    return self.cursor.execute(query, args)
           ^^^^^^^^^^^^^^^^^^^^^^^^^^^^^^^^
  File "/root/web_b2b/server_venv/lib/python3.12/site-packages/pymysql/cursors.py", line 148, in execute
    result = self._query(query)
             ^^^^^^^^^^^^^^^^^^
  File "/root/web_b2b/server_venv/lib/python3.12/site-packages/pymysql/cursors.py", line 310, in _query
    conn.query(q)
  File "/root/web_b2b/server_venv/lib/python3.12/site-packages/pymysql/connections.py", line 548, in query
    self._affected_rows = self._read_query_result(unbuffered=unbuffered)
                          ^^^^^^^^^^^^^^^^^^^^^^^^^^^^^^^^^^^^^^^^^^^^^^
  File "/root/web_b2b/server_venv/lib/python3.12/site-packages/pymysql/connections.py", line 775, in _read_query_result
    result.read()
  File "/root/web_b2b/server_venv/lib/python3.12/site-packages/pymysql/connections.py", line 1156, in read
    first_packet = self.connection._read_packet()
                   ^^^^^^^^^^^^^^^^^^^^^^^^^^^^^^
  File "/root/web_b2b/server_venv/lib/python3.12/site-packages/pymysql/connections.py", line 725, in _read_packet
    packet.raise_for_error()
  File "/root/web_b2b/server_venv/lib/python3.12/site-packages/pymysql/protocol.py", line 221, in raise_for_error
    err.raise_mysql_exception(self._data)
  File "/root/web_b2b/server_venv/lib/python3.12/site-packages/pymysql/err.py", line 143, in raise_mysql_exception
    raise errorclass(errno, errval)
pymysql.err.ProgrammingError: (1146, "Table 'web_b2b.b_op_log' doesn't exist")

The above exception was the direct cause of the following exception:

Traceback (most recent call last):
  File "/root/web_b2b/server_venv/lib/python3.12/site-packages/django/core/handlers/exception.py", line 47, in inner
    response = get_response(request)
               ^^^^^^^^^^^^^^^^^^^^^
  File "/root/web_b2b/server_venv/lib/python3.12/site-packages/django/utils/deprecation.py", line 119, in __call__
    response = self.process_response(request, response)
               ^^^^^^^^^^^^^^^^^^^^^^^^^^^^^^^^^^^^^^^^
  File "/root/web_b2b/server/myapp/middlewares/LogMiddleware.py", line 52, in process_response
    serializer.save()
  File "/root/web_b2b/server_venv/lib/python3.12/site-packages/rest_framework/serializers.py", line 212, in save
    self.instance = self.create(validated_data)
                    ^^^^^^^^^^^^^^^^^^^^^^^^^^^
  File "/root/web_b2b/server_venv/lib/python3.12/site-packages/rest_framework/serializers.py", line 962, in create
    instance = ModelClass._default_manager.create(**validated_data)
               ^^^^^^^^^^^^^^^^^^^^^^^^^^^^^^^^^^^^^^^^^^^^^^^^^^^^
  File "/root/web_b2b/server_venv/lib/python3.12/site-packages/django/db/models/manager.py", line 85, in manager_method
    return getattr(self.get_queryset(), name)(*args, **kwargs)
           ^^^^^^^^^^^^^^^^^^^^^^^^^^^^^^^^^^^^^^^^^^^^^^^^^^^
  File "/root/web_b2b/server_venv/lib/python3.12/site-packages/django/db/models/query.py", line 453, in create
    obj.save(force_insert=True, using=self.db)
  File "/root/web_b2b/server_venv/lib/python3.12/site-packages/django/db/models/base.py", line 739, in save
    self.save_base(using=using, force_insert=force_insert,
  File "/root/web_b2b/server_venv/lib/python3.12/site-packages/django/db/models/base.py", line 776, in save_base
    updated = self._save_table(
              ^^^^^^^^^^^^^^^^^
  File "/root/web_b2b/server_venv/lib/python3.12/site-packages/django/db/models/base.py", line 881, in _save_table
    results = self._do_insert(cls._base_manager, using, fields, returning_fields, raw)
              ^^^^^^^^^^^^^^^^^^^^^^^^^^^^^^^^^^^^^^^^^^^^^^^^^^^^^^^^^^^^^^^^^^^^^^^^
  File "/root/web_b2b/server_venv/lib/python3.12/site-packages/django/db/models/base.py", line 919, in _do_insert
    return manager._insert(
           ^^^^^^^^^^^^^^^^
  File "/root/web_b2b/server_venv/lib/python3.12/site-packages/django/db/models/manager.py", line 85, in manager_method
    return getattr(self.get_queryset(), name)(*args, **kwargs)
           ^^^^^^^^^^^^^^^^^^^^^^^^^^^^^^^^^^^^^^^^^^^^^^^^^^^
  File "/root/web_b2b/server_venv/lib/python3.12/site-packages/django/db/models/query.py", line 1270, in _insert
    return query.get_compiler(using=using).execute_sql(returning_fields)
           ^^^^^^^^^^^^^^^^^^^^^^^^^^^^^^^^^^^^^^^^^^^^^^^^^^^^^^^^^^^^^
  File "/root/web_b2b/server_venv/lib/python3.12/site-packages/django/db/models/sql/compiler.py", line 1416, in execute_sql
    cursor.execute(sql, params)
  File "/root/web_b2b/server_venv/lib/python3.12/site-packages/django/db/backends/utils.py", line 98, in execute
    return super().execute(sql, params)
           ^^^^^^^^^^^^^^^^^^^^^^^^^^^^
  File "/root/web_b2b/server_venv/lib/python3.12/site-packages/django/db/backends/utils.py", line 66, in execute
    return self._execute_with_wrappers(sql, params, many=False, executor=self._execute)
           ^^^^^^^^^^^^^^^^^^^^^^^^^^^^^^^^^^^^^^^^^^^^^^^^^^^^^^^^^^^^^^^^^^^^^^^^^^^^
  File "/root/web_b2b/server_venv/lib/python3.12/site-packages/django/db/backends/utils.py", line 75, in _execute_with_wrappers
    return executor(sql, params, many, context)
           ^^^^^^^^^^^^^^^^^^^^^^^^^^^^^^^^^^^^
  File "/root/web_b2b/server_venv/lib/python3.12/site-packages/django/db/backends/utils.py", line 79, in _execute
    with self.db.wrap_database_errors:
  File "/root/web_b2b/server_venv/lib/python3.12/site-packages/django/db/utils.py", line 90, in __exit__
    raise dj_exc_value.with_traceback(traceback) from exc_value
  File "/root/web_b2b/server_venv/lib/python3.12/site-packages/django/db/backends/utils.py", line 84, in _execute
    return self.cursor.execute(sql, params)
           ^^^^^^^^^^^^^^^^^^^^^^^^^^^^^^^^
  File "/root/web_b2b/server_venv/lib/python3.12/site-packages/django/db/backends/mysql/base.py", line 73, in execute
    return self.cursor.execute(query, args)
           ^^^^^^^^^^^^^^^^^^^^^^^^^^^^^^^^
  File "/root/web_b2b/server_venv/lib/python3.12/site-packages/pymysql/cursors.py", line 148, in execute
    result = self._query(query)
             ^^^^^^^^^^^^^^^^^^
  File "/root/web_b2b/server_venv/lib/python3.12/site-packages/pymysql/cursors.py", line 310, in _query
    conn.query(q)
  File "/root/web_b2b/server_venv/lib/python3.12/site-packages/pymysql/connections.py", line 548, in query
    self._affected_rows = self._read_query_result(unbuffered=unbuffered)
                          ^^^^^^^^^^^^^^^^^^^^^^^^^^^^^^^^^^^^^^^^^^^^^^
  File "/root/web_b2b/server_venv/lib/python3.12/site-packages/pymysql/connections.py", line 775, in _read_query_result
    result.read()
  File "/root/web_b2b/server_venv/lib/python3.12/site-packages/pymysql/connections.py", line 1156, in read
    first_packet = self.connection._read_packet()
                   ^^^^^^^^^^^^^^^^^^^^^^^^^^^^^^
  File "/root/web_b2b/server_venv/lib/python3.12/site-packages/pymysql/connections.py", line 725, in _read_packet
    packet.raise_for_error()
  File "/root/web_b2b/server_venv/lib/python3.12/site-packages/pymysql/protocol.py", line 221, in raise_for_error
    err.raise_mysql_exception(self._data)
  File "/root/web_b2b/server_venv/lib/python3.12/site-packages/pymysql/err.py", line 143, in raise_mysql_exception
    raise errorclass(errno, errval)
django.db.utils.ProgrammingError: (1146, "Table 'web_b2b.b_op_log' doesn't exist")
"GET /myapp/admin/news/list?page=1&pageSize=10&keyword= HTTP/1.0" 500 232713
Forbidden: /myapp/admin/news/list
"GET /myapp/admin/news/list?page=1&pageSize=10&keyword= HTTP/1.0" 403 30
"GET /myapp/admin/basicGlobal/listInfo HTTP/1.0" 200 611
"POST /myapp/admin/adminLogin HTTP/1.0" 200 328
"GET /myapp/admin/overview/count?days=7 HTTP/1.0" 200 100
"GET /myapp/admin/overview/dataCount HTTP/1.0" 200 135
"GET /myapp/admin/thing/list?page=1&pageSize=10&keyword= HTTP/1.0" 200 41325
"GET /myapp/admin/category/list HTTP/1.0" 200 1141
"GET /myapp/admin/news/list?page=1&pageSize=10&keyword= HTTP/1.0" 200 62770
"GET /myapp/admin/thing/list?page=1&pageSize=10&keyword= HTTP/1.0" 200 41325
"GET /myapp/admin/category/list HTTP/1.0" 200 1141
"GET /myapp/admin/faq/list?page=1&pageSize=10 HTTP/1.0" 200 3627
"GET /myapp/index/common/section HTTP/1.1" 200 4265
"GET /myapp/index/home/section HTTP/1.1" 200 4959
"GET /myapp/index/home/section HTTP/1.1" 200 4959
"GET /myapp/index/common/section HTTP/1.1" 200 4265
"GET /myapp/index/home/section HTTP/1.1" 200 4959
"GET /myapp/index/common/section HTTP/1.1" 200 4265
"GET /myapp/index/common/section HTTP/1.1" 200 4265
"GET /myapp/index/home/section HTTP/1.1" 200 4959
"GET /myapp/index/home/section HTTP/1.1" 200 4959
"GET /myapp/index/common/section HTTP/1.1" 200 4265
"GET /myapp/index/home/section HTTP/1.1" 200 4959
"GET /myapp/index/common/section HTTP/1.1" 200 4265
"GET /myapp/index/home/section HTTP/1.1" 200 4959
"GET /myapp/index/common/section HTTP/1.1" 200 4265
"GET /myapp/index/home/section HTTP/1.1" 200 4959
"GET /myapp/index/common/section HTTP/1.1" 200 4265
"GET /myapp/index/common/section HTTP/1.1" 200 4265
"GET /myapp/index/home/section HTTP/1.1" 200 4959
"GET /myapp/index/home/section HTTP/1.1" 200 4959
"GET /myapp/index/common/section HTTP/1.1" 200 4265
"GET /myapp/index/common/section HTTP/1.1" 200 4265
"GET /myapp/index/home/section HTTP/1.1" 200 4959
"GET /myapp/index/home/section HTTP/1.1" 200 4959
"GET /myapp/index/common/section HTTP/1.1" 200 4265
"GET /myapp/index/home/section HTTP/1.1" 200 4959
"GET /myapp/index/common/section HTTP/1.1" 200 4265
"GET /myapp/index/common/section HTTP/1.1" 200 4265
"GET /myapp/index/home/section HTTP/1.1" 200 4959
"GET /myapp/index/common/section HTTP/1.1" 200 4265
"GET /myapp/index/home/section HTTP/1.1" 200 4959
"GET /myapp/index/home/section HTTP/1.1" 200 4959
"GET /myapp/index/common/section HTTP/1.1" 200 4265
"GET /myapp/index/common/section HTTP/1.1" 200 4265
"GET /myapp/index/home/section HTTP/1.1" 200 4959
"GET /myapp/index/thing/section?page=1&pageSize=9 HTTP/1.1" 200 3521
"GET /myapp/index/thing/section?page=1&pageSize=12&searchQuery= HTTP/1.1" 200 3937
"GET /myapp/index/about/section HTTP/1.1" 200 4216
"GET /myapp/index/home/section HTTP/1.1" 200 4959
"GET /myapp/index/common/section HTTP/1.1" 200 4265
"GET /myapp/index/home/section HTTP/1.1" 200 4959
"GET /myapp/index/home/section HTTP/1.1" 200 4959
"GET /myapp/index/common/section HTTP/1.1" 200 4265
"GET /myapp/index/thing/section?page=1&pageSize=12&categoryId=42&searchQuery= HTTP/1.1" 200 2629
"GET /myapp/index/thing/section?page=1&pageSize=9 HTTP/1.1" 200 3521
"GET /myapp/index/thing/section?page=1&pageSize=12&categoryId=45&searchQuery= HTTP/1.1" 200 2306
"GET /myapp/index/thing/section?page=1&pageSize=9 HTTP/1.1" 200 3521
"GET /myapp/index/thing/section?page=1&pageSize=12&categoryId=44&searchQuery= HTTP/1.1" 200 2142
"GET /myapp/index/thing/section?page=1&pageSize=9 HTTP/1.1" 200 3521
"GET /myapp/index/thing/detail?id=39 HTTP/1.1" 200 5504
"GET /myapp/index/home/section HTTP/1.1" 200 4959
"GET /myapp/index/common/section HTTP/1.1" 200 4265
"GET /myapp/index/common/section HTTP/1.1" 200 4265
"GET /myapp/index/home/section HTTP/1.1" 200 4959
Watching for file changes with StatReloader
Watching for file changes with StatReloader
"GET /myapp/admin/faq/list?page=1&pageSize=10 HTTP/1.0" 200 3627
"GET /myapp/index/common/section HTTP/1.1" 200 4265
"GET /myapp/index/home/section HTTP/1.1" 200 4959
"GET /myapp/admin/thing/list?page=1&pageSize=10&keyword= HTTP/1.0" 200 41325
"GET /myapp/admin/category/list HTTP/1.0" 200 1141
"GET /myapp/admin/overview/dataCount HTTP/1.0" 200 135
"GET /myapp/admin/overview/count?days=7 HTTP/1.0" 200 137
"GET /myapp/admin/case/list?page=1&pageSize=10&keyword= HTTP/1.0" 200 23177
"GET /myapp/admin/user/list HTTP/1.0" 200 708
"GET /myapp/admin/user/list HTTP/1.0" 200 708
"GET /myapp/admin/inquiry/list?page=1&pageSize=10 HTTP/1.0" 200 1827
"GET /myapp/admin/faq/list?page=1&pageSize=10 HTTP/1.0" 200 3627
"GET /myapp/admin/download/list?page=1&pageSize=10&keyword= HTTP/1.0" 200 1273
"GET /myapp/admin/case/list?page=1&pageSize=10&keyword= HTTP/1.0" 200 23177
"GET /myapp/index/common/section HTTP/1.1" 200 4265
"GET /myapp/index/home/section HTTP/1.1" 200 4959
"GET /myapp/admin/case/list?page=1&pageSize=10&keyword= HTTP/1.0" 200 23177
"GET /myapp/index/thing/section?page=1&pageSize=9 HTTP/1.1" 200 3521
"GET /myapp/index/thing/section?page=1&pageSize=12&searchQuery= HTTP/1.1" 200 3937
"GET /myapp/index/about/section HTTP/1.1" 200 4216
"GET /myapp/index/contact/section HTTP/1.1" 200 1614
"GET /myapp/index/home/section HTTP/1.1" 200 4959
"GET /myapp/admin/overview/count?days=7 HTTP/1.0" 200 137
"GET /myapp/admin/overview/dataCount HTTP/1.0" 200 135
"GET /myapp/admin/thing/list?page=1&pageSize=10&keyword= HTTP/1.0" 200 41325
"GET /myapp/admin/category/list HTTP/1.0" 200 1141
"GET /myapp/admin/category/list HTTP/1.0" 200 1141
"POST /myapp/admin/thing/update HTTP/1.0" 200 53
"POST /myapp/admin/thing/update HTTP/1.0" 200 53
"GET /myapp/admin/category/list HTTP/1.0" 200 1141
"GET /myapp/admin/user/list HTTP/1.0" 200 708
"POST /myapp/admin/user/create HTTP/1.0" 200 53
"GET /myapp/admin/basicGlobal/listInfo HTTP/1.0" 200 611
"POST /myapp/admin/adminLogin HTTP/1.0" 200 53
"POST /myapp/admin/adminLogin HTTP/1.0" 200 53
"POST /myapp/admin/adminLogin HTTP/1.0" 200 53
"POST /myapp/admin/adminLogin HTTP/1.0" 200 328
"GET /myapp/admin/overview/dataCount HTTP/1.0" 200 135
"GET /myapp/admin/overview/count?days=7 HTTP/1.0" 200 137
"GET /myapp/admin/user/list HTTP/1.0" 200 708
"POST /myapp/admin/user/updatePwd HTTP/1.0" 200 328
"GET /myapp/admin/user/list HTTP/1.0" 200 708
"GET /myapp/admin/news/list?page=1&pageSize=10&keyword= HTTP/1.0" 200 62770
"GET /myapp/admin/thing/list?page=1&pageSize=10&keyword= HTTP/1.0" 200 41325
"GET /myapp/admin/category/list HTTP/1.0" 200 1141
"GET /myapp/admin/category/list HTTP/1.0" 200 1141
"POST /myapp/admin/cdn/uploadImg HTTP/1.0" 200 40
"POST /myapp/admin/category/create HTTP/1.0" 200 137
"GET /myapp/admin/category/list HTTP/1.0" 200 1230
"GET /myapp/index/common/section HTTP/1.1" 200 4337
"GET /myapp/index/home/section HTTP/1.1" 200 5032
"GET /myapp/index/common/section HTTP/1.1" 200 4337
"GET /myapp/index/thing/section?page=1&pageSize=12&searchQuery= HTTP/1.1" 200 4026
"GET /myapp/index/thing/section?page=1&pageSize=9 HTTP/1.1" 200 3610
"GET /myapp/index/thing/section?page=1&pageSize=12&categoryId=49&searchQuery= HTTP/1.1" 200 2231
"GET /myapp/index/thing/section?page=1&pageSize=9 HTTP/1.1" 200 3610
"GET /myapp/index/thing/section?page=1&pageSize=12&categoryId=42&searchQuery= HTTP/1.1" 200 2718
"GET /myapp/index/thing/section?page=1&pageSize=9 HTTP/1.1" 200 3610
"GET /myapp/index/home/section HTTP/1.1" 200 5032
"GET /myapp/admin/category/list HTTP/1.0" 200 1230
"POST /myapp/admin/cdn/uploadImg HTTP/1.0" 200 40
"POST /myapp/admin/thing/create HTTP/1.0" 200 1071
"GET /myapp/admin/thing/list?page=1&pageSize=10&keyword= HTTP/1.0" 200 38764
"GET /myapp/admin/category/list HTTP/1.0" 200 1230
"GET /myapp/index/thing/section?page=1&pageSize=12&categoryId=49&searchQuery= HTTP/1.1" 200 2344
"GET /myapp/index/thing/section?page=1&pageSize=9 HTTP/1.1" 200 3572
"GET /myapp/index/thing/detail?id=42 HTTP/1.1" 200 1248
"GET /myapp/index/thing/section?page=1&pageSize=9 HTTP/1.1" 200 3572
"GET /myapp/index/thing/section?page=1&pageSize=12&searchQuery= HTTP/1.1" 200 3988
"GET /myapp/admin/news/list?page=1&pageSize=10&keyword= HTTP/1.0" 200 62770
"POST /myapp/admin/cdn/uploadImg HTTP/1.0" 200 40
"POST /myapp/admin/news/create HTTP/1.0" 200 768
"GET /myapp/admin/news/list?page=1&pageSize=10&keyword= HTTP/1.0" 200 56436
"GET /myapp/index/home/section HTTP/1.1" 200 5032
"GET /myapp/index/about/section HTTP/1.1" 200 4216
"GET /myapp/index/contact/section HTTP/1.1" 200 1576
"GET /myapp/index/thing/section?page=1&pageSize=9 HTTP/1.1" 200 3572
"GET /myapp/index/thing/section?page=1&pageSize=12&searchQuery= HTTP/1.1" 200 3988
"GET /myapp/index/thing/section?page=1&pageSize=12&categoryId=49&searchQuery= HTTP/1.1" 200 2344
"GET /myapp/index/thing/section?page=1&pageSize=9 HTTP/1.1" 200 3572
"GET /myapp/index/thing/section?page=1&pageSize=12&categoryId=42&searchQuery= HTTP/1.1" 200 2718
"GET /myapp/index/thing/section?page=1&pageSize=9 HTTP/1.1" 200 3572
"GET /myapp/index/thing/section?page=1&pageSize=12&categoryId=44&searchQuery= HTTP/1.1" 200 2231
"GET /myapp/index/thing/section?page=1&pageSize=9 HTTP/1.1" 200 3572
"GET /myapp/index/thing/section?page=1&pageSize=12&categoryId=45&searchQuery= HTTP/1.1" 200 2395
"GET /myapp/index/thing/section?page=1&pageSize=9 HTTP/1.1" 200 3572
"GET /myapp/index/thing/section?page=1&pageSize=12&categoryId=43&searchQuery= HTTP/1.1" 200 2404
"GET /myapp/index/thing/section?page=1&pageSize=9 HTTP/1.1" 200 3572
"GET /myapp/index/home/section HTTP/1.1" 200 5032
"GET /myapp/admin/news/list?page=2&pageSize=10&keyword= HTTP/1.0" 200 21260
"GET /myapp/admin/news/list?page=1&pageSize=10&keyword= HTTP/1.0" 200 56436
"GET /myapp/index/news/detail?id=5 HTTP/1.1" 200 21475
"GET /myapp/index/thing/detail?id=42 HTTP/1.1" 200 1248
"GET /myapp/admin/news/list?page=2&pageSize=10&keyword= HTTP/1.0" 200 21260
"GET /myapp/index/home/section HTTP/1.1" 200 5032
"GET /myapp/index/common/section HTTP/1.1" 200 4337
"GET /myapp/index/home/section HTTP/1.1" 200 5032
"GET /myapp/index/common/section HTTP/1.1" 200 4337
"GET /myapp/admin/news/list?page=1&pageSize=10&keyword= HTTP/1.0" 200 62770
"GET /myapp/admin/news/list?page=2&pageSize=10&keyword= HTTP/1.0" 200 14926
"GET /myapp/index/common/section HTTP/1.1" 200 4337
"GET /myapp/index/home/section HTTP/1.1" 200 5032
"GET /myapp/admin/user/list HTTP/1.0" 200 708
"GET /myapp/admin/opLog/list?page=1&pageSize=10&keyword= HTTP/1.0" 200 1626
"GET /myapp/admin/overview/count?days=7 HTTP/1.0" 200 138
"GET /myapp/admin/overview/dataCount HTTP/1.0" 200 135
"GET /myapp/admin/thing/list?page=1&pageSize=10&keyword= HTTP/1.0" 200 38764
"GET /myapp/admin/category/list HTTP/1.0" 200 1230
"GET /myapp/admin/user/list HTTP/1.0" 200 708
"GET /myapp/index/common/section HTTP/1.1" 200 4337
"GET /myapp/index/home/section HTTP/1.1" 200 5032
"GET /myapp/index/thing/section?page=1&pageSize=12&categoryId=49&searchQuery= HTTP/1.1" 200 2344
"GET /myapp/index/thing/section?page=1&pageSize=9 HTTP/1.1" 200 3572
"GET /myapp/index/thing/detail?id=42 HTTP/1.1" 200 1248
"GET /myapp/index/home/section HTTP/1.1" 200 5032
"GET /myapp/index/common/section HTTP/1.1" 200 4337
"GET /myapp/index/home/section HTTP/1.1" 200 5032
"GET /myapp/index/common/section HTTP/1.1" 200 4337
"GET /myapp/index/common/section HTTP/1.1" 200 4337
"GET /myapp/index/home/section HTTP/1.1" 200 5032
"GET /myapp/index/home/section HTTP/1.1" 200 5032
"GET /myapp/index/common/section HTTP/1.1" 200 4337
"GET /myapp/index/common/section HTTP/1.1" 200 4337
"GET /myapp/index/contact/section HTTP/1.1" 200 1576
"GET /myapp/index/common/section HTTP/1.1" 200 4337
"GET /myapp/index/contact/section HTTP/1.1" 200 1576
"GET /myapp/index/common/section HTTP/1.1" 200 4337
"GET /myapp/index/home/section HTTP/1.1" 200 5032
"GET /myapp/index/common/section HTTP/1.1" 200 4337
"GET /myapp/index/thing/section?page=1&pageSize=12&categoryId=43&searchQuery= HTTP/1.1" 200 2404
"GET /myapp/index/thing/section?page=1&pageSize=9 HTTP/1.1" 200 3572
"GET /myapp/index/home/section HTTP/1.1" 200 5032
"GET /myapp/index/common/section HTTP/1.1" 200 4337
"GET /myapp/index/common/section HTTP/1.1" 200 4337
"GET /myapp/index/thing/section?page=1&pageSize=12&categoryId=41&searchQuery= HTTP/1.1" 200 2520
"GET /myapp/index/thing/section?page=1&pageSize=9 HTTP/1.1" 200 3572
"GET /myapp/index/common/section HTTP/1.1" 200 4337
"GET /myapp/index/thing/section?page=1&pageSize=12&categoryId=40&searchQuery= HTTP/1.1" 200 2545
"GET /myapp/index/thing/section?page=1&pageSize=9 HTTP/1.1" 200 3572
"GET /myapp/index/home/section HTTP/1.1" 200 5032
"GET /myapp/index/common/section HTTP/1.1" 200 4337
"GET /myapp/index/common/section HTTP/1.1" 200 4337
"GET /myapp/index/thing/detail?id=32 HTTP/1.1" 200 4029
"GET /myapp/index/common/section HTTP/1.1" 200 4337
"GET /myapp/index/thing/detail?id=28 HTTP/1.1" 200 4063
"GET /myapp/index/common/section HTTP/1.1" 200 4337
"GET /myapp/index/thing/section?page=1&pageSize=12&categoryId=49&searchQuery= HTTP/1.1" 200 2344
"GET /myapp/index/thing/section?page=1&pageSize=9 HTTP/1.1" 200 3572
"GET /myapp/index/common/section HTTP/1.1" 200 4337
"GET /myapp/index/thing/section?page=1&pageSize=9 HTTP/1.1" 200 3572
"GET /myapp/index/thing/section?page=1&pageSize=12&categoryId=42&searchQuery= HTTP/1.1" 200 2718
"GET /myapp/index/common/section HTTP/1.1" 200 4337
"GET /myapp/index/thing/section?page=1&pageSize=9 HTTP/1.1" 200 3572
"GET /myapp/index/thing/section?page=1&pageSize=12&categoryId=-1&searchQuery= HTTP/1.1" 200 3988
"GET /myapp/admin/user/list HTTP/1.0" 200 708
"GET /myapp/index/common/section HTTP/1.1" 200 4337
"GET /myapp/index/home/section HTTP/1.1" 200 5032
"GET /myapp/index/common/section HTTP/1.1" 200 4337
"GET /myapp/index/thing/section?page=1&pageSize=12&categoryId=49&searchQuery= HTTP/1.1" 200 2344
"GET /myapp/index/thing/section?page=1&pageSize=9 HTTP/1.1" 200 3572
"GET /myapp/index/home/section HTTP/1.1" 200 5032
"GET /myapp/index/common/section HTTP/1.1" 200 4337
"GET /myapp/admin/thing/list?page=1&pageSize=10&keyword= HTTP/1.0" 200 38764
"GET /myapp/admin/category/list HTTP/1.0" 200 1230
"GET /myapp/admin/category/list HTTP/1.0" 200 1230
"GET /myapp/admin/category/list HTTP/1.0" 200 1230
"POST /myapp/admin/cdn/uploadImg HTTP/1.0" 200 40
"POST /myapp/admin/cdn/uploadImg HTTP/1.0" 200 40
"POST /myapp/admin/cdn/uploadImg HTTP/1.0" 200 40
"GET /myapp/index/common/section HTTP/1.1" 200 4337
"GET /myapp/index/thing/section?page=1&pageSize=12&categoryId=46&searchQuery= HTTP/1.1" 200 2231
"GET /myapp/index/thing/section?page=1&pageSize=9 HTTP/1.1" 200 3572
"POST /myapp/admin/cdn/uploadFile HTTP/1.0" 200 82
"POST /myapp/admin/cdn/uploadFile HTTP/1.0" 200 82
"POST /myapp/admin/cdn/uploadFile HTTP/1.0" 200 82
"POST /myapp/admin/cdn/uploadFile HTTP/1.0" 200 82
"POST /myapp/admin/cdn/uploadFile HTTP/1.0" 200 82
"POST /myapp/admin/cdn/uploadFile HTTP/1.0" 200 82
"POST /myapp/admin/cdn/uploadFile HTTP/1.0" 200 82
"GET /myapp/admin/user/list HTTP/1.0" 200 708
"GET /myapp/admin/thing/list?page=1&pageSize=10&keyword= HTTP/1.0" 200 38764
"GET /myapp/admin/category/list HTTP/1.0" 200 1230
"GET /myapp/admin/category/list HTTP/1.0" 200 1230
"GET /myapp/admin/category/list HTTP/1.0" 200 1230
"POST /myapp/admin/cdn/uploadFile HTTP/1.0" 200 82
"POST /myapp/admin/cdn/uploadImg HTTP/1.0" 200 40
"POST /myapp/admin/cdn/uploadImg HTTP/1.0" 200 40
"POST /myapp/admin/cdn/uploadImg HTTP/1.0" 200 40
"POST /myapp/admin/cdn/uploadFile HTTP/1.0" 200 82
"POST /myapp/admin/cdn/uploadFile HTTP/1.0" 200 82
"POST /myapp/admin/cdn/uploadFile HTTP/1.0" 200 82
"POST /myapp/admin/cdn/uploadFile HTTP/1.0" 200 82
"POST /myapp/admin/cdn/uploadFile HTTP/1.0" 200 82
"GET /myapp/index/common/section HTTP/1.1" 200 4337
"GET /myapp/index/news/detail?id=6 HTTP/1.1" 200 21472
"POST /myapp/admin/thing/create HTTP/1.0" 200 41
"POST /myapp/admin/thing/create HTTP/1.0" 200 41
"GET /myapp/index/common/section HTTP/1.1" 200 4337
"GET /myapp/index/thing/section?page=1&pageSize=12&categoryId=49&searchQuery= HTTP/1.1" 200 2344
"GET /myapp/index/thing/section?page=1&pageSize=9 HTTP/1.1" 200 3572
"POST /myapp/admin/thing/create HTTP/1.0" 200 41
"POST /myapp/admin/thing/create HTTP/1.0" 200 41
"POST /myapp/admin/thing/create HTTP/1.0" 200 41
"POST /myapp/admin/thing/create HTTP/1.0" 200 41
"POST /myapp/admin/thing/create HTTP/1.0" 200 41
"POST /myapp/admin/thing/create HTTP/1.0" 200 41
"GET /myapp/index/common/section HTTP/1.1" 200 4337
"GET /myapp/index/thing/section?page=1&pageSize=12&categoryId=49&searchQuery= HTTP/1.1" 200 2344
"GET /myapp/index/thing/section?page=1&pageSize=9 HTTP/1.1" 200 3572
"POST /myapp/admin/thing/create HTTP/1.0" 200 41
"POST /myapp/admin/thing/create HTTP/1.0" 200 41
"POST /myapp/admin/thing/create HTTP/1.0" 200 41
"POST /myapp/admin/thing/create HTTP/1.0" 200 41
"POST /myapp/admin/thing/create HTTP/1.0" 200 1330
"GET /myapp/admin/thing/list?page=1&pageSize=10&keyword= HTTP/1.0" 200 36418
"GET /myapp/admin/category/list HTTP/1.0" 200 1230
"GET /myapp/index/common/section HTTP/1.1" 200 4337
"GET /myapp/index/thing/section?page=1&pageSize=12&categoryId=49&searchQuery= HTTP/1.1" 200 2500
"GET /myapp/index/thing/section?page=1&pageSize=9 HTTP/1.1" 200 3566
"GET /myapp/admin/category/list HTTP/1.0" 200 1230
"GET /myapp/index/thing/detail?id=43 HTTP/1.1" 200 1663
"GET /myapp/index/common/section HTTP/1.1" 200 4337
"GET /myapp/index/thing/detail?id=43 HTTP/1.1" 200 1663
"POST /myapp/admin/thing/update HTTP/1.0" 200 676
"GET /myapp/admin/thing/list?page=1&pageSize=10&keyword= HTTP/1.0" 200 35757
"GET /myapp/admin/category/list HTTP/1.0" 200 1230
"GET /myapp/index/common/section HTTP/1.1" 200 4337
"GET /myapp/index/thing/section?page=1&pageSize=12&categoryId=7&searchQuery= HTTP/1.1" 200 2745
"GET /myapp/index/thing/section?page=1&pageSize=9 HTTP/1.1" 200 3566
"GET /myapp/index/common/section HTTP/1.1" 200 4337
"GET /myapp/index/thing/detail?id=43 HTTP/1.1" 200 1002
"GET /myapp/index/common/section HTTP/1.1" 200 4337
"GET /myapp/index/thing/detail?id=43 HTTP/1.1" 200 1002
"GET /myapp/admin/category/list HTTP/1.0" 200 1230
"POST /myapp/admin/thing/update HTTP/1.0" 200 926
"GET /myapp/admin/thing/list?page=1&pageSize=10&keyword= HTTP/1.0" 200 36007
"GET /myapp/admin/category/list HTTP/1.0" 200 1230
"GET /myapp/index/common/section HTTP/1.1" 200 4337
"GET /myapp/index/thing/detail?id=43 HTTP/1.1" 200 1252
"GET /myapp/admin/category/list HTTP/1.0" 200 1230
"POST /myapp/admin/cdn/uploadFile HTTP/1.0" 200 82
"GET /myapp/index/common/section HTTP/1.1" 200 4337
"GET /myapp/index/home/section HTTP/1.1" 200 5032
"POST /myapp/admin/cdn/uploadFile HTTP/1.0" 200 82
"POST /myapp/admin/cdn/uploadFile HTTP/1.0" 200 82
"POST /myapp/admin/cdn/uploadFile HTTP/1.0" 200 82
"POST /myapp/admin/cdn/uploadFile HTTP/1.0" 200 82
"POST /myapp/admin/cdn/uploadFile HTTP/1.0" 200 82
"POST /myapp/admin/thing/update HTTP/1.0" 200 41
"POST /myapp/admin/thing/update HTTP/1.0" 200 41
"POST /myapp/admin/thing/update HTTP/1.0" 200 41
"POST /myapp/admin/thing/update HTTP/1.0" 200 41
"POST /myapp/admin/thing/update HTTP/1.0" 200 41
"POST /myapp/admin/thing/update HTTP/1.0" 200 41
"POST /myapp/admin/thing/update HTTP/1.0" 200 1787
"GET /myapp/admin/thing/list?page=1&pageSize=10&keyword= HTTP/1.0" 200 36868
"GET /myapp/admin/category/list HTTP/1.0" 200 1230
"GET /myapp/index/common/section HTTP/1.1" 200 4337
"GET /myapp/index/thing/detail?id=43 HTTP/1.1" 200 2113
"GET /myapp/admin/category/list HTTP/1.0" 200 1230
"POST /myapp/admin/cdn/uploadImg HTTP/1.0" 200 40
"POST /myapp/admin/cdn/uploadImg HTTP/1.0" 200 40
"POST /myapp/admin/cdn/uploadImg HTTP/1.0" 200 40
"POST /myapp/admin/cdn/uploadImg HTTP/1.0" 200 40
"GET /myapp/index/common/section HTTP/1.1" 200 4337
"GET /myapp/index/about/section HTTP/1.1" 200 4216
"GET /myapp/index/common/section HTTP/1.1" 200 4337
"GET /myapp/index/home/section HTTP/1.1" 200 5032
"GET /myapp/index/common/section HTTP/1.1" 200 4337
"GET /myapp/index/thing/detail?id=36 HTTP/1.1" 200 4231
"POST /myapp/admin/cdn/uploadFile HTTP/1.0" 200 82
"POST /myapp/admin/cdn/uploadFile HTTP/1.0" 200 82
"POST /myapp/admin/cdn/uploadFile HTTP/1.0" 200 82
"POST /myapp/admin/cdn/uploadFile HTTP/1.0" 200 82
"POST /myapp/admin/cdn/uploadFile HTTP/1.0" 200 82
"POST /myapp/admin/cdn/uploadFile HTTP/1.0" 200 82
"POST /myapp/admin/cdn/uploadFile HTTP/1.0" 200 82
"POST /myapp/admin/cdn/uploadFile HTTP/1.0" 200 82
"POST /myapp/admin/cdn/uploadFile HTTP/1.0" 200 82
"POST /myapp/admin/cdn/uploadFile HTTP/1.0" 200 82
"GET /myapp/index/common/section HTTP/1.1" 200 4337
"GET /myapp/index/home/section HTTP/1.1" 200 5032
"GET /myapp/index/common/section HTTP/1.1" 200 4337
"GET /myapp/index/thing/section?page=1&pageSize=12&categoryId=8&searchQuery= HTTP/1.1" 200 2544
"GET /myapp/index/thing/section?page=1&pageSize=9 HTTP/1.1" 200 3566
"POST /myapp/admin/thing/create HTTP/1.0" 200 5483
"GET /myapp/admin/thing/list?page=1&pageSize=10&keyword= HTTP/1.0" 200 38665
"GET /myapp/admin/category/list HTTP/1.0" 200 1230
"GET /myapp/index/common/section HTTP/1.1" 200 4337
"GET /myapp/index/thing/detail?id=44 HTTP/1.1" 200 5990
"GET /myapp/admin/category/list HTTP/1.0" 200 1230
"GET /myapp/index/common/section HTTP/1.1" 200 4337
"GET /myapp/index/home/section HTTP/1.1" 200 5032
"POST /myapp/admin/cdn/uploadImg HTTP/1.0" 200 40
"POST /myapp/admin/cdn/uploadImg HTTP/1.0" 200 40
"POST /myapp/admin/cdn/uploadImg HTTP/1.0" 200 40
"POST /myapp/admin/cdn/uploadImg HTTP/1.0" 200 40
"POST /myapp/admin/cdn/uploadFile HTTP/1.0" 200 82
"GET /myapp/admin/user/list HTTP/1.0" 200 708
"GET /myapp/admin/thing/list?page=1&pageSize=10&keyword= HTTP/1.0" 200 38665
"GET /myapp/admin/category/list HTTP/1.0" 200 1230
"GET /myapp/admin/category/list HTTP/1.0" 200 1230
"POST /myapp/admin/cdn/uploadImg HTTP/1.0" 200 40
"POST /myapp/admin/cdn/uploadImg HTTP/1.0" 200 40
"POST /myapp/admin/cdn/uploadImg HTTP/1.0" 200 40
"POST /myapp/admin/cdn/uploadImg HTTP/1.0" 200 40
"POST /myapp/admin/cdn/uploadFile HTTP/1.0" 200 82
"GET /myapp/index/common/section HTTP/1.1" 200 4337
"GET /myapp/index/thing/section?page=1&pageSize=12&categoryId=49&searchQuery= HTTP/1.1" 200 2674
"GET /myapp/index/thing/section?page=1&pageSize=9 HTTP/1.1" 200 3606
"GET /myapp/index/common/section HTTP/1.1" 200 4337
"GET /myapp/index/home/section HTTP/1.1" 200 5032
"POST /myapp/admin/cdn/uploadFile HTTP/1.0" 200 82
"POST /myapp/admin/cdn/uploadFile HTTP/1.0" 200 82
"POST /myapp/admin/cdn/uploadFile HTTP/1.0" 200 82
"POST /myapp/admin/cdn/uploadFile HTTP/1.0" 200 82
"POST /myapp/admin/cdn/uploadFile HTTP/1.0" 200 82
"GET /myapp/index/common/section HTTP/1.1" 200 4337
"GET /myapp/index/thing/section?page=1&pageSize=9 HTTP/1.1" 200 3606
"GET /myapp/index/thing/section?page=1&pageSize=12&searchQuery= HTTP/1.1" 200 4054
"GET /myapp/index/common/section HTTP/1.1" 200 4337
"GET /myapp/index/home/section HTTP/1.1" 200 5032
"POST /myapp/admin/thing/create HTTP/1.0" 200 5500
"GET /myapp/admin/thing/list?page=1&pageSize=10&keyword= HTTP/1.0" 200 39843
"GET /myapp/admin/category/list HTTP/1.0" 200 1230
"GET /myapp/index/common/section HTTP/1.1" 200 4337
"GET /myapp/index/thing/detail?id=45 HTTP/1.1" 200 6181
"GET /myapp/admin/category/list HTTP/1.0" 200 1230
"GET /myapp/index/common/section HTTP/1.1" 200 4337
"GET /myapp/index/home/section HTTP/1.1" 200 5032
"POST /myapp/admin/cdn/uploadImg HTTP/1.0" 200 40
"POST /myapp/admin/cdn/uploadImg HTTP/1.0" 200 40
"POST /myapp/admin/cdn/uploadImg HTTP/1.0" 200 40
"POST /myapp/admin/cdn/uploadFile HTTP/1.0" 200 82
"POST /myapp/admin/cdn/uploadFile HTTP/1.0" 200 82
"POST /myapp/admin/cdn/uploadFile HTTP/1.0" 200 82
"POST /myapp/admin/cdn/uploadFile HTTP/1.0" 200 82
"POST /myapp/admin/cdn/uploadFile HTTP/1.0" 200 82
"GET /myapp/index/common/section HTTP/1.1" 200 4337
"GET /myapp/index/thing/section?page=1&pageSize=12&categoryId=40&searchQuery= HTTP/1.1" 200 2545
"GET /myapp/index/thing/section?page=1&pageSize=9 HTTP/1.1" 200 3648
"POST /myapp/admin/cdn/uploadFile HTTP/1.0" 200 82
"POST /myapp/admin/thing/create HTTP/1.0" 200 5448
"GET /myapp/admin/thing/list?page=1&pageSize=10&keyword= HTTP/1.0" 200 41653
"GET /myapp/admin/category/list HTTP/1.0" 200 1230
"GET /myapp/index/common/section HTTP/1.1" 200 4337
"GET /myapp/index/home/section HTTP/1.1" 200 5032
"GET /myapp/index/home/section HTTP/1.1" 200 5032
"GET /myapp/index/common/section HTTP/1.1" 200 4337
"GET /myapp/index/common/section HTTP/1.1" 200 4337
"GET /myapp/index/thing/section?page=1&pageSize=12&categoryId=49&searchQuery= HTTP/1.1" 200 3004
"GET /myapp/index/thing/section?page=1&pageSize=9 HTTP/1.1" 200 3674
"GET /myapp/admin/category/list HTTP/1.0" 200 1230
"POST /myapp/admin/cdn/uploadImg HTTP/1.0" 200 40
"POST /myapp/admin/cdn/uploadImg HTTP/1.0" 200 40
"POST /myapp/admin/cdn/uploadImg HTTP/1.0" 200 40
"POST /myapp/admin/cdn/uploadImg HTTP/1.0" 200 40
"POST /myapp/admin/cdn/uploadFile HTTP/1.0" 200 82
"GET /myapp/index/home/section HTTP/1.1" 200 5032
"GET /myapp/index/common/section HTTP/1.1" 200 4337
"GET /myapp/index/common/section HTTP/1.1" 200 4337
"GET /myapp/index/thing/section?page=1&pageSize=12&categoryId=48&searchQuery= HTTP/1.1" 200 2231
"GET /myapp/index/thing/section?page=1&pageSize=9 HTTP/1.1" 200 3674
"POST /myapp/admin/cdn/uploadFile HTTP/1.0" 200 82
"POST /myapp/admin/cdn/uploadFile HTTP/1.0" 200 82
"POST /myapp/admin/cdn/uploadFile HTTP/1.0" 200 82
"GET /myapp/index/thing/detail?id=46 HTTP/1.1" 200 6129
"POST /myapp/admin/cdn/uploadFile HTTP/1.0" 200 82
"POST /myapp/admin/cdn/uploadFile HTTP/1.0" 200 82
"POST /myapp/admin/thing/create HTTP/1.0" 200 5558
"GET /myapp/admin/thing/list?page=1&pageSize=10&keyword= HTTP/1.0" 200 43558
"GET /myapp/admin/category/list HTTP/1.0" 200 1230
"GET /myapp/index/common/section HTTP/1.1" 200 4337
"GET /myapp/index/thing/section?page=1&pageSize=12&categoryId=49&searchQuery= HTTP/1.1" 200 3178
"GET /myapp/index/thing/section?page=1&pageSize=9 HTTP/1.1" 200 3699
"GET /myapp/index/home/section HTTP/1.1" 200 5032
"GET /myapp/admin/overview/count?days=7 HTTP/1.0" 200 177
"GET /myapp/admin/overview/dataCount HTTP/1.0" 200 136
"GET /myapp/admin/news/list?page=1&pageSize=10&keyword= HTTP/1.0" 200 62770
"GET /myapp/admin/overview/count?days=7 HTTP/1.0" 200 177
"GET /myapp/admin/overview/dataCount HTTP/1.0" 200 136
"GET /myapp/index/common/section HTTP/1.1" 200 4337
"GET /myapp/index/thing/section?page=1&pageSize=12&categoryId=44&searchQuery= HTTP/1.1" 200 2231
"GET /myapp/index/thing/section?page=1&pageSize=9 HTTP/1.1" 200 3699
"GET /myapp/admin/thing/list?page=1&pageSize=10&keyword= HTTP/1.0" 200 43558
"GET /myapp/admin/category/list HTTP/1.0" 200 1230
"GET /myapp/admin/category/list HTTP/1.0" 200 1230
"GET /myapp/index/thing/section?page=1&pageSize=9 HTTP/1.1" 200 3699
"GET /myapp/index/thing/section?page=1&pageSize=12&searchQuery= HTTP/1.1" 200 4110
"GET /myapp/admin/case/list?page=1&pageSize=10&keyword= HTTP/1.0" 200 23177
"GET /myapp/index/common/section HTTP/1.1" 200 4337
"GET /myapp/index/home/section HTTP/1.1" 200 5032
"GET /myapp/admin/news/list?page=1&pageSize=10&keyword= HTTP/1.0" 200 62770
"GET /myapp/admin/overview/count?days=7 HTTP/1.0" 200 177
"GET /myapp/admin/overview/dataCount HTTP/1.0" 200 136
"GET /myapp/admin/thing/list?page=1&pageSize=10&keyword= HTTP/1.0" 200 43558
"GET /myapp/admin/category/list HTTP/1.0" 200 1230
"GET /myapp/admin/news/list?page=1&pageSize=10&keyword= HTTP/1.0" 200 62770
"GET /myapp/admin/case/list?page=1&pageSize=10&keyword= HTTP/1.0" 200 23177
"GET /myapp/admin/download/list?page=1&pageSize=10&keyword= HTTP/1.0" 200 1273
"GET /myapp/admin/faq/list?page=1&pageSize=10 HTTP/1.0" 200 3627
"GET /myapp/admin/inquiry/list?page=1&pageSize=10 HTTP/1.0" 200 1827
"GET /myapp/admin/basicSite/list HTTP/1.0" 200 428
"GET /myapp/index/thing/section?page=1&pageSize=12&categoryId=49&searchQuery= HTTP/1.1" 200 3178
"GET /myapp/index/thing/section?page=1&pageSize=9 HTTP/1.1" 200 3699
"GET /myapp/index/about/section HTTP/1.1" 200 4216
"GET /myapp/index/contact/section HTTP/1.1" 200 1683
"GET /myapp/index/home/section HTTP/1.1" 200 5032
"POST /myapp/admin/cdn/uploadLogoImg HTTP/1.0" 200 31
"GET /myapp/admin/basicTdk/list HTTP/1.0" 200 2470
"GET /myapp/admin/basicBanner/list HTTP/1.0" 200 272
"GET /myapp/index/home/section HTTP/1.1" 200 5032
"GET /myapp/index/common/section HTTP/1.1" 200 4337
"POST /myapp/admin/cdn/uploadImg HTTP/1.0" 200 40
"POST /myapp/admin/cdn/uploadImg HTTP/1.0" 200 40
"POST /myapp/admin/cdn/uploadImg HTTP/1.0" 200 40
"POST /myapp/admin/basicBanner/update HTTP/1.0" 200 290
"GET /myapp/admin/basicBanner/list HTTP/1.0" 200 290
"GET /myapp/index/common/section HTTP/1.1" 200 4337
"GET /myapp/index/home/section HTTP/1.1" 200 5050
"GET /myapp/admin/basicGlobal/list HTTP/1.0" 200 611
"GET /myapp/admin/basicAdditional/list HTTP/1.0" 200 2510
"GET /myapp/index/home/section HTTP/1.1" 200 5050
"GET /myapp/index/common/section HTTP/1.1" 200 4337
"POST /myapp/admin/basicAdditional/update HTTP/1.0" 200 2473
"GET /myapp/index/common/section HTTP/1.1" 200 4337
"GET /myapp/index/home/section HTTP/1.1" 200 5013
"GET /myapp/admin/basicAdditional/list HTTP/1.0" 200 2473
"GET /myapp/index/common/section HTTP/1.1" 200 4337
"GET /myapp/index/home/section HTTP/1.1" 200 5013
"GET /myapp/index/common/section HTTP/1.1" 200 4337
"GET /myapp/index/thing/section?page=1&pageSize=12&categoryId=41&searchQuery= HTTP/1.1" 200 2520
"GET /myapp/index/thing/section?page=1&pageSize=9 HTTP/1.1" 200 3699
"GET /myapp/index/thing/section?page=1&pageSize=9 HTTP/1.1" 200 3699
"GET /myapp/index/thing/section?page=1&pageSize=12&searchQuery= HTTP/1.1" 200 4110
"GET /myapp/index/thing/detail?id=36 HTTP/1.1" 200 4231
"GET /myapp/index/home/section HTTP/1.1" 200 5013
"GET /myapp/index/home/section HTTP/1.1" 200 5013
"GET /myapp/index/common/section HTTP/1.1" 200 4337
"GET /myapp/index/thing/section?page=1&pageSize=9 HTTP/1.1" 200 3699
"GET /myapp/index/thing/section?page=1&pageSize=12&searchQuery= HTTP/1.1" 200 4110
"GET /myapp/index/common/section HTTP/1.1" 200 4337
"GET /myapp/index/thing/detail?id=44 HTTP/1.1" 200 6164
"GET /myapp/index/thing/section?page=1&pageSize=12&categoryId=49&searchQuery= HTTP/1.1" 200 3178
"GET /myapp/index/thing/section?page=1&pageSize=9 HTTP/1.1" 200 3699
"GET /myapp/index/thing/section?page=1&pageSize=9 HTTP/1.1" 200 3699
"GET /myapp/index/thing/section?page=1&pageSize=12&categoryId=-1&searchQuery= HTTP/1.1" 200 4110
"GET /myapp/index/home/section HTTP/1.1" 200 5013
"GET /myapp/index/about/section HTTP/1.1" 200 4216
"GET /myapp/index/home/section HTTP/1.1" 200 5013
"GET /myapp/index/common/section HTTP/1.1" 200 4337
"GET /myapp/index/home/section HTTP/1.1" 200 5013
"GET /myapp/index/common/section HTTP/1.1" 200 4337
"GET /myapp/index/common/section HTTP/1.1" 200 4337
"GET /myapp/index/thing/section?page=1&pageSize=9 HTTP/1.1" 200 3699
"GET /myapp/index/thing/section?page=1&pageSize=12&searchQuery= HTTP/1.1" 200 4110
"GET /myapp/index/common/section HTTP/1.1" 200 4337
"GET /myapp/index/thing/section?page=1&pageSize=9 HTTP/1.1" 200 3699
"GET /myapp/index/thing/section?page=1&pageSize=12&searchQuery= HTTP/1.1" 200 4110
"GET /myapp/index/about/section HTTP/1.1" 200 4216
"GET /myapp/index/home/section HTTP/1.1" 200 5013
"GET /myapp/index/thing/section?page=1&pageSize=9 HTTP/1.1" 200 3699
"GET /myapp/index/thing/section?page=1&pageSize=12&searchQuery= HTTP/1.1" 200 4110
"GET /myapp/index/home/section HTTP/1.1" 200 5013
"GET /myapp/index/about/section HTTP/1.1" 200 4216
"GET /myapp/index/contact/section HTTP/1.1" 200 1683
"GET /myapp/index/home/section HTTP/1.1" 200 5013
"GET /myapp/index/common/section HTTP/1.1" 200 4337
"GET /myapp/index/thing/detail?id=39 HTTP/1.1" 200 5504
"GET /myapp/index/common/section HTTP/1.1" 200 4337
"GET /myapp/index/thing/section?page=1&pageSize=12&categoryId=42&searchQuery= HTTP/1.1" 200 2718
"GET /myapp/index/thing/section?page=1&pageSize=9 HTTP/1.1" 200 3699
"GET /myapp/index/home/section HTTP/1.1" 200 5013
"GET /myapp/index/common/section HTTP/1.1" 200 4337
"GET /myapp/index/home/section HTTP/1.1" 200 5013
"GET /myapp/index/common/section HTTP/1.1" 200 4337
"GET /myapp/index/home/section HTTP/1.1" 200 5013
"GET /myapp/index/common/section HTTP/1.1" 200 4337
"GET /myapp/index/common/section HTTP/1.1" 200 4337
"GET /myapp/index/thing/section?page=1&pageSize=9 HTTP/1.1" 200 3699
"GET /myapp/index/thing/section?page=1&pageSize=12&categoryId=-1&searchQuery= HTTP/1.1" 200 4110
"GET /myapp/index/common/section HTTP/1.1" 200 4337
"GET /myapp/index/home/section HTTP/1.1" 200 5013
"GET /myapp/index/common/section HTTP/1.1" 200 4337
"GET /myapp/index/thing/section?page=1&pageSize=12&categoryId=43&searchQuery= HTTP/1.1" 200 2404
"GET /myapp/index/thing/section?page=1&pageSize=9 HTTP/1.1" 200 3699
"GET /myapp/index/common/section HTTP/1.1" 200 4337
"GET /myapp/index/thing/section?page=1&pageSize=12&categoryId=45&searchQuery= HTTP/1.1" 200 2395
"GET /myapp/index/thing/section?page=1&pageSize=9 HTTP/1.1" 200 3699
"GET /myapp/index/common/section HTTP/1.1" 200 4337
"GET /myapp/index/home/section HTTP/1.1" 200 5013
"GET /myapp/index/common/section HTTP/1.1" 200 4337
"GET /myapp/index/home/section HTTP/1.1" 200 5013
"GET /myapp/index/home/section HTTP/1.1" 200 5013
"GET /myapp/index/common/section HTTP/1.1" 200 4337
"GET /myapp/index/common/section HTTP/1.1" 200 4337
"GET /myapp/index/home/section HTTP/1.1" 200 5013
"GET /myapp/index/common/section HTTP/1.1" 200 4337
"GET /myapp/index/home/section HTTP/1.1" 200 5013
"GET /myapp/index/common/section HTTP/1.1" 200 4337
"GET /myapp/index/home/section HTTP/1.1" 200 5013
"GET /myapp/admin/thing/list?page=1&pageSize=10&keyword= HTTP/1.0" 200 43558
Forbidden: /myapp/admin/category/list
"GET /myapp/admin/category/list HTTP/1.0" 403 30
"GET /myapp/admin/basicGlobal/listInfo HTTP/1.0" 200 611
"POST /myapp/admin/adminLogin HTTP/1.0" 200 328
"GET /myapp/admin/overview/dataCount HTTP/1.0" 200 135
"GET /myapp/admin/overview/count?days=7 HTTP/1.0" 200 213
"GET /myapp/admin/thing/list?page=1&pageSize=10&keyword= HTTP/1.0" 200 43558
"GET /myapp/admin/category/list HTTP/1.0" 200 1230
"GET /myapp/admin/category/list HTTP/1.0" 200 1230
"POST /myapp/admin/cdn/uploadImg HTTP/1.0" 200 40
"POST /myapp/admin/cdn/uploadImg HTTP/1.0" 200 40
"POST /myapp/admin/cdn/uploadImg HTTP/1.0" 200 40
"POST /myapp/admin/cdn/uploadImg HTTP/1.0" 200 40
"GET /myapp/index/common/section HTTP/1.1" 200 4337
"GET /myapp/index/home/section HTTP/1.1" 200 5013
"GET /myapp/index/common/section HTTP/1.1" 200 4337
"GET /myapp/index/home/section HTTP/1.1" 200 5013
"GET /myapp/index/home/section HTTP/1.1" 200 5013
"GET /myapp/index/common/section HTTP/1.1" 200 4337
"POST /myapp/admin/cdn/uploadFile HTTP/1.0" 200 82
"GET /myapp/index/home/section HTTP/1.1" 200 5013
"GET /myapp/index/common/section HTTP/1.1" 200 4337
"GET /myapp/index/common/section HTTP/1.1" 200 4337
"GET /myapp/index/home/section HTTP/1.1" 200 5013
"GET /myapp/index/common/section HTTP/1.1" 200 4337
"GET /myapp/index/home/section HTTP/1.1" 200 5013
"POST /myapp/admin/cdn/uploadFile HTTP/1.0" 200 82
"POST /myapp/admin/cdn/uploadFile HTTP/1.0" 200 82
"POST /myapp/admin/cdn/uploadFile HTTP/1.0" 200 82
"POST /myapp/admin/cdn/uploadFile HTTP/1.0" 200 82
"POST /myapp/admin/cdn/uploadFile HTTP/1.0" 200 82
"POST /myapp/admin/thing/create HTTP/1.0" 200 5506
"GET /myapp/admin/thing/list?page=1&pageSize=10&keyword= HTTP/1.0" 200 43863
"GET /myapp/admin/category/list HTTP/1.0" 200 1230
"GET /myapp/admin/category/list HTTP/1.0" 200 1230
"POST /myapp/admin/cdn/uploadImg HTTP/1.0" 200 40
"POST /myapp/admin/cdn/uploadImg HTTP/1.0" 200 40
"POST /myapp/admin/cdn/uploadImg HTTP/1.0" 200 40
"POST /myapp/admin/cdn/uploadImg HTTP/1.0" 200 40
"POST /myapp/admin/cdn/uploadFile HTTP/1.0" 200 82
"POST /myapp/admin/cdn/uploadFile HTTP/1.0" 200 82
"POST /myapp/admin/cdn/uploadFile HTTP/1.0" 200 82
"POST /myapp/admin/cdn/uploadFile HTTP/1.0" 200 82
"POST /myapp/admin/cdn/uploadFile HTTP/1.0" 200 82
"POST /myapp/admin/cdn/uploadFile HTTP/1.0" 200 82
"POST /myapp/admin/thing/create HTTP/1.0" 200 5515
"GET /myapp/admin/thing/list?page=1&pageSize=10&keyword= HTTP/1.0" 200 44159
"GET /myapp/admin/category/list HTTP/1.0" 200 1230
"GET /myapp/admin/category/list HTTP/1.0" 200 1230
"POST /myapp/admin/cdn/uploadImg HTTP/1.0" 200 40
"POST /myapp/admin/cdn/uploadImg HTTP/1.0" 200 40
"POST /myapp/admin/cdn/uploadImg HTTP/1.0" 200 40
"POST /myapp/admin/cdn/uploadImg HTTP/1.0" 200 40
"POST /myapp/admin/cdn/uploadFile HTTP/1.0" 200 82
"GET /myapp/index/common/section HTTP/1.1" 200 4337
"GET /myapp/index/home/section HTTP/1.1" 200 5013
"GET /myapp/index/home/section HTTP/1.1" 200 5013
"GET /myapp/index/common/section HTTP/1.1" 200 4337
"POST /myapp/admin/cdn/uploadFile HTTP/1.0" 200 82
"POST /myapp/admin/cdn/uploadFile HTTP/1.0" 200 82
"POST /myapp/admin/cdn/uploadFile HTTP/1.0" 200 82
"POST /myapp/admin/cdn/uploadFile HTTP/1.0" 200 82
"POST /myapp/admin/cdn/uploadFile HTTP/1.0" 200 82
"POST /myapp/admin/thing/create HTTP/1.0" 200 5468
"GET /myapp/admin/thing/list?page=1&pageSize=10&keyword= HTTP/1.0" 200 44351
"GET /myapp/admin/category/list HTTP/1.0" 200 1230
"GET /myapp/admin/category/list HTTP/1.0" 200 1230
"POST /myapp/admin/cdn/uploadImg HTTP/1.0" 200 40
"POST /myapp/admin/cdn/uploadImg HTTP/1.0" 200 40
"POST /myapp/admin/cdn/uploadImg HTTP/1.0" 200 40
"POST /myapp/admin/cdn/uploadImg HTTP/1.0" 200 40
"POST /myapp/admin/cdn/uploadFile HTTP/1.0" 200 82
"POST /myapp/admin/cdn/uploadFile HTTP/1.0" 200 82
"POST /myapp/admin/cdn/uploadFile HTTP/1.0" 200 82
"POST /myapp/admin/cdn/uploadFile HTTP/1.0" 200 82
"POST /myapp/admin/cdn/uploadFile HTTP/1.0" 200 82
"POST /myapp/admin/cdn/uploadFile HTTP/1.0" 200 82
"POST /myapp/admin/thing/create HTTP/1.0" 200 5477
"GET /myapp/admin/thing/list?page=1&pageSize=10&keyword= HTTP/1.0" 200 46377
"GET /myapp/admin/category/list HTTP/1.0" 200 1230
"GET /myapp/admin/category/list HTTP/1.0" 200 1230
"POST /myapp/admin/cdn/uploadImg HTTP/1.0" 200 40
"POST /myapp/admin/cdn/uploadImg HTTP/1.0" 200 40
"POST /myapp/admin/cdn/uploadImg HTTP/1.0" 200 40
"POST /myapp/admin/cdn/uploadImg HTTP/1.0" 200 40
"POST /myapp/admin/cdn/uploadFile HTTP/1.0" 200 82
"POST /myapp/admin/cdn/uploadFile HTTP/1.0" 200 82
"POST /myapp/admin/cdn/uploadFile HTTP/1.0" 200 82
"POST /myapp/admin/cdn/uploadFile HTTP/1.0" 200 82
"POST /myapp/admin/cdn/uploadFile HTTP/1.0" 200 82
"POST /myapp/admin/cdn/uploadFile HTTP/1.0" 200 82
"POST /myapp/admin/thing/create HTTP/1.0" 200 5439
"GET /myapp/admin/thing/list?page=1&pageSize=10&keyword= HTTP/1.0" 200 50745
"GET /myapp/admin/category/list HTTP/1.0" 200 1230
"GET /myapp/admin/category/list HTTP/1.0" 200 1230
"POST /myapp/admin/thing/update HTTP/1.0" 200 5981
"GET /myapp/admin/thing/list?page=1&pageSize=10&keyword= HTTP/1.0" 200 54939
"GET /myapp/admin/category/list HTTP/1.0" 200 1230
"GET /myapp/admin/category/list HTTP/1.0" 200 1230
"POST /myapp/admin/thing/update HTTP/1.0" 200 5449
"GET /myapp/admin/thing/list?page=1&pageSize=10&keyword= HTTP/1.0" 200 54898
"GET /myapp/admin/category/list HTTP/1.0" 200 1230
"GET /myapp/admin/category/list HTTP/1.0" 200 1230
"POST /myapp/admin/thing/update HTTP/1.0" 200 5485
"GET /myapp/admin/thing/list?page=1&pageSize=10&keyword= HTTP/1.0" 200 54876
"GET /myapp/admin/category/list HTTP/1.0" 200 1230
"GET /myapp/index/common/section HTTP/1.1" 200 4337
"GET /myapp/index/thing/detail?id=45 HTTP/1.1" 200 6159
"GET /myapp/index/common/section HTTP/1.1" 200 4337
"GET /myapp/index/home/section HTTP/1.1" 200 5013
"GET /myapp/index/thing/section?page=1&pageSize=9 HTTP/1.1" 200 3779
"GET /myapp/index/thing/section?page=1&pageSize=12&searchQuery= HTTP/1.1" 200 4230
"GET /myapp/admin/category/list HTTP/1.0" 200 1230
"GET /myapp/admin/news/list?page=1&pageSize=10&keyword= HTTP/1.0" 200 62770
"GET /myapp/admin/download/list?page=1&pageSize=10&keyword= HTTP/1.0" 200 1273
"POST /myapp/admin/cdn/uploadNormalFile HTTP/1.0" 200 41
"POST /myapp/admin/download/create HTTP/1.0" 200 193
"GET /myapp/admin/download/list?page=1&pageSize=10&keyword= HTTP/1.0" 200 1418
"POST /myapp/admin/cdn/uploadNormalFile HTTP/1.0" 200 41
"POST /myapp/admin/download/create HTTP/1.0" 200 194
"GET /myapp/admin/download/list?page=1&pageSize=10&keyword= HTTP/1.0" 200 1564
"POST /myapp/admin/cdn/uploadNormalFile HTTP/1.0" 200 41
"POST /myapp/admin/download/create HTTP/1.0" 200 194
"GET /myapp/admin/download/list?page=1&pageSize=10&keyword= HTTP/1.0" 200 1710
"POST /myapp/admin/cdn/uploadNormalFile HTTP/1.0" 200 41
"POST /myapp/admin/download/create HTTP/1.0" 200 194
"GET /myapp/admin/download/list?page=1&pageSize=10&keyword= HTTP/1.0" 200 1856
"POST /myapp/admin/cdn/uploadNormalFile HTTP/1.0" 200 41
"POST /myapp/admin/download/create HTTP/1.0" 200 194
"GET /myapp/admin/download/list?page=1&pageSize=10&keyword= HTTP/1.0" 200 2003
"POST /myapp/admin/cdn/uploadNormalFile HTTP/1.0" 200 41
"POST /myapp/admin/download/create HTTP/1.0" 200 194
"GET /myapp/admin/download/list?page=1&pageSize=10&keyword= HTTP/1.0" 200 1921
"POST /myapp/admin/cdn/uploadNormalFile HTTP/1.0" 200 41
"POST /myapp/admin/download/create HTTP/1.0" 200 194
"GET /myapp/admin/download/list?page=1&pageSize=10&keyword= HTTP/1.0" 200 1829
"POST /myapp/admin/cdn/uploadNormalFile HTTP/1.0" 200 41
"POST /myapp/admin/download/create HTTP/1.0" 200 194
"GET /myapp/admin/download/list?page=1&pageSize=10&keyword= HTTP/1.0" 200 1739
"POST /myapp/admin/cdn/uploadNormalFile HTTP/1.0" 200 41
"POST /myapp/admin/download/create HTTP/1.0" 200 194
"GET /myapp/admin/download/list?page=1&pageSize=10&keyword= HTTP/1.0" 200 1648
"POST /myapp/admin/cdn/uploadNormalFile HTTP/1.0" 200 41
"POST /myapp/admin/download/create HTTP/1.0" 200 194
"GET /myapp/admin/download/list?page=1&pageSize=10&keyword= HTTP/1.0" 200 1510
"GET /myapp/admin/download/list?page=2&pageSize=10&keyword= HTTP/1.0" 200 1274
"GET /myapp/admin/faq/list?page=1&pageSize=10 HTTP/1.0" 200 3627
"GET /myapp/admin/inquiry/list?page=1&pageSize=10 HTTP/1.0" 200 1827
"GET /myapp/admin/basicSite/list HTTP/1.0" 200 428
"GET /myapp/admin/basicTdk/list HTTP/1.0" 200 2470
"GET /myapp/admin/basicBanner/list HTTP/1.0" 200 290
"GET /myapp/index/home/section HTTP/1.1" 200 5013
"GET /myapp/index/thing/section?page=1&pageSize=9 HTTP/1.1" 200 3779
"GET /myapp/index/thing/section?page=1&pageSize=12&searchQuery= HTTP/1.1" 200 4230
"GET /myapp/index/about/section HTTP/1.1" 200 4216
"GET /myapp/index/contact/section HTTP/1.1" 200 1701
"GET /myapp/index/home/section HTTP/1.1" 200 5013
"GET /myapp/index/common/section HTTP/1.1" 200 4337
"GET /myapp/admin/thing/list?page=1&pageSize=10&keyword= HTTP/1.0" 200 54876
"GET /myapp/admin/category/list HTTP/1.0" 200 1230
"GET /myapp/admin/category/list HTTP/1.0" 200 1230
"GET /myapp/index/home/section HTTP/1.1" 200 5013
"GET /myapp/index/common/section HTTP/1.1" 200 4337
"GET /myapp/admin/news/list?page=1&pageSize=10&keyword= HTTP/1.0" 200 62770
"GET /myapp/admin/download/list?page=1&pageSize=10&keyword= HTTP/1.0" 200 1510
"POST /myapp/admin/cdn/uploadNormalFile HTTP/1.0" 200 40
"POST /myapp/admin/download/create HTTP/1.0" 200 213
"GET /myapp/admin/download/list?page=1&pageSize=10&keyword= HTTP/1.0" 200 1530
"POST /myapp/admin/cdn/uploadNormalFile HTTP/1.0" 200 40
"POST /myapp/admin/download/create HTTP/1.0" 200 194
"GET /myapp/admin/download/list?page=1&pageSize=10&keyword= HTTP/1.0" 200 1530
"GET /myapp/admin/faq/list?page=1&pageSize=10 HTTP/1.0" 200 3627
"GET /myapp/admin/inquiry/list?page=1&pageSize=10 HTTP/1.0" 200 1827
"GET /myapp/admin/basicSite/list HTTP/1.0" 200 428
"GET /myapp/admin/basicBanner/list HTTP/1.0" 200 290
"GET /myapp/admin/basicTdk/list HTTP/1.0" 200 2470
"GET /myapp/admin/basicGlobal/list HTTP/1.0" 200 611
"GET /myapp/admin/basicAdditional/list HTTP/1.0" 200 2473
"GET /myapp/admin/advantage/list?page=1&pageSize=10 HTTP/1.0" 200 1546
"GET /myapp/admin/comment/list?page=1&pageSize=10 HTTP/1.0" 200 927
"GET /myapp/admin/opLog/list?page=1&pageSize=10&keyword= HTTP/1.0" 200 1660
"GET /myapp/index/common/section HTTP/1.1" 200 4337
"GET /myapp/index/home/section HTTP/1.1" 200 5013
"GET /myapp/admin/thing/list?page=1&pageSize=10&keyword= HTTP/1.0" 200 54876
"GET /myapp/admin/category/list HTTP/1.0" 200 1230
"GET /myapp/admin/thing/list?page=2&pageSize=10&keyword= HTTP/1.0" 200 38764
"GET /myapp/index/common/section HTTP/1.1" 200 4337
"GET /myapp/index/thing/detail?id=33 HTTP/1.1" 200 4063
"GET /myapp/admin/category/list HTTP/1.0" 200 1230
"GET /myapp/admin/news/list?page=1&pageSize=10&keyword= HTTP/1.0" 200 62770
"GET /myapp/admin/case/list?page=1&pageSize=10&keyword= HTTP/1.0" 200 23177
"GET /myapp/admin/download/list?page=1&pageSize=10&keyword= HTTP/1.0" 200 1530
"GET /myapp/index/home/section HTTP/1.1" 200 5013
"GET /myapp/index/common/section HTTP/1.1" 200 4337
"GET /myapp/index/thing/section?page=1&pageSize=9 HTTP/1.1" 200 3779
"GET /myapp/index/thing/section?page=1&pageSize=12&categoryId=49&searchQuery= HTTP/1.1" 200 4049
"GET /myapp/index/thing/detail?id=47 HTTP/1.1" 200 6239
"GET /myapp/index/common/section HTTP/1.1" 200 4337
"GET /myapp/index/news/detail?id=6 HTTP/1.1" 200 29804
"GET /myapp/index/common/section HTTP/1.1" 200 4337
"GET /myapp/index/about/section HTTP/1.1" 200 4216
"GET /myapp/index/common/section HTTP/1.1" 200 4337
"GET /myapp/index/thing/detail?id=37 HTTP/1.1" 200 5413
"GET /myapp/index/contact/section HTTP/1.1" 200 1701
"GET /myapp/index/thing/section?page=1&pageSize=9 HTTP/1.1" 200 3779
"GET /myapp/index/thing/section?page=1&pageSize=12&searchQuery= HTTP/1.1" 200 4230
"GET /myapp/index/common/section HTTP/1.1" 200 4337
"GET /myapp/index/thing/detail?id=36 HTTP/1.1" 200 4231
"GET /myapp/admin/thing/list?page=1&pageSize=10&keyword= HTTP/1.0" 200 54876
"GET /myapp/admin/category/list HTTP/1.0" 200 1230
"GET /myapp/admin/overview/dataCount HTTP/1.0" 200 136
"GET /myapp/admin/overview/count?days=7 HTTP/1.0" 200 215
"GET /myapp/index/home/section HTTP/1.1" 200 5013
"GET /myapp/index/thing/section?page=1&pageSize=9 HTTP/1.1" 200 3779
"GET /myapp/index/thing/section?page=1&pageSize=12&searchQuery= HTTP/1.1" 200 4230
"GET /myapp/admin/thing/list?page=1&pageSize=10&keyword= HTTP/1.0" 200 54876
"GET /myapp/admin/category/list HTTP/1.0" 200 1230
"GET /myapp/admin/category/list HTTP/1.0" 200 1230
"POST /myapp/admin/category/delete HTTP/1.0" 200 41
"GET /myapp/admin/category/list HTTP/1.0" 200 854
"POST /myapp/admin/category/delete HTTP/1.0" 200 41
"GET /myapp/admin/category/list HTTP/1.0" 200 749
"POST /myapp/admin/category/delete HTTP/1.0" 200 41
"GET /myapp/admin/category/list HTTP/1.0" 200 651
"POST /myapp/admin/category/delete HTTP/1.0" 200 41
"GET /myapp/admin/category/list HTTP/1.0" 200 535
"POST /myapp/admin/category/delete HTTP/1.0" 200 41
"GET /myapp/admin/category/list HTTP/1.0" 200 430
"POST /myapp/admin/category/delete HTTP/1.0" 200 41
"GET /myapp/admin/category/list HTTP/1.0" 200 331
"POST /myapp/admin/category/delete HTTP/1.0" 200 41
"GET /myapp/admin/category/list HTTP/1.0" 200 230
"POST /myapp/admin/category/delete HTTP/1.0" 200 41
"GET /myapp/admin/category/list HTTP/1.0" 200 139
"GET /myapp/admin/category/list HTTP/1.0" 200 139
"GET /myapp/admin/category/list HTTP/1.0" 200 139
"GET /myapp/admin/thing/list?page=1&pageSize=10&keyword= HTTP/1.0" 200 54876
"GET /myapp/admin/category/list HTTP/1.0" 200 139
"GET /myapp/index/common/section HTTP/1.1" 200 2612
"GET /myapp/index/home/section HTTP/1.1" 200 3980
"GET /myapp/admin/thing/list?page=3&pageSize=10&keyword= HTTP/1.0" 200 15858
"POST /myapp/admin/thing/delete HTTP/1.0" 200 41
"GET /myapp/admin/thing/list?page=3&pageSize=10&keyword= HTTP/1.0" 200 10760
"POST /myapp/admin/thing/delete HTTP/1.0" 200 41
"GET /myapp/admin/thing/list?page=3&pageSize=10&keyword= HTTP/1.0" 200 7173
"POST /myapp/admin/thing/delete HTTP/1.0" 200 41
"GET /myapp/admin/thing/list?page=3&pageSize=10&keyword= HTTP/1.0" 200 3609
"POST /myapp/admin/thing/delete HTTP/1.0" 200 41
"GET /myapp/admin/thing/list?page=2&pageSize=10&keyword= HTTP/1.0" 200 38460
"POST /myapp/admin/thing/delete HTTP/1.0" 200 41
"GET /myapp/admin/thing/list?page=2&pageSize=10&keyword= HTTP/1.0" 200 34872
"POST /myapp/admin/thing/delete HTTP/1.0" 200 41
"GET /myapp/admin/thing/list?page=2&pageSize=10&keyword= HTTP/1.0" 200 31285
"POST /myapp/admin/thing/delete HTTP/1.0" 200 41
"GET /myapp/admin/thing/list?page=2&pageSize=10&keyword= HTTP/1.0" 200 27044
"POST /myapp/admin/thing/delete HTTP/1.0" 200 41
"GET /myapp/admin/thing/list?page=2&pageSize=10&keyword= HTTP/1.0" 200 23480
"POST /myapp/admin/thing/delete HTTP/1.0" 200 41
"GET /myapp/admin/thing/list?page=2&pageSize=10&keyword= HTTP/1.0" 200 19901
"POST /myapp/admin/thing/delete HTTP/1.0" 200 41
"GET /myapp/admin/thing/list?page=2&pageSize=10&keyword= HTTP/1.0" 200 14795
"POST /myapp/admin/thing/delete HTTP/1.0" 200 41
"GET /myapp/admin/thing/list?page=2&pageSize=10&keyword= HTTP/1.0" 200 9645
"POST /myapp/admin/thing/delete HTTP/1.0" 200 41
"GET /myapp/admin/thing/list?page=2&pageSize=10&keyword= HTTP/1.0" 200 4444
"POST /myapp/admin/thing/delete HTTP/1.0" 200 41
"GET /myapp/admin/thing/list?page=2&pageSize=10&keyword= HTTP/1.0" 200 1074
"POST /myapp/admin/thing/delete HTTP/1.0" 200 41
"GET /myapp/admin/thing/list?page=1&pageSize=10&keyword= HTTP/1.0" 200 54876
"GET /myapp/admin/category/list HTTP/1.0" 200 139
"GET /myapp/admin/category/list HTTP/1.0" 200 139
"GET /myapp/index/common/section HTTP/1.1" 200 2612
"GET /myapp/index/thing/detail?id=45 HTTP/1.1" 200 6201
"GET /myapp/index/common/section HTTP/1.1" 200 2612
"GET /myapp/index/thing/detail?id=44 HTTP/1.1" 200 6165
"GET /myapp/admin/category/list HTTP/1.0" 200 139
"POST /myapp/admin/thing/update HTTP/1.0" 200 5977
"GET /myapp/admin/thing/list?page=1&pageSize=10&keyword= HTTP/1.0" 200 54872
"GET /myapp/admin/category/list HTTP/1.0" 200 139
"GET /myapp/index/common/section HTTP/1.1" 200 2612
"GET /myapp/index/home/section HTTP/1.1" 200 3288
"GET /myapp/admin/category/list HTTP/1.0" 200 139
"POST /myapp/admin/thing/update HTTP/1.0" 200 5977
"GET /myapp/admin/thing/list?page=1&pageSize=10&keyword= HTTP/1.0" 200 54872
"GET /myapp/admin/category/list HTTP/1.0" 200 139
"GET /myapp/index/common/section HTTP/1.1" 200 2612
"GET /myapp/index/home/section HTTP/1.1" 200 3288
"GET /myapp/index/thing/detail?id=43 HTTP/1.1" 200 6693
"GET /myapp/admin/category/list HTTP/1.0" 200 139
"GET /myapp/admin/category/list HTTP/1.0" 200 139
"GET /myapp/index/common/section HTTP/1.1" 200 2612
"GET /myapp/index/thing/detail?id=44 HTTP/1.1" 200 6165
"GET /myapp/admin/category/list HTTP/1.0" 200 139
"POST /myapp/admin/thing/update HTTP/1.0" 200 5457
"GET /myapp/admin/thing/list?page=1&pageSize=10&keyword= HTTP/1.0" 200 54880
"GET /myapp/admin/category/list HTTP/1.0" 200 139
"GET /myapp/index/thing/section?page=1&pageSize=9 HTTP/1.1" 200 2440
"GET /myapp/index/thing/section?page=1&pageSize=12&searchQuery= HTTP/1.1" 200 2596
"GET /myapp/index/home/section HTTP/1.1" 200 3462
"GET /myapp/index/common/section HTTP/1.1" 200 2612
"GET /myapp/index/thing/detail?id=45 HTTP/1.1" 200 6201
"GET /myapp/admin/category/list HTTP/1.0" 200 139
"POST /myapp/admin/thing/update HTTP/1.0" 200 5493
"GET /myapp/admin/thing/list?page=1&pageSize=10&keyword= HTTP/1.0" 200 54888
"GET /myapp/admin/category/list HTTP/1.0" 200 139
"GET /myapp/index/common/section HTTP/1.1" 200 2612
"GET /myapp/index/thing/detail?id=46 HTTP/1.1" 200 6171
"GET /myapp/admin/category/list HTTP/1.0" 200 139
"GET /myapp/index/common/section HTTP/1.1" 200 2612
"GET /myapp/index/news/detail?id=7 HTTP/1.1" 200 29083
"GET /myapp/index/thing/section?page=1&pageSize=9 HTTP/1.1" 200 2614
"GET /myapp/index/thing/section?page=1&pageSize=12&searchQuery= HTTP/1.1" 200 2770
"GET /myapp/index/home/section HTTP/1.1" 200 3636
"POST /myapp/admin/thing/update HTTP/1.0" 200 5463
"GET /myapp/admin/thing/list?page=1&pageSize=10&keyword= HTTP/1.0" 200 54896
"GET /myapp/admin/category/list HTTP/1.0" 200 139
"GET /myapp/index/common/section HTTP/1.1" 200 2612
"GET /myapp/index/home/section HTTP/1.1" 200 3792
"GET /myapp/index/common/section HTTP/1.1" 200 2612
"GET /myapp/index/thing/detail?id=47 HTTP/1.1" 200 6281
"GET /myapp/admin/category/list HTTP/1.0" 200 139
"POST /myapp/admin/thing/update HTTP/1.0" 200 5573
"GET /myapp/admin/thing/list?page=1&pageSize=10&keyword= HTTP/1.0" 200 54904
"GET /myapp/admin/category/list HTTP/1.0" 200 139
"GET /myapp/index/common/section HTTP/1.1" 200 2612
"GET /myapp/index/thing/detail?id=47 HTTP/1.1" 200 6289
"GET /myapp/index/thing/section?page=1&pageSize=9 HTTP/1.1" 200 2788
"GET /myapp/index/thing/section?page=1&pageSize=12&searchQuery= HTTP/1.1" 200 2944
"GET /myapp/index/home/section HTTP/1.1" 200 3966
"GET /myapp/admin/category/list HTTP/1.0" 200 139
"GET /myapp/admin/category/list HTTP/1.0" 200 139
"GET /myapp/admin/category/list HTTP/1.0" 200 139
"GET /myapp/admin/category/list HTTP/1.0" 200 139
"GET /myapp/admin/category/list HTTP/1.0" 200 139
"POST /myapp/admin/thing/update HTTP/1.0" 200 5565
"GET /myapp/admin/thing/list?page=1&pageSize=10&keyword= HTTP/1.0" 200 54896
"GET /myapp/admin/category/list HTTP/1.0" 200 139
"GET /myapp/index/common/section HTTP/1.1" 200 2612
"GET /myapp/index/home/section HTTP/1.1" 200 3792
"GET /myapp/index/thing/section?page=1&pageSize=9 HTTP/1.1" 200 2770
"GET /myapp/index/thing/section?page=1&pageSize=12&searchQuery= HTTP/1.1" 200 2926
"GET /myapp/index/common/section HTTP/1.1" 200 2612
"GET /myapp/index/thing/section?page=1&pageSize=12&categoryId=7&searchQuery= HTTP/1.1" 200 1222
"GET /myapp/index/thing/section?page=1&pageSize=9 HTTP/1.1" 200 2770
"GET /myapp/index/thing/section?page=1&pageSize=9 HTTP/1.1" 200 2770
"GET /myapp/index/common/section HTTP/1.1" 200 2612
"GET /myapp/index/thing/detail?id=48 HTTP/1.1" 200 6229
"GET /myapp/index/common/section HTTP/1.1" 200 2612
"GET /myapp/index/thing/detail?id=35 HTTP/1.1" 200 44
"GET /myapp/index/thing/detail?id=35 HTTP/1.1" 200 44
"GET /myapp/index/common/section HTTP/1.1" 200 2612
"GET /myapp/index/home/section HTTP/1.1" 200 3792
"GET /myapp/index/common/section HTTP/1.1" 200 2612
"GET /myapp/index/home/section HTTP/1.1" 200 3792
"GET /myapp/index/common/section HTTP/1.1" 200 2612
"GET /myapp/index/home/section HTTP/1.1" 200 3792
"GET /myapp/index/home/section HTTP/1.1" 200 3792
"GET /myapp/index/common/section HTTP/1.1" 200 2612
"GET /myapp/index/common/section HTTP/1.1" 200 2612
"GET /myapp/index/home/section HTTP/1.1" 200 3792
"GET /myapp/index/common/section HTTP/1.1" 200 2612
"GET /myapp/index/thing/detail?id=46 HTTP/1.1" 200 6179
"GET /myapp/index/common/section HTTP/1.1" 200 2612
"GET /myapp/index/home/section HTTP/1.1" 200 3792
"GET /myapp/index/common/section HTTP/1.1" 200 2612
"GET /myapp/index/thing/detail?id=45 HTTP/1.1" 200 6209
"GET /myapp/index/common/section HTTP/1.1" 200 2612
"GET /myapp/index/home/section HTTP/1.1" 200 3792
Forbidden: /myapp/admin/news/list
"GET /myapp/admin/news/list?page=1&pageSize=10&keyword= HTTP/1.0" 403 30
"GET /myapp/admin/basicGlobal/listInfo HTTP/1.0" 200 611
"GET /myapp/index/home/section HTTP/1.1" 200 3792
"GET /myapp/index/common/section HTTP/1.1" 200 2612
"GET /myapp/index/home/section HTTP/1.1" 200 3792
"GET /myapp/index/common/section HTTP/1.1" 200 2612
"GET /myapp/index/common/section HTTP/1.1" 200 2612
"GET /myapp/index/home/section HTTP/1.1" 200 3792
"GET /myapp/index/common/section HTTP/1.1" 200 2612
"GET /myapp/index/thing/section?page=1&pageSize=9 HTTP/1.1" 200 2770
"GET /myapp/index/thing/section?page=1&pageSize=12&searchQuery= HTTP/1.1" 200 2926
"POST /myapp/admin/adminLogin HTTP/1.0" 200 328
"GET /myapp/index/common/section HTTP/1.1" 200 2612
"GET /myapp/index/home/section HTTP/1.1" 200 3792
"GET /myapp/admin/overview/dataCount HTTP/1.0" 200 135
"GET /myapp/admin/overview/count?days=7 HTTP/1.0" 200 286
"GET /myapp/admin/overview/count?days=7 HTTP/1.0" 200 286
"GET /myapp/admin/overview/dataCount HTTP/1.0" 200 135
"GET /myapp/admin/thing/list?page=1&pageSize=10&keyword= HTTP/1.0" 200 54896
"GET /myapp/admin/category/list HTTP/1.0" 200 139
"GET /myapp/admin/category/list HTTP/1.0" 200 139
"POST /myapp/admin/category/delete HTTP/1.0" 200 41
"GET /myapp/admin/category/list HTTP/1.0" 200 51
"POST /myapp/admin/cdn/uploadImg HTTP/1.0" 200 40
"POST /myapp/admin/category/create HTTP/1.0" 200 151
"GET /myapp/admin/category/list HTTP/1.0" 200 153
"POST /myapp/admin/cdn/uploadImg HTTP/1.0" 200 40
"POST /myapp/admin/category/create HTTP/1.0" 200 143
"GET /myapp/admin/category/list HTTP/1.0" 200 248
"POST /myapp/admin/cdn/uploadImg HTTP/1.0" 200 40
"POST /myapp/admin/category/create HTTP/1.0" 200 154
"GET /myapp/admin/category/list HTTP/1.0" 200 354
"POST /myapp/admin/cdn/uploadImg HTTP/1.0" 200 40
"POST /myapp/admin/category/create HTTP/1.0" 200 157
"GET /myapp/admin/category/list HTTP/1.0" 200 463
"GET /myapp/index/common/section HTTP/1.1" 200 3239
"GET /myapp/index/home/section HTTP/1.1" 200 3964
"GET /myapp/index/thing/section?page=1&pageSize=12&categoryId=52&searchQuery= HTTP/1.1" 200 1442
"GET /myapp/index/thing/section?page=1&pageSize=9 HTTP/1.1" 200 2756
"GET /myapp/index/thing/section?page=1&pageSize=9 HTTP/1.1" 200 2756
"GET /myapp/index/thing/section?page=1&pageSize=12&categoryId=-1&searchQuery= HTTP/1.1" 200 2886
"GET /myapp/index/thing/section?page=1&pageSize=12&categoryId=50&searchQuery= HTTP/1.1" 200 1442
"GET /myapp/index/thing/section?page=1&pageSize=9 HTTP/1.1" 200 2756
"GET /myapp/index/thing/section?page=1&pageSize=12&categoryId=51&searchQuery= HTTP/1.1" 200 1442
"GET /myapp/index/thing/section?page=1&pageSize=9 HTTP/1.1" 200 2756
"GET /myapp/index/thing/section?page=1&pageSize=9 HTTP/1.1" 200 2756
"GET /myapp/index/thing/section?page=1&pageSize=12&categoryId=52&searchQuery= HTTP/1.1" 200 1442
"GET /myapp/index/home/section HTTP/1.1" 200 3964
"GET /myapp/index/common/section HTTP/1.1" 200 3239
"GET /myapp/index/home/section HTTP/1.1" 200 3964
"GET /myapp/index/common/section HTTP/1.1" 200 3239
"GET /myapp/index/home/section HTTP/1.1" 200 3964
"GET /myapp/index/common/section HTTP/1.1" 200 3239
"GET /myapp/index/common/section HTTP/1.1" 200 3239
"GET /myapp/index/home/section HTTP/1.1" 200 3964
"GET /myapp/index/home/section HTTP/1.1" 200 3964
"GET /myapp/index/common/section HTTP/1.1" 200 3239
"GET /myapp/index/common/section HTTP/1.1" 200 3239
"GET /myapp/index/home/section HTTP/1.1" 200 3964
"GET /myapp/index/common/section HTTP/1.1" 200 3239
"GET /myapp/index/home/section HTTP/1.1" 200 3964
"GET /myapp/index/common/section HTTP/1.1" 200 3239
"GET /myapp/index/thing/section?page=1&pageSize=9 HTTP/1.1" 200 2756
"GET /myapp/index/thing/section?page=1&pageSize=12&categoryId=52&searchQuery= HTTP/1.1" 200 1442
"GET /myapp/index/common/section HTTP/1.1" 200 3239
"GET /myapp/index/home/section HTTP/1.1" 200 3964
"GET /myapp/index/home/section HTTP/1.1" 200 3964
"GET /myapp/index/common/section HTTP/1.1" 200 3239
"GET /myapp/index/home/section HTTP/1.1" 200 3964
"GET /myapp/index/common/section HTTP/1.1" 200 3239
"GET /myapp/index/common/section HTTP/1.1" 200 3239
"GET /myapp/index/thing/section?page=1&pageSize=12&categoryId=53&searchQuery= HTTP/1.1" 200 1442
"GET /myapp/index/thing/section?page=1&pageSize=9 HTTP/1.1" 200 2756
"GET /myapp/index/common/section HTTP/1.1" 200 3239
"GET /myapp/index/home/section HTTP/1.1" 200 3964
"GET /myapp/index/common/section HTTP/1.1" 200 3239
"GET /myapp/index/home/section HTTP/1.1" 200 3964
"GET /myapp/index/home/section HTTP/1.1" 200 3964
"GET /myapp/index/common/section HTTP/1.1" 200 3239
"GET /myapp/index/home/section HTTP/1.1" 200 3964
"GET /myapp/index/common/section HTTP/1.1" 200 3239
"GET /myapp/index/common/section HTTP/1.1" 200 3239
"GET /myapp/index/news/detail?id=5 HTTP/1.1" 200 29288
"GET /myapp/index/home/section HTTP/1.1" 200 3964
"GET /myapp/index/common/section HTTP/1.1" 200 3239
"GET /myapp/index/thing/section?page=1&pageSize=9 HTTP/1.1" 200 2756
"GET /myapp/index/thing/section?page=1&pageSize=12&searchQuery= HTTP/1.1" 200 2886
Not Found: /myapp/index/thing/section
"GET /myapp/index/thing/section?page=2&pageSize=12&categoryId=-1&searchQuery= HTTP/1.1" 404 28
"GET /myapp/index/thing/section?page=1&pageSize=9 HTTP/1.1" 200 2756
"GET /myapp/index/home/section HTTP/1.1" 200 3964
"GET /myapp/index/common/section HTTP/1.1" 200 3239
"GET /myapp/index/thing/section?page=1&pageSize=9 HTTP/1.1" 200 2756
"GET /myapp/index/thing/section?page=1&pageSize=12&categoryId=53&searchQuery= HTTP/1.1" 200 1442
"GET /myapp/index/about/section HTTP/1.1" 200 4216
"GET /myapp/index/common/section HTTP/1.1" 200 3239
"GET /myapp/index/thing/section?page=1&pageSize=9 HTTP/1.1" 200 2756
"GET /myapp/index/thing/section?page=1&pageSize=12&categoryId=53&searchQuery= HTTP/1.1" 200 1442
"GET /myapp/index/home/section HTTP/1.1" 200 3964
"GET /myapp/index/common/section HTTP/1.1" 200 3239
"GET /myapp/index/home/section HTTP/1.1" 200 3964
"GET /myapp/index/common/section HTTP/1.1" 200 3239
"GET /myapp/index/common/section HTTP/1.1" 200 3239
Internal Server Error: /myapp/index/thing/detail
Traceback (most recent call last):
  File "/root/web_b2b/server_venv/lib/python3.12/site-packages/django/core/handlers/exception.py", line 47, in inner
    response = get_response(request)
               ^^^^^^^^^^^^^^^^^^^^^
  File "/root/web_b2b/server_venv/lib/python3.12/site-packages/django/core/handlers/base.py", line 181, in _get_response
    response = wrapped_callback(request, *callback_args, **callback_kwargs)
               ^^^^^^^^^^^^^^^^^^^^^^^^^^^^^^^^^^^^^^^^^^^^^^^^^^^^^^^^^^^^
  File "/root/web_b2b/server_venv/lib/python3.12/site-packages/django/views/decorators/csrf.py", line 54, in wrapped_view
    return view_func(*args, **kwargs)
           ^^^^^^^^^^^^^^^^^^^^^^^^^^
  File "/root/web_b2b/server_venv/lib/python3.12/site-packages/django/views/generic/base.py", line 70, in view
    return self.dispatch(request, *args, **kwargs)
           ^^^^^^^^^^^^^^^^^^^^^^^^^^^^^^^^^^^^^^^
  File "/root/web_b2b/server_venv/lib/python3.12/site-packages/rest_framework/views.py", line 509, in dispatch
    response = self.handle_exception(exc)
               ^^^^^^^^^^^^^^^^^^^^^^^^^^
  File "/root/web_b2b/server_venv/lib/python3.12/site-packages/rest_framework/views.py", line 469, in handle_exception
    self.raise_uncaught_exception(exc)
  File "/root/web_b2b/server_venv/lib/python3.12/site-packages/rest_framework/views.py", line 480, in raise_uncaught_exception
    raise exc
  File "/root/web_b2b/server_venv/lib/python3.12/site-packages/rest_framework/views.py", line 506, in dispatch
    response = handler(request, *args, **kwargs)
               ^^^^^^^^^^^^^^^^^^^^^^^^^^^^^^^^^
  File "/root/web_b2b/server_venv/lib/python3.12/site-packages/rest_framework/decorators.py", line 41, in handler
    return func(*args, **kwargs)
           ^^^^^^^^^^^^^^^^^^^^^
  File "/root/web_b2b/server/myapp/views/index/thing.py", line 112, in detail
    category = Category.objects.get(pk=serializer.data['category'])
               ^^^^^^^^^^^^^^^^^^^^^^^^^^^^^^^^^^^^^^^^^^^^^^^^^^^^
  File "/root/web_b2b/server_venv/lib/python3.12/site-packages/django/db/models/manager.py", line 85, in manager_method
    return getattr(self.get_queryset(), name)(*args, **kwargs)
           ^^^^^^^^^^^^^^^^^^^^^^^^^^^^^^^^^^^^^^^^^^^^^^^^^^^
  File "/root/web_b2b/server_venv/lib/python3.12/site-packages/django/db/models/query.py", line 435, in get
    raise self.model.DoesNotExist(
myapp.models.Category.DoesNotExist: Category matching query does not exist.
"GET /myapp/index/thing/detail?id=45 HTTP/1.1" 500 113278
Internal Server Error: /myapp/index/thing/detail
Traceback (most recent call last):
  File "/root/web_b2b/server_venv/lib/python3.12/site-packages/django/core/handlers/exception.py", line 47, in inner
    response = get_response(request)
               ^^^^^^^^^^^^^^^^^^^^^
  File "/root/web_b2b/server_venv/lib/python3.12/site-packages/django/core/handlers/base.py", line 181, in _get_response
    response = wrapped_callback(request, *callback_args, **callback_kwargs)
               ^^^^^^^^^^^^^^^^^^^^^^^^^^^^^^^^^^^^^^^^^^^^^^^^^^^^^^^^^^^^
  File "/root/web_b2b/server_venv/lib/python3.12/site-packages/django/views/decorators/csrf.py", line 54, in wrapped_view
    return view_func(*args, **kwargs)
           ^^^^^^^^^^^^^^^^^^^^^^^^^^
  File "/root/web_b2b/server_venv/lib/python3.12/site-packages/django/views/generic/base.py", line 70, in view
    return self.dispatch(request, *args, **kwargs)
           ^^^^^^^^^^^^^^^^^^^^^^^^^^^^^^^^^^^^^^^
  File "/root/web_b2b/server_venv/lib/python3.12/site-packages/rest_framework/views.py", line 509, in dispatch
    response = self.handle_exception(exc)
               ^^^^^^^^^^^^^^^^^^^^^^^^^^
  File "/root/web_b2b/server_venv/lib/python3.12/site-packages/rest_framework/views.py", line 469, in handle_exception
    self.raise_uncaught_exception(exc)
  File "/root/web_b2b/server_venv/lib/python3.12/site-packages/rest_framework/views.py", line 480, in raise_uncaught_exception
    raise exc
  File "/root/web_b2b/server_venv/lib/python3.12/site-packages/rest_framework/views.py", line 506, in dispatch
    response = handler(request, *args, **kwargs)
               ^^^^^^^^^^^^^^^^^^^^^^^^^^^^^^^^^
  File "/root/web_b2b/server_venv/lib/python3.12/site-packages/rest_framework/decorators.py", line 41, in handler
    return func(*args, **kwargs)
           ^^^^^^^^^^^^^^^^^^^^^
  File "/root/web_b2b/server/myapp/views/index/thing.py", line 112, in detail
    category = Category.objects.get(pk=serializer.data['category'])
               ^^^^^^^^^^^^^^^^^^^^^^^^^^^^^^^^^^^^^^^^^^^^^^^^^^^^
  File "/root/web_b2b/server_venv/lib/python3.12/site-packages/django/db/models/manager.py", line 85, in manager_method
    return getattr(self.get_queryset(), name)(*args, **kwargs)
           ^^^^^^^^^^^^^^^^^^^^^^^^^^^^^^^^^^^^^^^^^^^^^^^^^^^
  File "/root/web_b2b/server_venv/lib/python3.12/site-packages/django/db/models/query.py", line 435, in get
    raise self.model.DoesNotExist(
myapp.models.Category.DoesNotExist: Category matching query does not exist.
"GET /myapp/index/thing/detail?id=45 HTTP/1.1" 500 113278
"GET /myapp/index/home/section HTTP/1.1" 200 3964
"GET /myapp/index/common/section HTTP/1.1" 200 3239
"GET /myapp/index/common/section HTTP/1.1" 200 3239
"GET /myapp/index/thing/section?page=1&pageSize=12&categoryId=51&searchQuery= HTTP/1.1" 200 1442
"GET /myapp/index/thing/section?page=1&pageSize=9 HTTP/1.1" 200 2756
"GET /myapp/index/common/section HTTP/1.1" 200 3239
"GET /myapp/index/news/detail?id=7 HTTP/1.1" 200 29263
"GET /myapp/index/common/section HTTP/1.1" 200 3239
"GET /myapp/index/thing/section?page=1&pageSize=9 HTTP/1.1" 200 2756
"GET /myapp/index/thing/section?page=1&pageSize=12&categoryId=50&searchQuery= HTTP/1.1" 200 1442
"GET /myapp/index/common/section HTTP/1.1" 200 3239
"GET /myapp/index/contact/section HTTP/1.1" 200 1597
"GET /myapp/index/common/section HTTP/1.1" 200 3239
Internal Server Error: /myapp/index/thing/detail
Traceback (most recent call last):
  File "/root/web_b2b/server_venv/lib/python3.12/site-packages/django/core/handlers/exception.py", line 47, in inner
    response = get_response(request)
               ^^^^^^^^^^^^^^^^^^^^^
  File "/root/web_b2b/server_venv/lib/python3.12/site-packages/django/core/handlers/base.py", line 181, in _get_response
    response = wrapped_callback(request, *callback_args, **callback_kwargs)
               ^^^^^^^^^^^^^^^^^^^^^^^^^^^^^^^^^^^^^^^^^^^^^^^^^^^^^^^^^^^^
  File "/root/web_b2b/server_venv/lib/python3.12/site-packages/django/views/decorators/csrf.py", line 54, in wrapped_view
    return view_func(*args, **kwargs)
           ^^^^^^^^^^^^^^^^^^^^^^^^^^
  File "/root/web_b2b/server_venv/lib/python3.12/site-packages/django/views/generic/base.py", line 70, in view
    return self.dispatch(request, *args, **kwargs)
           ^^^^^^^^^^^^^^^^^^^^^^^^^^^^^^^^^^^^^^^
  File "/root/web_b2b/server_venv/lib/python3.12/site-packages/rest_framework/views.py", line 509, in dispatch
    response = self.handle_exception(exc)
               ^^^^^^^^^^^^^^^^^^^^^^^^^^
  File "/root/web_b2b/server_venv/lib/python3.12/site-packages/rest_framework/views.py", line 469, in handle_exception
    self.raise_uncaught_exception(exc)
  File "/root/web_b2b/server_venv/lib/python3.12/site-packages/rest_framework/views.py", line 480, in raise_uncaught_exception
    raise exc
  File "/root/web_b2b/server_venv/lib/python3.12/site-packages/rest_framework/views.py", line 506, in dispatch
    response = handler(request, *args, **kwargs)
               ^^^^^^^^^^^^^^^^^^^^^^^^^^^^^^^^^
  File "/root/web_b2b/server_venv/lib/python3.12/site-packages/rest_framework/decorators.py", line 41, in handler
    return func(*args, **kwargs)
           ^^^^^^^^^^^^^^^^^^^^^
  File "/root/web_b2b/server/myapp/views/index/thing.py", line 112, in detail
    category = Category.objects.get(pk=serializer.data['category'])
               ^^^^^^^^^^^^^^^^^^^^^^^^^^^^^^^^^^^^^^^^^^^^^^^^^^^^
  File "/root/web_b2b/server_venv/lib/python3.12/site-packages/django/db/models/manager.py", line 85, in manager_method
    return getattr(self.get_queryset(), name)(*args, **kwargs)
           ^^^^^^^^^^^^^^^^^^^^^^^^^^^^^^^^^^^^^^^^^^^^^^^^^^^
  File "/root/web_b2b/server_venv/lib/python3.12/site-packages/django/db/models/query.py", line 435, in get
    raise self.model.DoesNotExist(
myapp.models.Category.DoesNotExist: Category matching query does not exist.
"GET /myapp/index/thing/detail?id=47 HTTP/1.1" 500 113249
Internal Server Error: /myapp/index/thing/detail
Traceback (most recent call last):
  File "/root/web_b2b/server_venv/lib/python3.12/site-packages/django/core/handlers/exception.py", line 47, in inner
    response = get_response(request)
               ^^^^^^^^^^^^^^^^^^^^^
  File "/root/web_b2b/server_venv/lib/python3.12/site-packages/django/core/handlers/base.py", line 181, in _get_response
    response = wrapped_callback(request, *callback_args, **callback_kwargs)
               ^^^^^^^^^^^^^^^^^^^^^^^^^^^^^^^^^^^^^^^^^^^^^^^^^^^^^^^^^^^^
  File "/root/web_b2b/server_venv/lib/python3.12/site-packages/django/views/decorators/csrf.py", line 54, in wrapped_view
    return view_func(*args, **kwargs)
           ^^^^^^^^^^^^^^^^^^^^^^^^^^
  File "/root/web_b2b/server_venv/lib/python3.12/site-packages/django/views/generic/base.py", line 70, in view
    return self.dispatch(request, *args, **kwargs)
           ^^^^^^^^^^^^^^^^^^^^^^^^^^^^^^^^^^^^^^^
  File "/root/web_b2b/server_venv/lib/python3.12/site-packages/rest_framework/views.py", line 509, in dispatch
    response = self.handle_exception(exc)
               ^^^^^^^^^^^^^^^^^^^^^^^^^^
  File "/root/web_b2b/server_venv/lib/python3.12/site-packages/rest_framework/views.py", line 469, in handle_exception
    self.raise_uncaught_exception(exc)
  File "/root/web_b2b/server_venv/lib/python3.12/site-packages/rest_framework/views.py", line 480, in raise_uncaught_exception
    raise exc
  File "/root/web_b2b/server_venv/lib/python3.12/site-packages/rest_framework/views.py", line 506, in dispatch
    response = handler(request, *args, **kwargs)
               ^^^^^^^^^^^^^^^^^^^^^^^^^^^^^^^^^
  File "/root/web_b2b/server_venv/lib/python3.12/site-packages/rest_framework/decorators.py", line 41, in handler
    return func(*args, **kwargs)
           ^^^^^^^^^^^^^^^^^^^^^
  File "/root/web_b2b/server/myapp/views/index/thing.py", line 112, in detail
    category = Category.objects.get(pk=serializer.data['category'])
               ^^^^^^^^^^^^^^^^^^^^^^^^^^^^^^^^^^^^^^^^^^^^^^^^^^^^
  File "/root/web_b2b/server_venv/lib/python3.12/site-packages/django/db/models/manager.py", line 85, in manager_method
    return getattr(self.get_queryset(), name)(*args, **kwargs)
           ^^^^^^^^^^^^^^^^^^^^^^^^^^^^^^^^^^^^^^^^^^^^^^^^^^^
  File "/root/web_b2b/server_venv/lib/python3.12/site-packages/django/db/models/query.py", line 435, in get
    raise self.model.DoesNotExist(
myapp.models.Category.DoesNotExist: Category matching query does not exist.
"GET /myapp/index/thing/detail?id=47 HTTP/1.1" 500 113249
"GET /myapp/index/common/section HTTP/1.1" 200 3239
"GET /myapp/index/home/section HTTP/1.1" 200 3964
"GET /myapp/index/home/section HTTP/1.1" 200 3964
"GET /myapp/index/common/section HTTP/1.1" 200 3239
"GET /myapp/index/common/section HTTP/1.1" 200 3239
"GET /myapp/index/home/section HTTP/1.1" 200 3964
"GET /myapp/index/home/section HTTP/1.1" 200 3964
"GET /myapp/index/common/section HTTP/1.1" 200 3239
"GET /myapp/index/common/section HTTP/1.1" 200 3239
"GET /myapp/index/home/section HTTP/1.1" 200 3964
"GET /myapp/index/common/section HTTP/1.1" 200 3239
"GET /myapp/index/thing/section?page=1&pageSize=12&categoryId=52&searchQuery= HTTP/1.1" 200 1442
"GET /myapp/index/thing/section?page=1&pageSize=9 HTTP/1.1" 200 2756
"GET /myapp/index/common/section HTTP/1.1" 200 3239
"GET /myapp/index/home/section HTTP/1.1" 200 3964
"GET /myapp/index/common/section HTTP/1.1" 200 3239
"GET /myapp/index/home/section HTTP/1.1" 200 3964
"GET /myapp/index/home/section HTTP/1.1" 200 3964
"GET /myapp/index/common/section HTTP/1.1" 200 3239
"GET /myapp/index/common/section HTTP/1.1" 200 3239
Internal Server Error: /myapp/index/thing/detail
Traceback (most recent call last):
  File "/root/web_b2b/server_venv/lib/python3.12/site-packages/django/core/handlers/exception.py", line 47, in inner
    response = get_response(request)
               ^^^^^^^^^^^^^^^^^^^^^
  File "/root/web_b2b/server_venv/lib/python3.12/site-packages/django/core/handlers/base.py", line 181, in _get_response
    response = wrapped_callback(request, *callback_args, **callback_kwargs)
               ^^^^^^^^^^^^^^^^^^^^^^^^^^^^^^^^^^^^^^^^^^^^^^^^^^^^^^^^^^^^
  File "/root/web_b2b/server_venv/lib/python3.12/site-packages/django/views/decorators/csrf.py", line 54, in wrapped_view
    return view_func(*args, **kwargs)
           ^^^^^^^^^^^^^^^^^^^^^^^^^^
  File "/root/web_b2b/server_venv/lib/python3.12/site-packages/django/views/generic/base.py", line 70, in view
    return self.dispatch(request, *args, **kwargs)
           ^^^^^^^^^^^^^^^^^^^^^^^^^^^^^^^^^^^^^^^
  File "/root/web_b2b/server_venv/lib/python3.12/site-packages/rest_framework/views.py", line 509, in dispatch
    response = self.handle_exception(exc)
               ^^^^^^^^^^^^^^^^^^^^^^^^^^
  File "/root/web_b2b/server_venv/lib/python3.12/site-packages/rest_framework/views.py", line 469, in handle_exception
    self.raise_uncaught_exception(exc)
  File "/root/web_b2b/server_venv/lib/python3.12/site-packages/rest_framework/views.py", line 480, in raise_uncaught_exception
    raise exc
  File "/root/web_b2b/server_venv/lib/python3.12/site-packages/rest_framework/views.py", line 506, in dispatch
    response = handler(request, *args, **kwargs)
               ^^^^^^^^^^^^^^^^^^^^^^^^^^^^^^^^^
  File "/root/web_b2b/server_venv/lib/python3.12/site-packages/rest_framework/decorators.py", line 41, in handler
    return func(*args, **kwargs)
           ^^^^^^^^^^^^^^^^^^^^^
  File "/root/web_b2b/server/myapp/views/index/thing.py", line 112, in detail
    category = Category.objects.get(pk=serializer.data['category'])
               ^^^^^^^^^^^^^^^^^^^^^^^^^^^^^^^^^^^^^^^^^^^^^^^^^^^^
  File "/root/web_b2b/server_venv/lib/python3.12/site-packages/django/db/models/manager.py", line 85, in manager_method
    return getattr(self.get_queryset(), name)(*args, **kwargs)
           ^^^^^^^^^^^^^^^^^^^^^^^^^^^^^^^^^^^^^^^^^^^^^^^^^^^
  File "/root/web_b2b/server_venv/lib/python3.12/site-packages/django/db/models/query.py", line 435, in get
    raise self.model.DoesNotExist(
myapp.models.Category.DoesNotExist: Category matching query does not exist.
"GET /myapp/index/thing/detail?id=49 HTTP/1.1" 500 113265
Internal Server Error: /myapp/index/thing/detail
Traceback (most recent call last):
  File "/root/web_b2b/server_venv/lib/python3.12/site-packages/django/core/handlers/exception.py", line 47, in inner
    response = get_response(request)
               ^^^^^^^^^^^^^^^^^^^^^
  File "/root/web_b2b/server_venv/lib/python3.12/site-packages/django/core/handlers/base.py", line 181, in _get_response
    response = wrapped_callback(request, *callback_args, **callback_kwargs)
               ^^^^^^^^^^^^^^^^^^^^^^^^^^^^^^^^^^^^^^^^^^^^^^^^^^^^^^^^^^^^
  File "/root/web_b2b/server_venv/lib/python3.12/site-packages/django/views/decorators/csrf.py", line 54, in wrapped_view
    return view_func(*args, **kwargs)
           ^^^^^^^^^^^^^^^^^^^^^^^^^^
  File "/root/web_b2b/server_venv/lib/python3.12/site-packages/django/views/generic/base.py", line 70, in view
    return self.dispatch(request, *args, **kwargs)
           ^^^^^^^^^^^^^^^^^^^^^^^^^^^^^^^^^^^^^^^
  File "/root/web_b2b/server_venv/lib/python3.12/site-packages/rest_framework/views.py", line 509, in dispatch
    response = self.handle_exception(exc)
               ^^^^^^^^^^^^^^^^^^^^^^^^^^
  File "/root/web_b2b/server_venv/lib/python3.12/site-packages/rest_framework/views.py", line 469, in handle_exception
    self.raise_uncaught_exception(exc)
  File "/root/web_b2b/server_venv/lib/python3.12/site-packages/rest_framework/views.py", line 480, in raise_uncaught_exception
    raise exc
  File "/root/web_b2b/server_venv/lib/python3.12/site-packages/rest_framework/views.py", line 506, in dispatch
    response = handler(request, *args, **kwargs)
               ^^^^^^^^^^^^^^^^^^^^^^^^^^^^^^^^^
  File "/root/web_b2b/server_venv/lib/python3.12/site-packages/rest_framework/decorators.py", line 41, in handler
    return func(*args, **kwargs)
           ^^^^^^^^^^^^^^^^^^^^^
  File "/root/web_b2b/server/myapp/views/index/thing.py", line 112, in detail
    category = Category.objects.get(pk=serializer.data['category'])
               ^^^^^^^^^^^^^^^^^^^^^^^^^^^^^^^^^^^^^^^^^^^^^^^^^^^^
  File "/root/web_b2b/server_venv/lib/python3.12/site-packages/django/db/models/manager.py", line 85, in manager_method
    return getattr(self.get_queryset(), name)(*args, **kwargs)
           ^^^^^^^^^^^^^^^^^^^^^^^^^^^^^^^^^^^^^^^^^^^^^^^^^^^
  File "/root/web_b2b/server_venv/lib/python3.12/site-packages/django/db/models/query.py", line 435, in get
    raise self.model.DoesNotExist(
myapp.models.Category.DoesNotExist: Category matching query does not exist.
"GET /myapp/index/thing/detail?id=49 HTTP/1.1" 500 113265
"GET /myapp/index/common/section HTTP/1.1" 200 3239
Internal Server Error: /myapp/index/thing/detail
Traceback (most recent call last):
  File "/root/web_b2b/server_venv/lib/python3.12/site-packages/django/core/handlers/exception.py", line 47, in inner
    response = get_response(request)
               ^^^^^^^^^^^^^^^^^^^^^
  File "/root/web_b2b/server_venv/lib/python3.12/site-packages/django/core/handlers/base.py", line 181, in _get_response
    response = wrapped_callback(request, *callback_args, **callback_kwargs)
               ^^^^^^^^^^^^^^^^^^^^^^^^^^^^^^^^^^^^^^^^^^^^^^^^^^^^^^^^^^^^
  File "/root/web_b2b/server_venv/lib/python3.12/site-packages/django/views/decorators/csrf.py", line 54, in wrapped_view
    return view_func(*args, **kwargs)
           ^^^^^^^^^^^^^^^^^^^^^^^^^^
  File "/root/web_b2b/server_venv/lib/python3.12/site-packages/django/views/generic/base.py", line 70, in view
    return self.dispatch(request, *args, **kwargs)
           ^^^^^^^^^^^^^^^^^^^^^^^^^^^^^^^^^^^^^^^
  File "/root/web_b2b/server_venv/lib/python3.12/site-packages/rest_framework/views.py", line 509, in dispatch
    response = self.handle_exception(exc)
               ^^^^^^^^^^^^^^^^^^^^^^^^^^
  File "/root/web_b2b/server_venv/lib/python3.12/site-packages/rest_framework/views.py", line 469, in handle_exception
    self.raise_uncaught_exception(exc)
  File "/root/web_b2b/server_venv/lib/python3.12/site-packages/rest_framework/views.py", line 480, in raise_uncaught_exception
    raise exc
  File "/root/web_b2b/server_venv/lib/python3.12/site-packages/rest_framework/views.py", line 506, in dispatch
    response = handler(request, *args, **kwargs)
               ^^^^^^^^^^^^^^^^^^^^^^^^^^^^^^^^^
  File "/root/web_b2b/server_venv/lib/python3.12/site-packages/rest_framework/decorators.py", line 41, in handler
    return func(*args, **kwargs)
           ^^^^^^^^^^^^^^^^^^^^^
  File "/root/web_b2b/server/myapp/views/index/thing.py", line 112, in detail
    category = Category.objects.get(pk=serializer.data['category'])
               ^^^^^^^^^^^^^^^^^^^^^^^^^^^^^^^^^^^^^^^^^^^^^^^^^^^^
  File "/root/web_b2b/server_venv/lib/python3.12/site-packages/django/db/models/manager.py", line 85, in manager_method
    return getattr(self.get_queryset(), name)(*args, **kwargs)
           ^^^^^^^^^^^^^^^^^^^^^^^^^^^^^^^^^^^^^^^^^^^^^^^^^^^
  File "/root/web_b2b/server_venv/lib/python3.12/site-packages/django/db/models/query.py", line 435, in get
    raise self.model.DoesNotExist(
myapp.models.Category.DoesNotExist: Category matching query does not exist.
"GET /myapp/index/thing/detail?id=52 HTTP/1.1" 500 113282
Internal Server Error: /myapp/index/thing/detail
Traceback (most recent call last):
  File "/root/web_b2b/server_venv/lib/python3.12/site-packages/django/core/handlers/exception.py", line 47, in inner
    response = get_response(request)
               ^^^^^^^^^^^^^^^^^^^^^
  File "/root/web_b2b/server_venv/lib/python3.12/site-packages/django/core/handlers/base.py", line 181, in _get_response
    response = wrapped_callback(request, *callback_args, **callback_kwargs)
               ^^^^^^^^^^^^^^^^^^^^^^^^^^^^^^^^^^^^^^^^^^^^^^^^^^^^^^^^^^^^
  File "/root/web_b2b/server_venv/lib/python3.12/site-packages/django/views/decorators/csrf.py", line 54, in wrapped_view
    return view_func(*args, **kwargs)
           ^^^^^^^^^^^^^^^^^^^^^^^^^^
  File "/root/web_b2b/server_venv/lib/python3.12/site-packages/django/views/generic/base.py", line 70, in view
    return self.dispatch(request, *args, **kwargs)
           ^^^^^^^^^^^^^^^^^^^^^^^^^^^^^^^^^^^^^^^
  File "/root/web_b2b/server_venv/lib/python3.12/site-packages/rest_framework/views.py", line 509, in dispatch
    response = self.handle_exception(exc)
               ^^^^^^^^^^^^^^^^^^^^^^^^^^
  File "/root/web_b2b/server_venv/lib/python3.12/site-packages/rest_framework/views.py", line 469, in handle_exception
    self.raise_uncaught_exception(exc)
  File "/root/web_b2b/server_venv/lib/python3.12/site-packages/rest_framework/views.py", line 480, in raise_uncaught_exception
    raise exc
  File "/root/web_b2b/server_venv/lib/python3.12/site-packages/rest_framework/views.py", line 506, in dispatch
    response = handler(request, *args, **kwargs)
               ^^^^^^^^^^^^^^^^^^^^^^^^^^^^^^^^^
  File "/root/web_b2b/server_venv/lib/python3.12/site-packages/rest_framework/decorators.py", line 41, in handler
    return func(*args, **kwargs)
           ^^^^^^^^^^^^^^^^^^^^^
  File "/root/web_b2b/server/myapp/views/index/thing.py", line 112, in detail
    category = Category.objects.get(pk=serializer.data['category'])
               ^^^^^^^^^^^^^^^^^^^^^^^^^^^^^^^^^^^^^^^^^^^^^^^^^^^^
  File "/root/web_b2b/server_venv/lib/python3.12/site-packages/django/db/models/manager.py", line 85, in manager_method
    return getattr(self.get_queryset(), name)(*args, **kwargs)
           ^^^^^^^^^^^^^^^^^^^^^^^^^^^^^^^^^^^^^^^^^^^^^^^^^^^
  File "/root/web_b2b/server_venv/lib/python3.12/site-packages/django/db/models/query.py", line 435, in get
    raise self.model.DoesNotExist(
myapp.models.Category.DoesNotExist: Category matching query does not exist.
"GET /myapp/index/thing/detail?id=52 HTTP/1.1" 500 113282
"GET /myapp/index/common/section HTTP/1.1" 200 3239
Internal Server Error: /myapp/index/thing/detail
Traceback (most recent call last):
  File "/root/web_b2b/server_venv/lib/python3.12/site-packages/django/core/handlers/exception.py", line 47, in inner
    response = get_response(request)
               ^^^^^^^^^^^^^^^^^^^^^
  File "/root/web_b2b/server_venv/lib/python3.12/site-packages/django/core/handlers/base.py", line 181, in _get_response
    response = wrapped_callback(request, *callback_args, **callback_kwargs)
               ^^^^^^^^^^^^^^^^^^^^^^^^^^^^^^^^^^^^^^^^^^^^^^^^^^^^^^^^^^^^
  File "/root/web_b2b/server_venv/lib/python3.12/site-packages/django/views/decorators/csrf.py", line 54, in wrapped_view
    return view_func(*args, **kwargs)
           ^^^^^^^^^^^^^^^^^^^^^^^^^^
  File "/root/web_b2b/server_venv/lib/python3.12/site-packages/django/views/generic/base.py", line 70, in view
    return self.dispatch(request, *args, **kwargs)
           ^^^^^^^^^^^^^^^^^^^^^^^^^^^^^^^^^^^^^^^
  File "/root/web_b2b/server_venv/lib/python3.12/site-packages/rest_framework/views.py", line 509, in dispatch
    response = self.handle_exception(exc)
               ^^^^^^^^^^^^^^^^^^^^^^^^^^
  File "/root/web_b2b/server_venv/lib/python3.12/site-packages/rest_framework/views.py", line 469, in handle_exception
    self.raise_uncaught_exception(exc)
  File "/root/web_b2b/server_venv/lib/python3.12/site-packages/rest_framework/views.py", line 480, in raise_uncaught_exception
    raise exc
  File "/root/web_b2b/server_venv/lib/python3.12/site-packages/rest_framework/views.py", line 506, in dispatch
    response = handler(request, *args, **kwargs)
               ^^^^^^^^^^^^^^^^^^^^^^^^^^^^^^^^^
  File "/root/web_b2b/server_venv/lib/python3.12/site-packages/rest_framework/decorators.py", line 41, in handler
    return func(*args, **kwargs)
           ^^^^^^^^^^^^^^^^^^^^^
  File "/root/web_b2b/server/myapp/views/index/thing.py", line 112, in detail
    category = Category.objects.get(pk=serializer.data['category'])
               ^^^^^^^^^^^^^^^^^^^^^^^^^^^^^^^^^^^^^^^^^^^^^^^^^^^^
  File "/root/web_b2b/server_venv/lib/python3.12/site-packages/django/db/models/manager.py", line 85, in manager_method
    return getattr(self.get_queryset(), name)(*args, **kwargs)
           ^^^^^^^^^^^^^^^^^^^^^^^^^^^^^^^^^^^^^^^^^^^^^^^^^^^
  File "/root/web_b2b/server_venv/lib/python3.12/site-packages/django/db/models/query.py", line 435, in get
    raise self.model.DoesNotExist(
myapp.models.Category.DoesNotExist: Category matching query does not exist.
"GET /myapp/index/thing/detail?id=48 HTTP/1.1" 500 113286
Internal Server Error: /myapp/index/thing/detail
Traceback (most recent call last):
  File "/root/web_b2b/server_venv/lib/python3.12/site-packages/django/core/handlers/exception.py", line 47, in inner
    response = get_response(request)
               ^^^^^^^^^^^^^^^^^^^^^
  File "/root/web_b2b/server_venv/lib/python3.12/site-packages/django/core/handlers/base.py", line 181, in _get_response
    response = wrapped_callback(request, *callback_args, **callback_kwargs)
               ^^^^^^^^^^^^^^^^^^^^^^^^^^^^^^^^^^^^^^^^^^^^^^^^^^^^^^^^^^^^
  File "/root/web_b2b/server_venv/lib/python3.12/site-packages/django/views/decorators/csrf.py", line 54, in wrapped_view
    return view_func(*args, **kwargs)
           ^^^^^^^^^^^^^^^^^^^^^^^^^^
  File "/root/web_b2b/server_venv/lib/python3.12/site-packages/django/views/generic/base.py", line 70, in view
    return self.dispatch(request, *args, **kwargs)
           ^^^^^^^^^^^^^^^^^^^^^^^^^^^^^^^^^^^^^^^
  File "/root/web_b2b/server_venv/lib/python3.12/site-packages/rest_framework/views.py", line 509, in dispatch
    response = self.handle_exception(exc)
               ^^^^^^^^^^^^^^^^^^^^^^^^^^
  File "/root/web_b2b/server_venv/lib/python3.12/site-packages/rest_framework/views.py", line 469, in handle_exception
    self.raise_uncaught_exception(exc)
  File "/root/web_b2b/server_venv/lib/python3.12/site-packages/rest_framework/views.py", line 480, in raise_uncaught_exception
    raise exc
  File "/root/web_b2b/server_venv/lib/python3.12/site-packages/rest_framework/views.py", line 506, in dispatch
    response = handler(request, *args, **kwargs)
               ^^^^^^^^^^^^^^^^^^^^^^^^^^^^^^^^^
  File "/root/web_b2b/server_venv/lib/python3.12/site-packages/rest_framework/decorators.py", line 41, in handler
    return func(*args, **kwargs)
           ^^^^^^^^^^^^^^^^^^^^^
  File "/root/web_b2b/server/myapp/views/index/thing.py", line 112, in detail
    category = Category.objects.get(pk=serializer.data['category'])
               ^^^^^^^^^^^^^^^^^^^^^^^^^^^^^^^^^^^^^^^^^^^^^^^^^^^^
  File "/root/web_b2b/server_venv/lib/python3.12/site-packages/django/db/models/manager.py", line 85, in manager_method
    return getattr(self.get_queryset(), name)(*args, **kwargs)
           ^^^^^^^^^^^^^^^^^^^^^^^^^^^^^^^^^^^^^^^^^^^^^^^^^^^
  File "/root/web_b2b/server_venv/lib/python3.12/site-packages/django/db/models/query.py", line 435, in get
    raise self.model.DoesNotExist(
myapp.models.Category.DoesNotExist: Category matching query does not exist.
"GET /myapp/index/thing/detail?id=48 HTTP/1.1" 500 113286
"GET /myapp/index/home/section HTTP/1.1" 200 3964
"GET /myapp/index/common/section HTTP/1.1" 200 3239
"GET /myapp/index/common/section HTTP/1.1" 200 3239
"GET /myapp/index/thing/section?page=1&pageSize=12&categoryId=53&searchQuery= HTTP/1.1" 200 1442
"GET /myapp/index/thing/section?page=1&pageSize=9 HTTP/1.1" 200 2756
"GET /myapp/index/common/section HTTP/1.1" 200 3239
"GET /myapp/index/home/section HTTP/1.1" 200 3964
"GET /myapp/index/thing/section?page=1&pageSize=9 HTTP/1.1" 200 2756
"GET /myapp/index/thing/section?page=1&pageSize=12&searchQuery= HTTP/1.1" 200 2886
"GET /myapp/index/thing/section?page=1&pageSize=9 HTTP/1.1" 200 2756
"GET /myapp/index/thing/section?page=1&pageSize=12&categoryId=50&searchQuery= HTTP/1.1" 200 1442
"GET /myapp/index/thing/section?page=1&pageSize=9 HTTP/1.1" 200 2756
"GET /myapp/index/thing/section?page=1&pageSize=12&categoryId=51&searchQuery= HTTP/1.1" 200 1442
"GET /myapp/index/thing/section?page=1&pageSize=12&categoryId=52&searchQuery= HTTP/1.1" 200 1442
"GET /myapp/index/thing/section?page=1&pageSize=9 HTTP/1.1" 200 2756
"GET /myapp/index/thing/section?page=1&pageSize=12&categoryId=53&searchQuery= HTTP/1.1" 200 1442
"GET /myapp/index/thing/section?page=1&pageSize=9 HTTP/1.1" 200 2756
"GET /myapp/index/about/section HTTP/1.1" 200 4216
"GET /myapp/index/common/section HTTP/1.1" 200 3239
"GET /myapp/index/home/section HTTP/1.1" 200 3964
"GET /myapp/index/thing/section?page=1&pageSize=12&searchQuery= HTTP/1.1" 200 2886
"GET /myapp/index/thing/section?page=1&pageSize=9 HTTP/1.1" 200 2756
Internal Server Error: /myapp/index/thing/detail
Traceback (most recent call last):
  File "/root/web_b2b/server_venv/lib/python3.12/site-packages/django/core/handlers/exception.py", line 47, in inner
    response = get_response(request)
               ^^^^^^^^^^^^^^^^^^^^^
  File "/root/web_b2b/server_venv/lib/python3.12/site-packages/django/core/handlers/base.py", line 181, in _get_response
    response = wrapped_callback(request, *callback_args, **callback_kwargs)
               ^^^^^^^^^^^^^^^^^^^^^^^^^^^^^^^^^^^^^^^^^^^^^^^^^^^^^^^^^^^^
  File "/root/web_b2b/server_venv/lib/python3.12/site-packages/django/views/decorators/csrf.py", line 54, in wrapped_view
    return view_func(*args, **kwargs)
           ^^^^^^^^^^^^^^^^^^^^^^^^^^
  File "/root/web_b2b/server_venv/lib/python3.12/site-packages/django/views/generic/base.py", line 70, in view
    return self.dispatch(request, *args, **kwargs)
           ^^^^^^^^^^^^^^^^^^^^^^^^^^^^^^^^^^^^^^^
  File "/root/web_b2b/server_venv/lib/python3.12/site-packages/rest_framework/views.py", line 509, in dispatch
    response = self.handle_exception(exc)
               ^^^^^^^^^^^^^^^^^^^^^^^^^^
  File "/root/web_b2b/server_venv/lib/python3.12/site-packages/rest_framework/views.py", line 469, in handle_exception
    self.raise_uncaught_exception(exc)
  File "/root/web_b2b/server_venv/lib/python3.12/site-packages/rest_framework/views.py", line 480, in raise_uncaught_exception
    raise exc
  File "/root/web_b2b/server_venv/lib/python3.12/site-packages/rest_framework/views.py", line 506, in dispatch
    response = handler(request, *args, **kwargs)
               ^^^^^^^^^^^^^^^^^^^^^^^^^^^^^^^^^
  File "/root/web_b2b/server_venv/lib/python3.12/site-packages/rest_framework/decorators.py", line 41, in handler
    return func(*args, **kwargs)
           ^^^^^^^^^^^^^^^^^^^^^
  File "/root/web_b2b/server/myapp/views/index/thing.py", line 112, in detail
    category = Category.objects.get(pk=serializer.data['category'])
               ^^^^^^^^^^^^^^^^^^^^^^^^^^^^^^^^^^^^^^^^^^^^^^^^^^^^
  File "/root/web_b2b/server_venv/lib/python3.12/site-packages/django/db/models/manager.py", line 85, in manager_method
    return getattr(self.get_queryset(), name)(*args, **kwargs)
           ^^^^^^^^^^^^^^^^^^^^^^^^^^^^^^^^^^^^^^^^^^^^^^^^^^^
  File "/root/web_b2b/server_venv/lib/python3.12/site-packages/django/db/models/query.py", line 435, in get
    raise self.model.DoesNotExist(
myapp.models.Category.DoesNotExist: Category matching query does not exist.
"GET /myapp/index/thing/detail?id=52 HTTP/1.1" 500 113281
"GET /myapp/index/about/section HTTP/1.1" 200 4216
"GET /myapp/index/common/section HTTP/1.1" 200 3239
"GET /myapp/index/thing/section?page=1&pageSize=9 HTTP/1.1" 200 2756
"GET /myapp/index/thing/section?page=1&pageSize=12&searchQuery= HTTP/1.1" 200 2886
Internal Server Error: /myapp/index/thing/detail
Traceback (most recent call last):
  File "/root/web_b2b/server_venv/lib/python3.12/site-packages/django/core/handlers/exception.py", line 47, in inner
    response = get_response(request)
               ^^^^^^^^^^^^^^^^^^^^^
  File "/root/web_b2b/server_venv/lib/python3.12/site-packages/django/core/handlers/base.py", line 181, in _get_response
    response = wrapped_callback(request, *callback_args, **callback_kwargs)
               ^^^^^^^^^^^^^^^^^^^^^^^^^^^^^^^^^^^^^^^^^^^^^^^^^^^^^^^^^^^^
  File "/root/web_b2b/server_venv/lib/python3.12/site-packages/django/views/decorators/csrf.py", line 54, in wrapped_view
    return view_func(*args, **kwargs)
           ^^^^^^^^^^^^^^^^^^^^^^^^^^
  File "/root/web_b2b/server_venv/lib/python3.12/site-packages/django/views/generic/base.py", line 70, in view
    return self.dispatch(request, *args, **kwargs)
           ^^^^^^^^^^^^^^^^^^^^^^^^^^^^^^^^^^^^^^^
  File "/root/web_b2b/server_venv/lib/python3.12/site-packages/rest_framework/views.py", line 509, in dispatch
    response = self.handle_exception(exc)
               ^^^^^^^^^^^^^^^^^^^^^^^^^^
  File "/root/web_b2b/server_venv/lib/python3.12/site-packages/rest_framework/views.py", line 469, in handle_exception
    self.raise_uncaught_exception(exc)
  File "/root/web_b2b/server_venv/lib/python3.12/site-packages/rest_framework/views.py", line 480, in raise_uncaught_exception
    raise exc
  File "/root/web_b2b/server_venv/lib/python3.12/site-packages/rest_framework/views.py", line 506, in dispatch
    response = handler(request, *args, **kwargs)
               ^^^^^^^^^^^^^^^^^^^^^^^^^^^^^^^^^
  File "/root/web_b2b/server_venv/lib/python3.12/site-packages/rest_framework/decorators.py", line 41, in handler
    return func(*args, **kwargs)
           ^^^^^^^^^^^^^^^^^^^^^
  File "/root/web_b2b/server/myapp/views/index/thing.py", line 112, in detail
    category = Category.objects.get(pk=serializer.data['category'])
               ^^^^^^^^^^^^^^^^^^^^^^^^^^^^^^^^^^^^^^^^^^^^^^^^^^^^
  File "/root/web_b2b/server_venv/lib/python3.12/site-packages/django/db/models/manager.py", line 85, in manager_method
    return getattr(self.get_queryset(), name)(*args, **kwargs)
           ^^^^^^^^^^^^^^^^^^^^^^^^^^^^^^^^^^^^^^^^^^^^^^^^^^^
  File "/root/web_b2b/server_venv/lib/python3.12/site-packages/django/db/models/query.py", line 435, in get
    raise self.model.DoesNotExist(
myapp.models.Category.DoesNotExist: Category matching query does not exist.
"GET /myapp/index/thing/detail?id=52 HTTP/1.1" 500 113281
"GET /myapp/index/common/section HTTP/1.1" 200 3239
"GET /myapp/index/thing/section?page=1&pageSize=9 HTTP/1.1" 200 2756
"GET /myapp/index/thing/section?page=1&pageSize=12&searchQuery= HTTP/1.1" 200 2886
Internal Server Error: /myapp/index/thing/detail
Traceback (most recent call last):
  File "/root/web_b2b/server_venv/lib/python3.12/site-packages/django/core/handlers/exception.py", line 47, in inner
    response = get_response(request)
               ^^^^^^^^^^^^^^^^^^^^^
  File "/root/web_b2b/server_venv/lib/python3.12/site-packages/django/core/handlers/base.py", line 181, in _get_response
    response = wrapped_callback(request, *callback_args, **callback_kwargs)
               ^^^^^^^^^^^^^^^^^^^^^^^^^^^^^^^^^^^^^^^^^^^^^^^^^^^^^^^^^^^^
  File "/root/web_b2b/server_venv/lib/python3.12/site-packages/django/views/decorators/csrf.py", line 54, in wrapped_view
    return view_func(*args, **kwargs)
           ^^^^^^^^^^^^^^^^^^^^^^^^^^
  File "/root/web_b2b/server_venv/lib/python3.12/site-packages/django/views/generic/base.py", line 70, in view
    return self.dispatch(request, *args, **kwargs)
           ^^^^^^^^^^^^^^^^^^^^^^^^^^^^^^^^^^^^^^^
  File "/root/web_b2b/server_venv/lib/python3.12/site-packages/rest_framework/views.py", line 509, in dispatch
    response = self.handle_exception(exc)
               ^^^^^^^^^^^^^^^^^^^^^^^^^^
  File "/root/web_b2b/server_venv/lib/python3.12/site-packages/rest_framework/views.py", line 469, in handle_exception
    self.raise_uncaught_exception(exc)
  File "/root/web_b2b/server_venv/lib/python3.12/site-packages/rest_framework/views.py", line 480, in raise_uncaught_exception
    raise exc
  File "/root/web_b2b/server_venv/lib/python3.12/site-packages/rest_framework/views.py", line 506, in dispatch
    response = handler(request, *args, **kwargs)
               ^^^^^^^^^^^^^^^^^^^^^^^^^^^^^^^^^
  File "/root/web_b2b/server_venv/lib/python3.12/site-packages/rest_framework/decorators.py", line 41, in handler
    return func(*args, **kwargs)
           ^^^^^^^^^^^^^^^^^^^^^
  File "/root/web_b2b/server/myapp/views/index/thing.py", line 112, in detail
    category = Category.objects.get(pk=serializer.data['category'])
               ^^^^^^^^^^^^^^^^^^^^^^^^^^^^^^^^^^^^^^^^^^^^^^^^^^^^
  File "/root/web_b2b/server_venv/lib/python3.12/site-packages/django/db/models/manager.py", line 85, in manager_method
    return getattr(self.get_queryset(), name)(*args, **kwargs)
           ^^^^^^^^^^^^^^^^^^^^^^^^^^^^^^^^^^^^^^^^^^^^^^^^^^^
  File "/root/web_b2b/server_venv/lib/python3.12/site-packages/django/db/models/query.py", line 435, in get
    raise self.model.DoesNotExist(
myapp.models.Category.DoesNotExist: Category matching query does not exist.
"GET /myapp/index/thing/detail?id=52 HTTP/1.1" 500 113281
"GET /myapp/index/common/section HTTP/1.1" 200 3239
"GET /myapp/index/thing/section?page=1&pageSize=12&searchQuery= HTTP/1.1" 200 2886
"GET /myapp/index/thing/section?page=1&pageSize=9 HTTP/1.1" 200 2756
"GET /myapp/index/thing/section?page=1&pageSize=12&categoryId=50&searchQuery= HTTP/1.1" 200 1442
"GET /myapp/index/thing/section?page=1&pageSize=9 HTTP/1.1" 200 2756
"GET /myapp/index/thing/section?page=1&pageSize=9 HTTP/1.1" 200 2756
"GET /myapp/index/thing/section?page=1&pageSize=12&categoryId=-1&searchQuery= HTTP/1.1" 200 2886
"GET /myapp/index/home/section HTTP/1.1" 200 3964
Internal Server Error: /myapp/index/thing/detail
Traceback (most recent call last):
  File "/root/web_b2b/server_venv/lib/python3.12/site-packages/django/core/handlers/exception.py", line 47, in inner
    response = get_response(request)
               ^^^^^^^^^^^^^^^^^^^^^
  File "/root/web_b2b/server_venv/lib/python3.12/site-packages/django/core/handlers/base.py", line 181, in _get_response
    response = wrapped_callback(request, *callback_args, **callback_kwargs)
               ^^^^^^^^^^^^^^^^^^^^^^^^^^^^^^^^^^^^^^^^^^^^^^^^^^^^^^^^^^^^
  File "/root/web_b2b/server_venv/lib/python3.12/site-packages/django/views/decorators/csrf.py", line 54, in wrapped_view
    return view_func(*args, **kwargs)
           ^^^^^^^^^^^^^^^^^^^^^^^^^^
  File "/root/web_b2b/server_venv/lib/python3.12/site-packages/django/views/generic/base.py", line 70, in view
    return self.dispatch(request, *args, **kwargs)
           ^^^^^^^^^^^^^^^^^^^^^^^^^^^^^^^^^^^^^^^
  File "/root/web_b2b/server_venv/lib/python3.12/site-packages/rest_framework/views.py", line 509, in dispatch
    response = self.handle_exception(exc)
               ^^^^^^^^^^^^^^^^^^^^^^^^^^
  File "/root/web_b2b/server_venv/lib/python3.12/site-packages/rest_framework/views.py", line 469, in handle_exception
    self.raise_uncaught_exception(exc)
  File "/root/web_b2b/server_venv/lib/python3.12/site-packages/rest_framework/views.py", line 480, in raise_uncaught_exception
    raise exc
  File "/root/web_b2b/server_venv/lib/python3.12/site-packages/rest_framework/views.py", line 506, in dispatch
    response = handler(request, *args, **kwargs)
               ^^^^^^^^^^^^^^^^^^^^^^^^^^^^^^^^^
  File "/root/web_b2b/server_venv/lib/python3.12/site-packages/rest_framework/decorators.py", line 41, in handler
    return func(*args, **kwargs)
           ^^^^^^^^^^^^^^^^^^^^^
  File "/root/web_b2b/server/myapp/views/index/thing.py", line 112, in detail
    category = Category.objects.get(pk=serializer.data['category'])
               ^^^^^^^^^^^^^^^^^^^^^^^^^^^^^^^^^^^^^^^^^^^^^^^^^^^^
  File "/root/web_b2b/server_venv/lib/python3.12/site-packages/django/db/models/manager.py", line 85, in manager_method
    return getattr(self.get_queryset(), name)(*args, **kwargs)
           ^^^^^^^^^^^^^^^^^^^^^^^^^^^^^^^^^^^^^^^^^^^^^^^^^^^
  File "/root/web_b2b/server_venv/lib/python3.12/site-packages/django/db/models/query.py", line 435, in get
    raise self.model.DoesNotExist(
myapp.models.Category.DoesNotExist: Category matching query does not exist.
"GET /myapp/index/thing/detail?id=45 HTTP/1.1" 500 113276
"GET /myapp/index/home/section HTTP/1.1" 200 3964
"GET /myapp/index/common/section HTTP/1.1" 200 3239
Internal Server Error: /myapp/index/thing/detail
Traceback (most recent call last):
  File "/root/web_b2b/server_venv/lib/python3.12/site-packages/django/core/handlers/exception.py", line 47, in inner
    response = get_response(request)
               ^^^^^^^^^^^^^^^^^^^^^
  File "/root/web_b2b/server_venv/lib/python3.12/site-packages/django/core/handlers/base.py", line 181, in _get_response
    response = wrapped_callback(request, *callback_args, **callback_kwargs)
               ^^^^^^^^^^^^^^^^^^^^^^^^^^^^^^^^^^^^^^^^^^^^^^^^^^^^^^^^^^^^
  File "/root/web_b2b/server_venv/lib/python3.12/site-packages/django/views/decorators/csrf.py", line 54, in wrapped_view
    return view_func(*args, **kwargs)
           ^^^^^^^^^^^^^^^^^^^^^^^^^^
  File "/root/web_b2b/server_venv/lib/python3.12/site-packages/django/views/generic/base.py", line 70, in view
    return self.dispatch(request, *args, **kwargs)
           ^^^^^^^^^^^^^^^^^^^^^^^^^^^^^^^^^^^^^^^
  File "/root/web_b2b/server_venv/lib/python3.12/site-packages/rest_framework/views.py", line 509, in dispatch
    response = self.handle_exception(exc)
               ^^^^^^^^^^^^^^^^^^^^^^^^^^
  File "/root/web_b2b/server_venv/lib/python3.12/site-packages/rest_framework/views.py", line 469, in handle_exception
    self.raise_uncaught_exception(exc)
  File "/root/web_b2b/server_venv/lib/python3.12/site-packages/rest_framework/views.py", line 480, in raise_uncaught_exception
    raise exc
  File "/root/web_b2b/server_venv/lib/python3.12/site-packages/rest_framework/views.py", line 506, in dispatch
    response = handler(request, *args, **kwargs)
               ^^^^^^^^^^^^^^^^^^^^^^^^^^^^^^^^^
  File "/root/web_b2b/server_venv/lib/python3.12/site-packages/rest_framework/decorators.py", line 41, in handler
    return func(*args, **kwargs)
           ^^^^^^^^^^^^^^^^^^^^^
  File "/root/web_b2b/server/myapp/views/index/thing.py", line 112, in detail
    category = Category.objects.get(pk=serializer.data['category'])
               ^^^^^^^^^^^^^^^^^^^^^^^^^^^^^^^^^^^^^^^^^^^^^^^^^^^^
  File "/root/web_b2b/server_venv/lib/python3.12/site-packages/django/db/models/manager.py", line 85, in manager_method
    return getattr(self.get_queryset(), name)(*args, **kwargs)
           ^^^^^^^^^^^^^^^^^^^^^^^^^^^^^^^^^^^^^^^^^^^^^^^^^^^
  File "/root/web_b2b/server_venv/lib/python3.12/site-packages/django/db/models/query.py", line 435, in get
    raise self.model.DoesNotExist(
myapp.models.Category.DoesNotExist: Category matching query does not exist.
"GET /myapp/index/thing/detail?id=46 HTTP/1.1" 500 113281
Watching for file changes with StatReloader
"GET /myapp/index/common/section HTTP/1.1" 200 3239
"GET /myapp/index/home/section HTTP/1.1" 200 3964
Internal Server Error: /myapp/index/thing/detail
Traceback (most recent call last):
  File "/root/web_b2b/server_venv/lib/python3.12/site-packages/django/core/handlers/exception.py", line 47, in inner
    response = get_response(request)
               ^^^^^^^^^^^^^^^^^^^^^
  File "/root/web_b2b/server_venv/lib/python3.12/site-packages/django/core/handlers/base.py", line 181, in _get_response
    response = wrapped_callback(request, *callback_args, **callback_kwargs)
               ^^^^^^^^^^^^^^^^^^^^^^^^^^^^^^^^^^^^^^^^^^^^^^^^^^^^^^^^^^^^
  File "/root/web_b2b/server_venv/lib/python3.12/site-packages/django/views/decorators/csrf.py", line 54, in wrapped_view
    return view_func(*args, **kwargs)
           ^^^^^^^^^^^^^^^^^^^^^^^^^^
  File "/root/web_b2b/server_venv/lib/python3.12/site-packages/django/views/generic/base.py", line 70, in view
    return self.dispatch(request, *args, **kwargs)
           ^^^^^^^^^^^^^^^^^^^^^^^^^^^^^^^^^^^^^^^
  File "/root/web_b2b/server_venv/lib/python3.12/site-packages/rest_framework/views.py", line 509, in dispatch
    response = self.handle_exception(exc)
               ^^^^^^^^^^^^^^^^^^^^^^^^^^
  File "/root/web_b2b/server_venv/lib/python3.12/site-packages/rest_framework/views.py", line 469, in handle_exception
    self.raise_uncaught_exception(exc)
  File "/root/web_b2b/server_venv/lib/python3.12/site-packages/rest_framework/views.py", line 480, in raise_uncaught_exception
    raise exc
  File "/root/web_b2b/server_venv/lib/python3.12/site-packages/rest_framework/views.py", line 506, in dispatch
    response = handler(request, *args, **kwargs)
               ^^^^^^^^^^^^^^^^^^^^^^^^^^^^^^^^^
  File "/root/web_b2b/server_venv/lib/python3.12/site-packages/rest_framework/decorators.py", line 41, in handler
    return func(*args, **kwargs)
           ^^^^^^^^^^^^^^^^^^^^^
  File "/root/web_b2b/server/myapp/views/index/thing.py", line 112, in detail
    category = Category.objects.get(pk=serializer.data['category'])
               ^^^^^^^^^^^^^^^^^^^^^^^^^^^^^^^^^^^^^^^^^^^^^^^^^^^^
  File "/root/web_b2b/server_venv/lib/python3.12/site-packages/django/db/models/manager.py", line 85, in manager_method
    return getattr(self.get_queryset(), name)(*args, **kwargs)
           ^^^^^^^^^^^^^^^^^^^^^^^^^^^^^^^^^^^^^^^^^^^^^^^^^^^
  File "/root/web_b2b/server_venv/lib/python3.12/site-packages/django/db/models/query.py", line 435, in get
    raise self.model.DoesNotExist(
myapp.models.Category.DoesNotExist: Category matching query does not exist.
"GET /myapp/index/thing/detail?id=46 HTTP/1.1" 500 113287
"GET /myapp/index/common/section HTTP/1.1" 200 3239
"GET /myapp/index/home/section HTTP/1.1" 200 3964
"GET /myapp/index/common/section HTTP/1.1" 200 3239
"GET /myapp/index/home/section HTTP/1.1" 200 3964
"GET /myapp/index/common/section HTTP/1.1" 200 3239
"GET /myapp/index/home/section HTTP/1.1" 200 3964
"GET /myapp/index/thing/section?page=1&pageSize=9 HTTP/1.1" 200 2756
"GET /myapp/index/thing/section?page=1&pageSize=12&categoryId=52&searchQuery= HTTP/1.1" 200 1442
Internal Server Error: /myapp/index/thing/detail
Traceback (most recent call last):
  File "/root/web_b2b/server_venv/lib/python3.12/site-packages/django/core/handlers/exception.py", line 47, in inner
    response = get_response(request)
               ^^^^^^^^^^^^^^^^^^^^^
  File "/root/web_b2b/server_venv/lib/python3.12/site-packages/django/core/handlers/base.py", line 181, in _get_response
    response = wrapped_callback(request, *callback_args, **callback_kwargs)
               ^^^^^^^^^^^^^^^^^^^^^^^^^^^^^^^^^^^^^^^^^^^^^^^^^^^^^^^^^^^^
  File "/root/web_b2b/server_venv/lib/python3.12/site-packages/django/views/decorators/csrf.py", line 54, in wrapped_view
    return view_func(*args, **kwargs)
           ^^^^^^^^^^^^^^^^^^^^^^^^^^
  File "/root/web_b2b/server_venv/lib/python3.12/site-packages/django/views/generic/base.py", line 70, in view
    return self.dispatch(request, *args, **kwargs)
           ^^^^^^^^^^^^^^^^^^^^^^^^^^^^^^^^^^^^^^^
  File "/root/web_b2b/server_venv/lib/python3.12/site-packages/rest_framework/views.py", line 509, in dispatch
    response = self.handle_exception(exc)
               ^^^^^^^^^^^^^^^^^^^^^^^^^^
  File "/root/web_b2b/server_venv/lib/python3.12/site-packages/rest_framework/views.py", line 469, in handle_exception
    self.raise_uncaught_exception(exc)
  File "/root/web_b2b/server_venv/lib/python3.12/site-packages/rest_framework/views.py", line 480, in raise_uncaught_exception
    raise exc
  File "/root/web_b2b/server_venv/lib/python3.12/site-packages/rest_framework/views.py", line 506, in dispatch
    response = handler(request, *args, **kwargs)
               ^^^^^^^^^^^^^^^^^^^^^^^^^^^^^^^^^
  File "/root/web_b2b/server_venv/lib/python3.12/site-packages/rest_framework/decorators.py", line 41, in handler
    return func(*args, **kwargs)
           ^^^^^^^^^^^^^^^^^^^^^
  File "/root/web_b2b/server/myapp/views/index/thing.py", line 112, in detail
    category = Category.objects.get(pk=serializer.data['category'])
               ^^^^^^^^^^^^^^^^^^^^^^^^^^^^^^^^^^^^^^^^^^^^^^^^^^^^
  File "/root/web_b2b/server_venv/lib/python3.12/site-packages/django/db/models/manager.py", line 85, in manager_method
    return getattr(self.get_queryset(), name)(*args, **kwargs)
           ^^^^^^^^^^^^^^^^^^^^^^^^^^^^^^^^^^^^^^^^^^^^^^^^^^^
  File "/root/web_b2b/server_venv/lib/python3.12/site-packages/django/db/models/query.py", line 435, in get
    raise self.model.DoesNotExist(
myapp.models.Category.DoesNotExist: Category matching query does not exist.
"GET /myapp/index/thing/detail?id=46 HTTP/1.1" 500 113287
"GET /myapp/index/common/section HTTP/1.1" 200 3239
"GET /myapp/index/thing/section?page=1&pageSize=12&categoryId=-1&searchQuery= HTTP/1.1" 200 2886
"GET /myapp/index/thing/section?page=1&pageSize=9 HTTP/1.1" 200 2756
Internal Server Error: /myapp/index/thing/detail
Traceback (most recent call last):
  File "/root/web_b2b/server_venv/lib/python3.12/site-packages/django/core/handlers/exception.py", line 47, in inner
    response = get_response(request)
               ^^^^^^^^^^^^^^^^^^^^^
  File "/root/web_b2b/server_venv/lib/python3.12/site-packages/django/core/handlers/base.py", line 181, in _get_response
    response = wrapped_callback(request, *callback_args, **callback_kwargs)
               ^^^^^^^^^^^^^^^^^^^^^^^^^^^^^^^^^^^^^^^^^^^^^^^^^^^^^^^^^^^^
  File "/root/web_b2b/server_venv/lib/python3.12/site-packages/django/views/decorators/csrf.py", line 54, in wrapped_view
    return view_func(*args, **kwargs)
           ^^^^^^^^^^^^^^^^^^^^^^^^^^
  File "/root/web_b2b/server_venv/lib/python3.12/site-packages/django/views/generic/base.py", line 70, in view
    return self.dispatch(request, *args, **kwargs)
           ^^^^^^^^^^^^^^^^^^^^^^^^^^^^^^^^^^^^^^^
  File "/root/web_b2b/server_venv/lib/python3.12/site-packages/rest_framework/views.py", line 509, in dispatch
    response = self.handle_exception(exc)
               ^^^^^^^^^^^^^^^^^^^^^^^^^^
  File "/root/web_b2b/server_venv/lib/python3.12/site-packages/rest_framework/views.py", line 469, in handle_exception
    self.raise_uncaught_exception(exc)
  File "/root/web_b2b/server_venv/lib/python3.12/site-packages/rest_framework/views.py", line 480, in raise_uncaught_exception
    raise exc
  File "/root/web_b2b/server_venv/lib/python3.12/site-packages/rest_framework/views.py", line 506, in dispatch
    response = handler(request, *args, **kwargs)
               ^^^^^^^^^^^^^^^^^^^^^^^^^^^^^^^^^
  File "/root/web_b2b/server_venv/lib/python3.12/site-packages/rest_framework/decorators.py", line 41, in handler
    return func(*args, **kwargs)
           ^^^^^^^^^^^^^^^^^^^^^
  File "/root/web_b2b/server/myapp/views/index/thing.py", line 112, in detail
    category = Category.objects.get(pk=serializer.data['category'])
               ^^^^^^^^^^^^^^^^^^^^^^^^^^^^^^^^^^^^^^^^^^^^^^^^^^^^
  File "/root/web_b2b/server_venv/lib/python3.12/site-packages/django/db/models/manager.py", line 85, in manager_method
    return getattr(self.get_queryset(), name)(*args, **kwargs)
           ^^^^^^^^^^^^^^^^^^^^^^^^^^^^^^^^^^^^^^^^^^^^^^^^^^^
  File "/root/web_b2b/server_venv/lib/python3.12/site-packages/django/db/models/query.py", line 435, in get
    raise self.model.DoesNotExist(
myapp.models.Category.DoesNotExist: Category matching query does not exist.
"GET /myapp/index/thing/detail?id=45 HTTP/1.1" 500 113282
"GET /myapp/index/common/section HTTP/1.1" 200 3239
Internal Server Error: /myapp/index/thing/detail
Traceback (most recent call last):
  File "/root/web_b2b/server_venv/lib/python3.12/site-packages/django/db/models/fields/__init__.py", line 1823, in get_prep_value
    return int(value)
           ^^^^^^^^^^
ValueError: invalid literal for int() with base 10: 'category'

The above exception was the direct cause of the following exception:

Traceback (most recent call last):
  File "/root/web_b2b/server_venv/lib/python3.12/site-packages/django/core/handlers/exception.py", line 47, in inner
    response = get_response(request)
               ^^^^^^^^^^^^^^^^^^^^^
  File "/root/web_b2b/server_venv/lib/python3.12/site-packages/django/core/handlers/base.py", line 181, in _get_response
    response = wrapped_callback(request, *callback_args, **callback_kwargs)
               ^^^^^^^^^^^^^^^^^^^^^^^^^^^^^^^^^^^^^^^^^^^^^^^^^^^^^^^^^^^^
  File "/root/web_b2b/server_venv/lib/python3.12/site-packages/django/views/decorators/csrf.py", line 54, in wrapped_view
    return view_func(*args, **kwargs)
           ^^^^^^^^^^^^^^^^^^^^^^^^^^
  File "/root/web_b2b/server_venv/lib/python3.12/site-packages/django/views/generic/base.py", line 70, in view
    return self.dispatch(request, *args, **kwargs)
           ^^^^^^^^^^^^^^^^^^^^^^^^^^^^^^^^^^^^^^^
  File "/root/web_b2b/server_venv/lib/python3.12/site-packages/rest_framework/views.py", line 509, in dispatch
    response = self.handle_exception(exc)
               ^^^^^^^^^^^^^^^^^^^^^^^^^^
  File "/root/web_b2b/server_venv/lib/python3.12/site-packages/rest_framework/views.py", line 469, in handle_exception
    self.raise_uncaught_exception(exc)
  File "/root/web_b2b/server_venv/lib/python3.12/site-packages/rest_framework/views.py", line 480, in raise_uncaught_exception
    raise exc
  File "/root/web_b2b/server_venv/lib/python3.12/site-packages/rest_framework/views.py", line 506, in dispatch
    response = handler(request, *args, **kwargs)
               ^^^^^^^^^^^^^^^^^^^^^^^^^^^^^^^^^
  File "/root/web_b2b/server_venv/lib/python3.12/site-packages/rest_framework/decorators.py", line 41, in handler
    return func(*args, **kwargs)
           ^^^^^^^^^^^^^^^^^^^^^
  File "/root/web_b2b/server/myapp/views/index/thing.py", line 95, in detail
    thing = Thing.objects.get(pk=pk)
            ^^^^^^^^^^^^^^^^^^^^^^^^
  File "/root/web_b2b/server_venv/lib/python3.12/site-packages/django/db/models/manager.py", line 85, in manager_method
    return getattr(self.get_queryset(), name)(*args, **kwargs)
           ^^^^^^^^^^^^^^^^^^^^^^^^^^^^^^^^^^^^^^^^^^^^^^^^^^^
  File "/root/web_b2b/server_venv/lib/python3.12/site-packages/django/db/models/query.py", line 424, in get
    clone = self._chain() if self.query.combinator else self.filter(*args, **kwargs)
                                                        ^^^^^^^^^^^^^^^^^^^^^^^^^^^^
  File "/root/web_b2b/server_venv/lib/python3.12/site-packages/django/db/models/query.py", line 941, in filter
    return self._filter_or_exclude(False, args, kwargs)
           ^^^^^^^^^^^^^^^^^^^^^^^^^^^^^^^^^^^^^^^^^^^^
  File "/root/web_b2b/server_venv/lib/python3.12/site-packages/django/db/models/query.py", line 961, in _filter_or_exclude
    clone._filter_or_exclude_inplace(negate, args, kwargs)
  File "/root/web_b2b/server_venv/lib/python3.12/site-packages/django/db/models/query.py", line 968, in _filter_or_exclude_inplace
    self._query.add_q(Q(*args, **kwargs))
  File "/root/web_b2b/server_venv/lib/python3.12/site-packages/django/db/models/sql/query.py", line 1393, in add_q
    clause, _ = self._add_q(q_object, self.used_aliases)
                ^^^^^^^^^^^^^^^^^^^^^^^^^^^^^^^^^^^^^^^^
  File "/root/web_b2b/server_venv/lib/python3.12/site-packages/django/db/models/sql/query.py", line 1412, in _add_q
    child_clause, needed_inner = self.build_filter(
                                 ^^^^^^^^^^^^^^^^^^
  File "/root/web_b2b/server_venv/lib/python3.12/site-packages/django/db/models/sql/query.py", line 1347, in build_filter
    condition = self.build_lookup(lookups, col, value)
                ^^^^^^^^^^^^^^^^^^^^^^^^^^^^^^^^^^^^^^
  File "/root/web_b2b/server_venv/lib/python3.12/site-packages/django/db/models/sql/query.py", line 1193, in build_lookup
    lookup = lookup_class(lhs, rhs)
             ^^^^^^^^^^^^^^^^^^^^^^
  File "/root/web_b2b/server_venv/lib/python3.12/site-packages/django/db/models/lookups.py", line 25, in __init__
    self.rhs = self.get_prep_lookup()
               ^^^^^^^^^^^^^^^^^^^^^^
  File "/root/web_b2b/server_venv/lib/python3.12/site-packages/django/db/models/lookups.py", line 77, in get_prep_lookup
    return self.lhs.output_field.get_prep_value(self.rhs)
           ^^^^^^^^^^^^^^^^^^^^^^^^^^^^^^^^^^^^^^^^^^^^^^
  File "/root/web_b2b/server_venv/lib/python3.12/site-packages/django/db/models/fields/__init__.py", line 1825, in get_prep_value
    raise e.__class__(
ValueError: Field 'id' expected a number but got 'category'.
"GET /myapp/index/thing/detail?id=category HTTP/1.1" 500 157011
Internal Server Error: /myapp/index/thing/detail
Traceback (most recent call last):
  File "/root/web_b2b/server_venv/lib/python3.12/site-packages/django/db/models/fields/__init__.py", line 1823, in get_prep_value
    return int(value)
           ^^^^^^^^^^
ValueError: invalid literal for int() with base 10: 'category'

The above exception was the direct cause of the following exception:

Traceback (most recent call last):
  File "/root/web_b2b/server_venv/lib/python3.12/site-packages/django/core/handlers/exception.py", line 47, in inner
    response = get_response(request)
               ^^^^^^^^^^^^^^^^^^^^^
  File "/root/web_b2b/server_venv/lib/python3.12/site-packages/django/core/handlers/base.py", line 181, in _get_response
    response = wrapped_callback(request, *callback_args, **callback_kwargs)
               ^^^^^^^^^^^^^^^^^^^^^^^^^^^^^^^^^^^^^^^^^^^^^^^^^^^^^^^^^^^^
  File "/root/web_b2b/server_venv/lib/python3.12/site-packages/django/views/decorators/csrf.py", line 54, in wrapped_view
    return view_func(*args, **kwargs)
           ^^^^^^^^^^^^^^^^^^^^^^^^^^
  File "/root/web_b2b/server_venv/lib/python3.12/site-packages/django/views/generic/base.py", line 70, in view
    return self.dispatch(request, *args, **kwargs)
           ^^^^^^^^^^^^^^^^^^^^^^^^^^^^^^^^^^^^^^^
  File "/root/web_b2b/server_venv/lib/python3.12/site-packages/rest_framework/views.py", line 509, in dispatch
    response = self.handle_exception(exc)
               ^^^^^^^^^^^^^^^^^^^^^^^^^^
  File "/root/web_b2b/server_venv/lib/python3.12/site-packages/rest_framework/views.py", line 469, in handle_exception
    self.raise_uncaught_exception(exc)
  File "/root/web_b2b/server_venv/lib/python3.12/site-packages/rest_framework/views.py", line 480, in raise_uncaught_exception
    raise exc
  File "/root/web_b2b/server_venv/lib/python3.12/site-packages/rest_framework/views.py", line 506, in dispatch
    response = handler(request, *args, **kwargs)
               ^^^^^^^^^^^^^^^^^^^^^^^^^^^^^^^^^
  File "/root/web_b2b/server_venv/lib/python3.12/site-packages/rest_framework/decorators.py", line 41, in handler
    return func(*args, **kwargs)
           ^^^^^^^^^^^^^^^^^^^^^
  File "/root/web_b2b/server/myapp/views/index/thing.py", line 95, in detail
    thing = Thing.objects.get(pk=pk)
            ^^^^^^^^^^^^^^^^^^^^^^^^
  File "/root/web_b2b/server_venv/lib/python3.12/site-packages/django/db/models/manager.py", line 85, in manager_method
    return getattr(self.get_queryset(), name)(*args, **kwargs)
           ^^^^^^^^^^^^^^^^^^^^^^^^^^^^^^^^^^^^^^^^^^^^^^^^^^^
  File "/root/web_b2b/server_venv/lib/python3.12/site-packages/django/db/models/query.py", line 424, in get
    clone = self._chain() if self.query.combinator else self.filter(*args, **kwargs)
                                                        ^^^^^^^^^^^^^^^^^^^^^^^^^^^^
  File "/root/web_b2b/server_venv/lib/python3.12/site-packages/django/db/models/query.py", line 941, in filter
    return self._filter_or_exclude(False, args, kwargs)
           ^^^^^^^^^^^^^^^^^^^^^^^^^^^^^^^^^^^^^^^^^^^^
  File "/root/web_b2b/server_venv/lib/python3.12/site-packages/django/db/models/query.py", line 961, in _filter_or_exclude
    clone._filter_or_exclude_inplace(negate, args, kwargs)
  File "/root/web_b2b/server_venv/lib/python3.12/site-packages/django/db/models/query.py", line 968, in _filter_or_exclude_inplace
    self._query.add_q(Q(*args, **kwargs))
  File "/root/web_b2b/server_venv/lib/python3.12/site-packages/django/db/models/sql/query.py", line 1393, in add_q
    clause, _ = self._add_q(q_object, self.used_aliases)
                ^^^^^^^^^^^^^^^^^^^^^^^^^^^^^^^^^^^^^^^^
  File "/root/web_b2b/server_venv/lib/python3.12/site-packages/django/db/models/sql/query.py", line 1412, in _add_q
    child_clause, needed_inner = self.build_filter(
                                 ^^^^^^^^^^^^^^^^^^
  File "/root/web_b2b/server_venv/lib/python3.12/site-packages/django/db/models/sql/query.py", line 1347, in build_filter
    condition = self.build_lookup(lookups, col, value)
                ^^^^^^^^^^^^^^^^^^^^^^^^^^^^^^^^^^^^^^
  File "/root/web_b2b/server_venv/lib/python3.12/site-packages/django/db/models/sql/query.py", line 1193, in build_lookup
    lookup = lookup_class(lhs, rhs)
             ^^^^^^^^^^^^^^^^^^^^^^
  File "/root/web_b2b/server_venv/lib/python3.12/site-packages/django/db/models/lookups.py", line 25, in __init__
    self.rhs = self.get_prep_lookup()
               ^^^^^^^^^^^^^^^^^^^^^^
  File "/root/web_b2b/server_venv/lib/python3.12/site-packages/django/db/models/lookups.py", line 77, in get_prep_lookup
    return self.lhs.output_field.get_prep_value(self.rhs)
           ^^^^^^^^^^^^^^^^^^^^^^^^^^^^^^^^^^^^^^^^^^^^^^
  File "/root/web_b2b/server_venv/lib/python3.12/site-packages/django/db/models/fields/__init__.py", line 1825, in get_prep_value
    raise e.__class__(
ValueError: Field 'id' expected a number but got 'category'.
"GET /myapp/index/thing/detail?id=category HTTP/1.1" 500 157011
"GET /myapp/index/common/section HTTP/1.1" 200 3239
"GET /myapp/index/thing/section?page=1&pageSize=9 HTTP/1.1" 200 2756
"GET /myapp/index/thing/section?page=1&pageSize=12&searchQuery= HTTP/1.1" 200 2886
Internal Server Error: /myapp/index/thing/detail
Traceback (most recent call last):
  File "/root/web_b2b/server_venv/lib/python3.12/site-packages/django/core/handlers/exception.py", line 47, in inner
    response = get_response(request)
               ^^^^^^^^^^^^^^^^^^^^^
  File "/root/web_b2b/server_venv/lib/python3.12/site-packages/django/core/handlers/base.py", line 181, in _get_response
    response = wrapped_callback(request, *callback_args, **callback_kwargs)
               ^^^^^^^^^^^^^^^^^^^^^^^^^^^^^^^^^^^^^^^^^^^^^^^^^^^^^^^^^^^^
  File "/root/web_b2b/server_venv/lib/python3.12/site-packages/django/views/decorators/csrf.py", line 54, in wrapped_view
    return view_func(*args, **kwargs)
           ^^^^^^^^^^^^^^^^^^^^^^^^^^
  File "/root/web_b2b/server_venv/lib/python3.12/site-packages/django/views/generic/base.py", line 70, in view
    return self.dispatch(request, *args, **kwargs)
           ^^^^^^^^^^^^^^^^^^^^^^^^^^^^^^^^^^^^^^^
  File "/root/web_b2b/server_venv/lib/python3.12/site-packages/rest_framework/views.py", line 509, in dispatch
    response = self.handle_exception(exc)
               ^^^^^^^^^^^^^^^^^^^^^^^^^^
  File "/root/web_b2b/server_venv/lib/python3.12/site-packages/rest_framework/views.py", line 469, in handle_exception
    self.raise_uncaught_exception(exc)
  File "/root/web_b2b/server_venv/lib/python3.12/site-packages/rest_framework/views.py", line 480, in raise_uncaught_exception
    raise exc
  File "/root/web_b2b/server_venv/lib/python3.12/site-packages/rest_framework/views.py", line 506, in dispatch
    response = handler(request, *args, **kwargs)
               ^^^^^^^^^^^^^^^^^^^^^^^^^^^^^^^^^
  File "/root/web_b2b/server_venv/lib/python3.12/site-packages/rest_framework/decorators.py", line 41, in handler
    return func(*args, **kwargs)
           ^^^^^^^^^^^^^^^^^^^^^
  File "/root/web_b2b/server/myapp/views/index/thing.py", line 112, in detail
    category = Category.objects.get(pk=serializer.data['category'])
               ^^^^^^^^^^^^^^^^^^^^^^^^^^^^^^^^^^^^^^^^^^^^^^^^^^^^
  File "/root/web_b2b/server_venv/lib/python3.12/site-packages/django/db/models/manager.py", line 85, in manager_method
    return getattr(self.get_queryset(), name)(*args, **kwargs)
           ^^^^^^^^^^^^^^^^^^^^^^^^^^^^^^^^^^^^^^^^^^^^^^^^^^^
  File "/root/web_b2b/server_venv/lib/python3.12/site-packages/django/db/models/query.py", line 435, in get
    raise self.model.DoesNotExist(
myapp.models.Category.DoesNotExist: Category matching query does not exist.
"GET /myapp/index/thing/detail?id=48 HTTP/1.1" 500 113290
"GET /myapp/index/common/section HTTP/1.1" 200 3239
Internal Server Error: /myapp/index/thing/detail
Traceback (most recent call last):
  File "/root/web_b2b/server_venv/lib/python3.12/site-packages/django/db/models/fields/__init__.py", line 1823, in get_prep_value
    return int(value)
           ^^^^^^^^^^
ValueError: invalid literal for int() with base 10: 'category'

The above exception was the direct cause of the following exception:

Traceback (most recent call last):
  File "/root/web_b2b/server_venv/lib/python3.12/site-packages/django/core/handlers/exception.py", line 47, in inner
    response = get_response(request)
               ^^^^^^^^^^^^^^^^^^^^^
  File "/root/web_b2b/server_venv/lib/python3.12/site-packages/django/core/handlers/base.py", line 181, in _get_response
    response = wrapped_callback(request, *callback_args, **callback_kwargs)
               ^^^^^^^^^^^^^^^^^^^^^^^^^^^^^^^^^^^^^^^^^^^^^^^^^^^^^^^^^^^^
  File "/root/web_b2b/server_venv/lib/python3.12/site-packages/django/views/decorators/csrf.py", line 54, in wrapped_view
    return view_func(*args, **kwargs)
           ^^^^^^^^^^^^^^^^^^^^^^^^^^
  File "/root/web_b2b/server_venv/lib/python3.12/site-packages/django/views/generic/base.py", line 70, in view
    return self.dispatch(request, *args, **kwargs)
           ^^^^^^^^^^^^^^^^^^^^^^^^^^^^^^^^^^^^^^^
  File "/root/web_b2b/server_venv/lib/python3.12/site-packages/rest_framework/views.py", line 509, in dispatch
    response = self.handle_exception(exc)
               ^^^^^^^^^^^^^^^^^^^^^^^^^^
  File "/root/web_b2b/server_venv/lib/python3.12/site-packages/rest_framework/views.py", line 469, in handle_exception
    self.raise_uncaught_exception(exc)
  File "/root/web_b2b/server_venv/lib/python3.12/site-packages/rest_framework/views.py", line 480, in raise_uncaught_exception
    raise exc
  File "/root/web_b2b/server_venv/lib/python3.12/site-packages/rest_framework/views.py", line 506, in dispatch
    response = handler(request, *args, **kwargs)
               ^^^^^^^^^^^^^^^^^^^^^^^^^^^^^^^^^
  File "/root/web_b2b/server_venv/lib/python3.12/site-packages/rest_framework/decorators.py", line 41, in handler
    return func(*args, **kwargs)
           ^^^^^^^^^^^^^^^^^^^^^
  File "/root/web_b2b/server/myapp/views/index/thing.py", line 95, in detail
    thing = Thing.objects.get(pk=pk)
            ^^^^^^^^^^^^^^^^^^^^^^^^
  File "/root/web_b2b/server_venv/lib/python3.12/site-packages/django/db/models/manager.py", line 85, in manager_method
    return getattr(self.get_queryset(), name)(*args, **kwargs)
           ^^^^^^^^^^^^^^^^^^^^^^^^^^^^^^^^^^^^^^^^^^^^^^^^^^^
  File "/root/web_b2b/server_venv/lib/python3.12/site-packages/django/db/models/query.py", line 424, in get
    clone = self._chain() if self.query.combinator else self.filter(*args, **kwargs)
                                                        ^^^^^^^^^^^^^^^^^^^^^^^^^^^^
  File "/root/web_b2b/server_venv/lib/python3.12/site-packages/django/db/models/query.py", line 941, in filter
    return self._filter_or_exclude(False, args, kwargs)
           ^^^^^^^^^^^^^^^^^^^^^^^^^^^^^^^^^^^^^^^^^^^^
  File "/root/web_b2b/server_venv/lib/python3.12/site-packages/django/db/models/query.py", line 961, in _filter_or_exclude
    clone._filter_or_exclude_inplace(negate, args, kwargs)
  File "/root/web_b2b/server_venv/lib/python3.12/site-packages/django/db/models/query.py", line 968, in _filter_or_exclude_inplace
    self._query.add_q(Q(*args, **kwargs))
  File "/root/web_b2b/server_venv/lib/python3.12/site-packages/django/db/models/sql/query.py", line 1393, in add_q
    clause, _ = self._add_q(q_object, self.used_aliases)
                ^^^^^^^^^^^^^^^^^^^^^^^^^^^^^^^^^^^^^^^^
  File "/root/web_b2b/server_venv/lib/python3.12/site-packages/django/db/models/sql/query.py", line 1412, in _add_q
    child_clause, needed_inner = self.build_filter(
                                 ^^^^^^^^^^^^^^^^^^
  File "/root/web_b2b/server_venv/lib/python3.12/site-packages/django/db/models/sql/query.py", line 1347, in build_filter
    condition = self.build_lookup(lookups, col, value)
                ^^^^^^^^^^^^^^^^^^^^^^^^^^^^^^^^^^^^^^
  File "/root/web_b2b/server_venv/lib/python3.12/site-packages/django/db/models/sql/query.py", line 1193, in build_lookup
    lookup = lookup_class(lhs, rhs)
             ^^^^^^^^^^^^^^^^^^^^^^
  File "/root/web_b2b/server_venv/lib/python3.12/site-packages/django/db/models/lookups.py", line 25, in __init__
    self.rhs = self.get_prep_lookup()
               ^^^^^^^^^^^^^^^^^^^^^^
  File "/root/web_b2b/server_venv/lib/python3.12/site-packages/django/db/models/lookups.py", line 77, in get_prep_lookup
    return self.lhs.output_field.get_prep_value(self.rhs)
           ^^^^^^^^^^^^^^^^^^^^^^^^^^^^^^^^^^^^^^^^^^^^^^
  File "/root/web_b2b/server_venv/lib/python3.12/site-packages/django/db/models/fields/__init__.py", line 1825, in get_prep_value
    raise e.__class__(
ValueError: Field 'id' expected a number but got 'category'.
"GET /myapp/index/thing/detail?id=category HTTP/1.1" 500 157011
Internal Server Error: /myapp/index/thing/detail
Traceback (most recent call last):
  File "/root/web_b2b/server_venv/lib/python3.12/site-packages/django/db/models/fields/__init__.py", line 1823, in get_prep_value
    return int(value)
           ^^^^^^^^^^
ValueError: invalid literal for int() with base 10: 'category'

The above exception was the direct cause of the following exception:

Traceback (most recent call last):
  File "/root/web_b2b/server_venv/lib/python3.12/site-packages/django/core/handlers/exception.py", line 47, in inner
    response = get_response(request)
               ^^^^^^^^^^^^^^^^^^^^^
  File "/root/web_b2b/server_venv/lib/python3.12/site-packages/django/core/handlers/base.py", line 181, in _get_response
    response = wrapped_callback(request, *callback_args, **callback_kwargs)
               ^^^^^^^^^^^^^^^^^^^^^^^^^^^^^^^^^^^^^^^^^^^^^^^^^^^^^^^^^^^^
  File "/root/web_b2b/server_venv/lib/python3.12/site-packages/django/views/decorators/csrf.py", line 54, in wrapped_view
    return view_func(*args, **kwargs)
           ^^^^^^^^^^^^^^^^^^^^^^^^^^
  File "/root/web_b2b/server_venv/lib/python3.12/site-packages/django/views/generic/base.py", line 70, in view
    return self.dispatch(request, *args, **kwargs)
           ^^^^^^^^^^^^^^^^^^^^^^^^^^^^^^^^^^^^^^^
  File "/root/web_b2b/server_venv/lib/python3.12/site-packages/rest_framework/views.py", line 509, in dispatch
    response = self.handle_exception(exc)
               ^^^^^^^^^^^^^^^^^^^^^^^^^^
  File "/root/web_b2b/server_venv/lib/python3.12/site-packages/rest_framework/views.py", line 469, in handle_exception
    self.raise_uncaught_exception(exc)
  File "/root/web_b2b/server_venv/lib/python3.12/site-packages/rest_framework/views.py", line 480, in raise_uncaught_exception
    raise exc
  File "/root/web_b2b/server_venv/lib/python3.12/site-packages/rest_framework/views.py", line 506, in dispatch
    response = handler(request, *args, **kwargs)
               ^^^^^^^^^^^^^^^^^^^^^^^^^^^^^^^^^
  File "/root/web_b2b/server_venv/lib/python3.12/site-packages/rest_framework/decorators.py", line 41, in handler
    return func(*args, **kwargs)
           ^^^^^^^^^^^^^^^^^^^^^
  File "/root/web_b2b/server/myapp/views/index/thing.py", line 95, in detail
    thing = Thing.objects.get(pk=pk)
            ^^^^^^^^^^^^^^^^^^^^^^^^
  File "/root/web_b2b/server_venv/lib/python3.12/site-packages/django/db/models/manager.py", line 85, in manager_method
    return getattr(self.get_queryset(), name)(*args, **kwargs)
           ^^^^^^^^^^^^^^^^^^^^^^^^^^^^^^^^^^^^^^^^^^^^^^^^^^^
  File "/root/web_b2b/server_venv/lib/python3.12/site-packages/django/db/models/query.py", line 424, in get
    clone = self._chain() if self.query.combinator else self.filter(*args, **kwargs)
                                                        ^^^^^^^^^^^^^^^^^^^^^^^^^^^^
  File "/root/web_b2b/server_venv/lib/python3.12/site-packages/django/db/models/query.py", line 941, in filter
    return self._filter_or_exclude(False, args, kwargs)
           ^^^^^^^^^^^^^^^^^^^^^^^^^^^^^^^^^^^^^^^^^^^^
  File "/root/web_b2b/server_venv/lib/python3.12/site-packages/django/db/models/query.py", line 961, in _filter_or_exclude
    clone._filter_or_exclude_inplace(negate, args, kwargs)
  File "/root/web_b2b/server_venv/lib/python3.12/site-packages/django/db/models/query.py", line 968, in _filter_or_exclude_inplace
    self._query.add_q(Q(*args, **kwargs))
  File "/root/web_b2b/server_venv/lib/python3.12/site-packages/django/db/models/sql/query.py", line 1393, in add_q
    clause, _ = self._add_q(q_object, self.used_aliases)
                ^^^^^^^^^^^^^^^^^^^^^^^^^^^^^^^^^^^^^^^^
  File "/root/web_b2b/server_venv/lib/python3.12/site-packages/django/db/models/sql/query.py", line 1412, in _add_q
    child_clause, needed_inner = self.build_filter(
                                 ^^^^^^^^^^^^^^^^^^
  File "/root/web_b2b/server_venv/lib/python3.12/site-packages/django/db/models/sql/query.py", line 1347, in build_filter
    condition = self.build_lookup(lookups, col, value)
                ^^^^^^^^^^^^^^^^^^^^^^^^^^^^^^^^^^^^^^
  File "/root/web_b2b/server_venv/lib/python3.12/site-packages/django/db/models/sql/query.py", line 1193, in build_lookup
    lookup = lookup_class(lhs, rhs)
             ^^^^^^^^^^^^^^^^^^^^^^
  File "/root/web_b2b/server_venv/lib/python3.12/site-packages/django/db/models/lookups.py", line 25, in __init__
    self.rhs = self.get_prep_lookup()
               ^^^^^^^^^^^^^^^^^^^^^^
  File "/root/web_b2b/server_venv/lib/python3.12/site-packages/django/db/models/lookups.py", line 77, in get_prep_lookup
    return self.lhs.output_field.get_prep_value(self.rhs)
           ^^^^^^^^^^^^^^^^^^^^^^^^^^^^^^^^^^^^^^^^^^^^^^
  File "/root/web_b2b/server_venv/lib/python3.12/site-packages/django/db/models/fields/__init__.py", line 1825, in get_prep_value
    raise e.__class__(
ValueError: Field 'id' expected a number but got 'category'.
"GET /myapp/index/thing/detail?id=category HTTP/1.1" 500 157011
"GET /myapp/index/common/section HTTP/1.1" 200 3239
"GET /myapp/index/thing/section?page=1&pageSize=12&categoryId=-1&searchQuery= HTTP/1.1" 200 2886
"GET /myapp/index/thing/section?page=1&pageSize=9 HTTP/1.1" 200 2756
"GET /myapp/index/common/section HTTP/1.1" 200 3239
"GET /myapp/index/thing/section?page=1&pageSize=12&categoryId=-1&searchQuery= HTTP/1.1" 200 2886
"GET /myapp/index/thing/section?page=1&pageSize=9 HTTP/1.1" 200 2756
"GET /myapp/index/home/section HTTP/1.1" 200 3964
"GET /myapp/index/common/section HTTP/1.1" 200 3239
"GET /myapp/admin/basicGlobal/listInfo HTTP/1.0" 200 611
"POST /myapp/admin/adminLogin HTTP/1.0" 200 53
"POST /myapp/admin/adminLogin HTTP/1.0" 200 53
"POST /myapp/admin/adminLogin HTTP/1.0" 200 53
"POST /myapp/admin/adminLogin HTTP/1.0" 200 328
"GET /myapp/admin/overview/count?days=7 HTTP/1.0" 200 325
"GET /myapp/admin/overview/dataCount HTTP/1.0" 200 136
"GET /myapp/admin/faq/list?page=1&pageSize=10 HTTP/1.0" 200 3627
"GET /myapp/admin/thing/list?page=1&pageSize=10&keyword= HTTP/1.0" 200 54656
"GET /myapp/admin/category/list HTTP/1.0" 200 463
"GET /myapp/admin/category/list HTTP/1.0" 200 463
"GET /myapp/admin/category/list HTTP/1.0" 200 463
"GET /myapp/admin/category/list HTTP/1.0" 200 463
"GET /myapp/admin/category/list HTTP/1.0" 200 463
"POST /myapp/admin/thing/update HTTP/1.0" 200 5460
"GET /myapp/admin/thing/list?page=1&pageSize=10&keyword= HTTP/1.0" 200 54694
"GET /myapp/admin/category/list HTTP/1.0" 200 463
"GET /myapp/admin/category/list HTTP/1.0" 200 463
"POST /myapp/admin/thing/update HTTP/1.0" 200 5498
"GET /myapp/admin/thing/list?page=1&pageSize=10&keyword= HTTP/1.0" 200 54732
"GET /myapp/admin/category/list HTTP/1.0" 200 463
"GET /myapp/admin/category/list HTTP/1.0" 200 463
"POST /myapp/admin/thing/update HTTP/1.0" 200 5489
"GET /myapp/admin/thing/list?page=1&pageSize=10&keyword= HTTP/1.0" 200 54770
"GET /myapp/admin/category/list HTTP/1.0" 200 463
"GET /myapp/admin/category/list HTTP/1.0" 200 463
"POST /myapp/admin/thing/update HTTP/1.0" 200 5536
"GET /myapp/admin/thing/list?page=1&pageSize=10&keyword= HTTP/1.0" 200 54808
"GET /myapp/admin/category/list HTTP/1.0" 200 463
"GET /myapp/admin/category/list HTTP/1.0" 200 463
"POST /myapp/admin/thing/update HTTP/1.0" 200 5527
"GET /myapp/admin/thing/list?page=1&pageSize=10&keyword= HTTP/1.0" 200 54846
"GET /myapp/admin/category/list HTTP/1.0" 200 463
"GET /myapp/admin/category/list HTTP/1.0" 200 463
"POST /myapp/admin/thing/update HTTP/1.0" 200 5477
"GET /myapp/admin/thing/list?page=1&pageSize=10&keyword= HTTP/1.0" 200 54884
"GET /myapp/admin/category/list HTTP/1.0" 200 463
"GET /myapp/admin/category/list HTTP/1.0" 200 463
"GET /myapp/admin/category/list HTTP/1.0" 200 463
"GET /myapp/admin/category/list HTTP/1.0" 200 463
"POST /myapp/admin/thing/update HTTP/1.0" 200 5579
"GET /myapp/admin/thing/list?page=1&pageSize=10&keyword= HTTP/1.0" 200 54922
"GET /myapp/admin/category/list HTTP/1.0" 200 463
"GET /myapp/admin/category/list HTTP/1.0" 200 463
"POST /myapp/admin/thing/update HTTP/1.0" 200 5507
"GET /myapp/admin/thing/list?page=1&pageSize=10&keyword= HTTP/1.0" 200 54960
"GET /myapp/admin/category/list HTTP/1.0" 200 463
"GET /myapp/admin/category/list HTTP/1.0" 200 463
"POST /myapp/admin/thing/update HTTP/1.0" 200 5471
"GET /myapp/admin/thing/list?page=1&pageSize=10&keyword= HTTP/1.0" 200 54998
"GET /myapp/admin/category/list HTTP/1.0" 200 463
"GET /myapp/admin/category/list HTTP/1.0" 200 463
"POST /myapp/admin/thing/update HTTP/1.0" 200 5991
"GET /myapp/admin/thing/list?page=1&pageSize=10&keyword= HTTP/1.0" 200 55036
"GET /myapp/admin/category/list HTTP/1.0" 200 463
"GET /myapp/index/common/section HTTP/1.1" 200 3239
"GET /myapp/index/thing/section?page=1&pageSize=9 HTTP/1.1" 200 3276
"GET /myapp/index/thing/section?page=1&pageSize=12&categoryId=-1&searchQuery= HTTP/1.1" 200 3446
"GET /myapp/index/thing/detail?id=52 HTTP/1.1" 200 6232
"GET /myapp/index/home/section HTTP/1.1" 200 4124
"GET /myapp/index/thing/section?page=1&pageSize=12&searchQuery= HTTP/1.1" 200 3446
"GET /myapp/index/thing/section?page=1&pageSize=9 HTTP/1.1" 200 3276
"GET /myapp/index/thing/section?page=1&pageSize=9 HTTP/1.1" 200 3276
"GET /myapp/index/thing/section?page=1&pageSize=12&categoryId=50&searchQuery= HTTP/1.1" 200 3446
"GET /myapp/index/thing/section?page=1&pageSize=12&categoryId=51&searchQuery= HTTP/1.1" 200 1602
"GET /myapp/index/thing/section?page=1&pageSize=9 HTTP/1.1" 200 3276
"GET /myapp/index/thing/section?page=1&pageSize=12&categoryId=-1&searchQuery= HTTP/1.1" 200 3446
"GET /myapp/index/thing/section?page=1&pageSize=9 HTTP/1.1" 200 3276
"GET /myapp/index/thing/detail?id=51 HTTP/1.1" 200 6270
"GET /myapp/index/thing/detail?id=49 HTTP/1.1" 200 6308
"GET /myapp/index/home/section HTTP/1.1" 200 4124
"GET /myapp/index/common/section HTTP/1.1" 200 3239
"GET /myapp/index/common/section HTTP/1.1" 200 3239
"GET /myapp/index/thing/section?page=1&pageSize=12&categoryId=51&searchQuery= HTTP/1.1" 200 1602
"GET /myapp/index/thing/section?page=1&pageSize=9 HTTP/1.1" 200 3276
"GET /myapp/index/home/section HTTP/1.1" 200 4124
"GET /myapp/index/common/section HTTP/1.1" 200 3239
"GET /myapp/index/common/section HTTP/1.1" 200 3239
"GET /myapp/index/thing/section?page=1&pageSize=9 HTTP/1.1" 200 3276
"GET /myapp/index/thing/section?page=1&pageSize=12&categoryId=50&searchQuery= HTTP/1.1" 200 3446
"GET /myapp/index/common/section HTTP/1.1" 200 3239
"GET /myapp/index/home/section HTTP/1.1" 200 4124
"GET /myapp/index/common/section HTTP/1.1" 200 3239
"GET /myapp/index/home/section HTTP/1.1" 200 4124
"GET /myapp/index/thing/section?page=1&pageSize=9 HTTP/1.1" 200 3276
"GET /myapp/index/thing/section?page=1&pageSize=12&searchQuery= HTTP/1.1" 200 3446
"GET /myapp/index/thing/section?page=1&pageSize=12&categoryId=51&searchQuery= HTTP/1.1" 200 1602
"GET /myapp/index/thing/section?page=1&pageSize=9 HTTP/1.1" 200 3276
"GET /myapp/index/thing/section?page=1&pageSize=9 HTTP/1.1" 200 3276
"GET /myapp/index/thing/section?page=1&pageSize=12&categoryId=50&searchQuery= HTTP/1.1" 200 3446
"GET /myapp/index/thing/section?page=1&pageSize=12&categoryId=52&searchQuery= HTTP/1.1" 200 1602
"GET /myapp/index/thing/section?page=1&pageSize=9 HTTP/1.1" 200 3276
"GET /myapp/index/thing/section?page=1&pageSize=12&categoryId=53&searchQuery= HTTP/1.1" 200 1602
"GET /myapp/index/thing/section?page=1&pageSize=9 HTTP/1.1" 200 3276
Not Found: /myapp/index/thing/section
"GET /myapp/index/thing/section?page=2&pageSize=12&categoryId=50&searchQuery= HTTP/1.1" 404 28
"GET /myapp/index/thing/section?page=1&pageSize=9 HTTP/1.1" 200 3276
"GET /myapp/index/common/section HTTP/1.1" 200 3239
"GET /myapp/index/home/section HTTP/1.1" 200 4124
"GET /myapp/index/common/section HTTP/1.1" 200 3239
"GET /myapp/index/home/section HTTP/1.1" 200 4124
"GET /myapp/index/common/section HTTP/1.1" 200 3239
"GET /myapp/index/home/section HTTP/1.1" 200 4124
"GET /myapp/index/common/section HTTP/1.1" 200 3239
"GET /myapp/index/home/section HTTP/1.1" 200 4124
"GET /myapp/index/common/section HTTP/1.1" 200 3239
"GET /myapp/index/home/section HTTP/1.1" 200 4124
"GET /myapp/index/home/section HTTP/1.1" 200 4124
"GET /myapp/index/common/section HTTP/1.1" 200 3239
"GET /myapp/index/common/section HTTP/1.1" 200 3239
"GET /myapp/index/thing/detail?id=43 HTTP/1.1" 200 6763
"GET /myapp/index/common/section HTTP/1.1" 200 3239
"GET /myapp/index/thing/detail?id=46 HTTP/1.1" 200 6249
"GET /myapp/index/common/section HTTP/1.1" 200 3239
"GET /myapp/index/home/section HTTP/1.1" 200 4124
"GET /myapp/index/common/section HTTP/1.1" 200 3239
"GET /myapp/index/thing/section?page=1&pageSize=12&searchQuery= HTTP/1.1" 200 3446
"GET /myapp/index/thing/section?page=1&pageSize=9 HTTP/1.1" 200 3276
"GET /myapp/index/thing/detail?id=51 HTTP/1.1" 200 6270
"GET /myapp/index/home/section HTTP/1.1" 200 4124
"GET /myapp/index/home/section HTTP/1.1" 200 4124
"GET /myapp/index/common/section HTTP/1.1" 200 3239
"GET /myapp/index/common/section HTTP/1.1" 200 3239
"GET /myapp/index/home/section HTTP/1.1" 200 4124
"GET /myapp/index/home/section HTTP/1.1" 200 4124
"GET /myapp/index/common/section HTTP/1.1" 200 3239
"GET /myapp/index/common/section HTTP/1.1" 200 3239
"GET /myapp/index/home/section HTTP/1.1" 200 4124
"GET /myapp/index/home/section HTTP/1.1" 200 4124
"GET /myapp/index/common/section HTTP/1.1" 200 3239
"GET /myapp/index/thing/detail?id=45 HTTP/1.1" 200 6279
"GET /myapp/index/about/section HTTP/1.1" 200 4216
"GET /myapp/index/thing/detail?id=43 HTTP/1.1" 200 6763
"GET /myapp/index/contact/section HTTP/1.1" 200 1757
"GET /myapp/index/home/section HTTP/1.1" 200 4124
"GET /myapp/index/common/section HTTP/1.1" 200 3239
"GET /myapp/index/common/section HTTP/1.1" 200 3239
"GET /myapp/index/home/section HTTP/1.1" 200 4124
"GET /myapp/index/home/section HTTP/1.1" 200 4124
"GET /myapp/index/common/section HTTP/1.1" 200 3239
"GET /myapp/index/common/section HTTP/1.1" 200 3239
"GET /myapp/index/home/section HTTP/1.1" 200 4124
"GET /myapp/index/common/section HTTP/1.1" 200 3239
"GET /myapp/index/home/section HTTP/1.1" 200 4124
"GET /myapp/index/common/section HTTP/1.1" 200 3239
"GET /myapp/index/home/section HTTP/1.1" 200 4124
"GET /myapp/index/home/section HTTP/1.1" 200 4124
"GET /myapp/index/common/section HTTP/1.1" 200 3239
"GET /myapp/index/thing/section?page=1&pageSize=12&searchQuery= HTTP/1.1" 200 3446
"GET /myapp/index/thing/section?page=1&pageSize=9 HTTP/1.1" 200 3276
Not Found: /myapp/index/thing/section
"GET /myapp/index/thing/section?page=2&pageSize=12&categoryId=-1&searchQuery= HTTP/1.1" 404 28
"GET /myapp/index/thing/section?page=1&pageSize=9 HTTP/1.1" 200 3276
"GET /myapp/index/common/section HTTP/1.1" 200 3239
"GET /myapp/index/contact/section HTTP/1.1" 200 1757
"GET /myapp/index/common/section HTTP/1.1" 200 3239
"GET /myapp/index/home/section HTTP/1.1" 200 4124
"GET /myapp/index/home/section HTTP/1.1" 200 4124
"GET /myapp/index/home/section HTTP/1.1" 200 4124
"GET /myapp/index/common/section HTTP/1.1" 200 3239
"GET /myapp/index/home/section HTTP/1.1" 200 4124
"GET /myapp/index/common/section HTTP/1.1" 200 3239
"GET /myapp/index/common/section HTTP/1.1" 200 3239
"GET /myapp/index/home/section HTTP/1.1" 200 4124
"GET /myapp/index/home/section HTTP/1.1" 200 4124
"GET /myapp/index/common/section HTTP/1.1" 200 3239
"GET /myapp/index/common/section HTTP/1.1" 200 3239
"GET /myapp/index/home/section HTTP/1.1" 200 4124
"GET /myapp/index/home/section HTTP/1.1" 200 4124
"GET /myapp/index/common/section HTTP/1.1" 200 3239
"GET /myapp/index/common/section HTTP/1.1" 200 3239
"GET /myapp/index/home/section HTTP/1.1" 200 4124
"GET /myapp/index/thing/section?page=1&pageSize=9 HTTP/1.1" 200 3276
"GET /myapp/index/thing/section?page=1&pageSize=12&searchQuery= HTTP/1.1" 200 3446
"GET /myapp/index/about/section HTTP/1.1" 200 4216
"GET /myapp/index/contact/section HTTP/1.1" 200 1757
"GET /myapp/index/home/section HTTP/1.1" 200 4124
"GET /myapp/index/common/section HTTP/1.1" 200 3239
"GET /myapp/index/home/section HTTP/1.1" 200 4124
"GET /myapp/index/common/section HTTP/1.1" 200 3239
"GET /myapp/index/thing/section?page=1&pageSize=12&categoryId=51&searchQuery= HTTP/1.1" 200 1602
"GET /myapp/index/thing/section?page=1&pageSize=9 HTTP/1.1" 200 3276
"GET /myapp/index/thing/section?page=1&pageSize=12&categoryId=52&searchQuery= HTTP/1.1" 200 1602
"GET /myapp/index/thing/section?page=1&pageSize=9 HTTP/1.1" 200 3276
"GET /myapp/index/common/section HTTP/1.1" 200 3239
"GET /myapp/index/home/section HTTP/1.1" 200 4124
"GET /myapp/index/home/section HTTP/1.1" 200 4124
"GET /myapp/index/common/section HTTP/1.1" 200 3239
"GET /myapp/index/common/section HTTP/1.1" 200 3239
"GET /myapp/index/news/detail?id=5 HTTP/1.1" 200 29440
"GET /myapp/index/home/section HTTP/1.1" 200 4124
"GET /myapp/index/common/section HTTP/1.1" 200 3239
"GET /myapp/index/common/section HTTP/1.1" 200 3239
"GET /myapp/index/contact/section HTTP/1.1" 200 1757
"GET /myapp/index/common/section HTTP/1.1" 200 3239
"GET /myapp/index/thing/detail?id=52 HTTP/1.1" 200 6232
"GET /myapp/index/common/section HTTP/1.1" 200 3239
"GET /myapp/index/news/section?page=1&pageSize=9 HTTP/1.1" 200 2218
"GET /myapp/index/news/section?page=1&pageSize=9 HTTP/1.1" 200 2218
"GET /myapp/index/common/section HTTP/1.1" 200 3239
"GET /myapp/index/news/detail?id=10 HTTP/1.1" 200 29416
"GET /myapp/index/common/section HTTP/1.1" 200 3239
"GET /myapp/index/home/section HTTP/1.1" 200 4124
"GET /myapp/index/common/section HTTP/1.1" 200 3239
"GET /myapp/index/news/detail?id=8 HTTP/1.1" 200 29411
"GET /myapp/index/common/section HTTP/1.1" 200 3239
"GET /myapp/index/home/section HTTP/1.1" 200 4124
"GET /myapp/index/thing/section?page=1&pageSize=12&searchQuery= HTTP/1.1" 200 3446
"GET /myapp/index/thing/section?page=1&pageSize=9 HTTP/1.1" 200 3276
"GET /myapp/index/home/section HTTP/1.1" 200 4124
"GET /myapp/index/common/section HTTP/1.1" 200 3239
"GET /myapp/index/common/section HTTP/1.1" 200 3239
"GET /myapp/index/home/section HTTP/1.1" 200 4124
"GET /myapp/index/about/section HTTP/1.1" 200 4216
"GET /myapp/index/home/section HTTP/1.1" 200 4124
"GET /myapp/index/common/section HTTP/1.1" 200 3239
"GET /myapp/index/common/section HTTP/1.1" 200 3239
"GET /myapp/index/home/section HTTP/1.1" 200 4124
"GET /myapp/index/home/section HTTP/1.1" 200 4124
"GET /myapp/index/common/section HTTP/1.1" 200 3239
"GET /myapp/index/common/section HTTP/1.1" 200 3239
"GET /myapp/index/home/section HTTP/1.1" 200 4124
"GET /myapp/index/home/section HTTP/1.1" 200 4124
"GET /myapp/index/common/section HTTP/1.1" 200 3239
"GET /myapp/index/common/section HTTP/1.1" 200 3239
"GET /myapp/index/home/section HTTP/1.1" 200 4124
"GET /myapp/index/common/section HTTP/1.1" 200 3239
"GET /myapp/index/home/section HTTP/1.1" 200 4124
"GET /myapp/index/thing/detail?id=52 HTTP/1.1" 200 6232
"GET /myapp/index/common/section HTTP/1.1" 200 3239
"GET /myapp/index/thing/detail?id=52 HTTP/1.1" 200 6232
"GET /myapp/index/home/section HTTP/1.1" 200 4124
"GET /myapp/index/thing/section?page=1&pageSize=12&categoryId=51&searchQuery= HTTP/1.1" 200 1602
"GET /myapp/index/thing/section?page=1&pageSize=9 HTTP/1.1" 200 3276
"GET /myapp/index/contact/section HTTP/1.1" 200 1757
"GET /myapp/index/contact/section HTTP/1.1" 200 1757
"GET /myapp/index/home/section HTTP/1.1" 200 4124
"GET /myapp/index/thing/section?page=1&pageSize=9 HTTP/1.1" 200 3276
"GET /myapp/index/thing/section?page=1&pageSize=12&searchQuery= HTTP/1.1" 200 3446
"GET /myapp/index/home/section HTTP/1.1" 200 4124
"GET /myapp/index/home/section HTTP/1.1" 200 4124
"GET /myapp/index/common/section HTTP/1.1" 200 3239
"GET /myapp/index/common/section HTTP/1.1" 200 3239
"GET /myapp/index/home/section HTTP/1.1" 200 4124
"GET /myapp/index/common/section HTTP/1.1" 200 3239
"GET /myapp/index/home/section HTTP/1.1" 200 4124
"GET /myapp/index/home/section HTTP/1.1" 200 4124
"GET /myapp/index/common/section HTTP/1.1" 200 3239
"GET /myapp/index/home/section HTTP/1.1" 200 4124
"GET /myapp/index/common/section HTTP/1.1" 200 3239
"GET /myapp/index/thing/section?page=1&pageSize=9 HTTP/1.1" 200 3276
"GET /myapp/index/thing/section?page=1&pageSize=12&searchQuery= HTTP/1.1" 200 3446
"GET /myapp/index/about/section HTTP/1.1" 200 4216
"GET /myapp/index/contact/section HTTP/1.1" 200 1757
"GET /myapp/index/home/section HTTP/1.1" 200 4124
"GET /myapp/index/thing/section?page=1&pageSize=9 HTTP/1.1" 200 3276
"GET /myapp/index/thing/section?page=1&pageSize=12&categoryId=50&searchQuery= HTTP/1.1" 200 3446
"GET /myapp/index/thing/section?page=1&pageSize=12&categoryId=51&searchQuery= HTTP/1.1" 200 1602
"GET /myapp/index/thing/section?page=1&pageSize=9 HTTP/1.1" 200 3276
"GET /myapp/index/thing/section?page=1&pageSize=12&categoryId=52&searchQuery= HTTP/1.1" 200 1602
"GET /myapp/index/thing/section?page=1&pageSize=9 HTTP/1.1" 200 3276
"GET /myapp/index/thing/section?page=1&pageSize=12&categoryId=53&searchQuery= HTTP/1.1" 200 1602
"GET /myapp/index/thing/section?page=1&pageSize=9 HTTP/1.1" 200 3276
"GET /myapp/index/thing/section?page=1&pageSize=12&categoryId=-1&searchQuery= HTTP/1.1" 200 3446
"GET /myapp/index/thing/section?page=1&pageSize=9 HTTP/1.1" 200 3276
"GET /myapp/index/home/section HTTP/1.1" 200 4124
"GET /myapp/index/common/section HTTP/1.1" 200 3239
"GET /myapp/index/home/section HTTP/1.1" 200 4124
"GET /myapp/index/common/section HTTP/1.1" 200 3239
"GET /myapp/index/thing/section?page=1&pageSize=12&searchQuery= HTTP/1.1" 200 3446
"GET /myapp/index/thing/section?page=1&pageSize=9 HTTP/1.1" 200 3276
"GET /myapp/index/common/section HTTP/1.1" 200 3239
"GET /myapp/index/home/section HTTP/1.1" 200 4124
"GET /myapp/index/home/section HTTP/1.1" 200 4124
"GET /myapp/index/common/section HTTP/1.1" 200 3239
"GET /myapp/index/thing/section?page=1&pageSize=9 HTTP/1.1" 200 3276
"GET /myapp/index/thing/section?page=1&pageSize=12&searchQuery= HTTP/1.1" 200 3446
Watching for file changes with StatReloader
"GET /myapp/index/common/section HTTP/1.1" 200 3239
"GET /myapp/index/thing/section?page=1&pageSize=9 HTTP/1.1" 200 3276
"GET /myapp/index/thing/section?page=1&pageSize=12&searchQuery= HTTP/1.1" 200 3446
"GET /myapp/index/home/section HTTP/1.1" 200 4124
"GET /myapp/index/about/section HTTP/1.1" 200 4216
"GET /myapp/index/contact/section HTTP/1.1" 200 1757
"GET /myapp/index/home/section HTTP/1.1" 200 4124
"GET /myapp/index/common/section HTTP/1.1" 200 3239
"GET /myapp/index/home/section HTTP/1.1" 200 4124
"GET /myapp/index/common/section HTTP/1.1" 200 3239
"GET /myapp/index/home/section HTTP/1.1" 200 4124
"GET /myapp/index/common/section HTTP/1.1" 200 3239
"GET /myapp/index/common/section HTTP/1.1" 200 3239
"GET /myapp/index/home/section HTTP/1.1" 200 4124
"GET /myapp/index/common/section HTTP/1.1" 200 3239
"GET /myapp/index/home/section HTTP/1.1" 200 4124
"GET /myapp/index/common/section HTTP/1.1" 200 3239
"GET /myapp/index/home/section HTTP/1.1" 200 4124
"GET /myapp/index/home/section HTTP/1.1" 200 4124
"GET /myapp/index/common/section HTTP/1.1" 200 3239
"GET /myapp/index/home/section HTTP/1.1" 200 4124
"GET /myapp/index/common/section HTTP/1.1" 200 3239
"GET /myapp/index/common/section HTTP/1.1" 200 3239
"GET /myapp/index/home/section HTTP/1.1" 200 4124
"GET /myapp/index/home/section HTTP/1.1" 200 4124
"GET /myapp/index/common/section HTTP/1.1" 200 3239
"GET /myapp/index/common/section HTTP/1.1" 200 3239
"GET /myapp/index/home/section HTTP/1.1" 200 4124
"GET /myapp/index/common/section HTTP/1.1" 200 3239
"GET /myapp/index/home/section HTTP/1.1" 200 4124
"GET /myapp/index/common/section HTTP/1.1" 200 3239
"GET /myapp/index/home/section HTTP/1.1" 200 4124
"GET /myapp/index/home/section HTTP/1.1" 200 4124
"GET /myapp/index/common/section HTTP/1.1" 200 3239
"GET /myapp/admin/thing/list?page=1&pageSize=10&keyword= HTTP/1.0" 200 55036
Forbidden: /myapp/admin/category/list
"GET /myapp/admin/category/list HTTP/1.0" 403 30
"GET /myapp/admin/basicGlobal/listInfo HTTP/1.0" 200 611
"POST /myapp/admin/adminLogin HTTP/1.0" 200 53
"POST /myapp/admin/adminLogin HTTP/1.0" 200 53
"POST /myapp/admin/adminLogin HTTP/1.0" 200 328
"GET /myapp/admin/overview/count?days=7 HTTP/1.0" 200 363
"GET /myapp/admin/overview/dataCount HTTP/1.0" 200 136
"GET /myapp/index/common/section HTTP/1.1" 200 3239
"GET /myapp/index/home/section HTTP/1.1" 200 4124
"GET /myapp/index/thing/section?page=1&pageSize=9 HTTP/1.1" 200 3276
"GET /myapp/index/thing/section?page=1&pageSize=12&searchQuery= HTTP/1.1" 200 3446
"GET /myapp/index/about/section HTTP/1.1" 200 4216
"GET /myapp/admin/thing/list?page=1&pageSize=10&keyword= HTTP/1.0" 200 55036
"GET /myapp/admin/category/list HTTP/1.0" 200 463
"GET /myapp/admin/basicSite/list HTTP/1.0" 200 428
"GET /myapp/index/home/section HTTP/1.1" 200 4124
"GET /myapp/index/thing/section?page=1&pageSize=12&searchQuery= HTTP/1.1" 200 3446
"GET /myapp/index/thing/section?page=1&pageSize=9 HTTP/1.1" 200 3276
"POST /myapp/admin/cdn/uploadIcoImg HTTP/1.0" 200 62
"POST /myapp/admin/cdn/uploadLogoImg HTTP/1.0" 200 31
"GET /myapp/admin/basicTdk/list HTTP/1.0" 200 2470
"GET /myapp/admin/basicBanner/list HTTP/1.0" 200 290
"GET /myapp/admin/basicGlobal/list HTTP/1.0" 200 611
"GET /myapp/admin/basicAdditional/list HTTP/1.0" 200 2473
"GET /myapp/admin/advantage/list?page=1&pageSize=10 HTTP/1.0" 200 1546
"GET /myapp/admin/inquiry/list?page=1&pageSize=10 HTTP/1.0" 200 1827
"GET /myapp/admin/faq/list?page=1&pageSize=10 HTTP/1.0" 200 3627
"GET /myapp/admin/download/list?page=1&pageSize=10&keyword= HTTP/1.0" 200 1530
"GET /myapp/admin/case/list?page=1&pageSize=10&keyword= HTTP/1.0" 200 23177
"POST /myapp/admin/cdn/uploadImg HTTP/1.0" 200 40
"POST /myapp/admin/case/update HTTP/1.0" 200 596
"GET /myapp/admin/case/list?page=1&pageSize=10&keyword= HTTP/1.0" 200 20910
"GET /myapp/index/common/section HTTP/1.1" 200 3239
"GET /myapp/index/home/section HTTP/1.1" 200 4124
"GET /myapp/index/about/section HTTP/1.1" 200 4216
"GET /myapp/index/contact/section HTTP/1.1" 200 1757
"GET /myapp/index/thing/section?page=1&pageSize=9 HTTP/1.1" 200 3276
"GET /myapp/index/thing/section?page=1&pageSize=12&searchQuery= HTTP/1.1" 200 3446
"POST /myapp/admin/case/delete HTTP/1.0" 200 41
"GET /myapp/admin/case/list?page=1&pageSize=10&keyword= HTTP/1.0" 200 20845
"POST /myapp/admin/case/delete HTTP/1.0" 200 41
"GET /myapp/admin/case/list?page=1&pageSize=10&keyword= HTTP/1.0" 200 20844
"POST /myapp/admin/cdn/uploadImg HTTP/1.0" 200 40
"POST /myapp/admin/case/update HTTP/1.0" 200 443
"GET /myapp/admin/case/list?page=1&pageSize=10&keyword= HTTP/1.0" 200 18992
"POST /myapp/admin/case/delete HTTP/1.0" 200 41
"GET /myapp/admin/case/list?page=1&pageSize=10&keyword= HTTP/1.0" 200 7749
"GET /myapp/index/common/section HTTP/1.1" 200 3239
"GET /myapp/index/home/section HTTP/1.1" 200 4124
"POST /myapp/admin/case/delete HTTP/1.0" 200 41
"GET /myapp/admin/case/list?page=1&pageSize=10&keyword= HTTP/1.0" 200 993
"POST /myapp/admin/cdn/uploadImg HTTP/1.0" 200 40
"POST /myapp/admin/case/create HTTP/1.0" 200 440
"GET /myapp/admin/case/list?page=1&pageSize=10&keyword= HTTP/1.0" 200 1385
"POST /myapp/admin/cdn/uploadImg HTTP/1.0" 200 40
"POST /myapp/admin/case/create HTTP/1.0" 200 614
"GET /myapp/admin/case/list?page=1&pageSize=10&keyword= HTTP/1.0" 200 1951
"POST /myapp/admin/case/update HTTP/1.0" 200 476
"GET /myapp/admin/case/list?page=1&pageSize=10&keyword= HTTP/1.0" 200 1813
"POST /myapp/admin/cdn/uploadImg HTTP/1.0" 200 40
"GET /myapp/admin/download/list?page=1&pageSize=10&keyword= HTTP/1.0" 200 1530
"GET /myapp/admin/case/list?page=1&pageSize=10&keyword= HTTP/1.0" 200 1813
"POST /myapp/admin/cdn/uploadImg HTTP/1.0" 200 40
"POST /myapp/admin/case/create HTTP/1.0" 200 493
"GET /myapp/admin/case/list?page=1&pageSize=10&keyword= HTTP/1.0" 200 2258
"GET /myapp/index/common/section HTTP/1.1" 200 3239
"GET /myapp/index/home/section HTTP/1.1" 200 4124
"GET /myapp/index/thing/section?page=1&pageSize=9 HTTP/1.1" 200 3276
"GET /myapp/index/thing/section?page=1&pageSize=12&searchQuery= HTTP/1.1" 200 3446
Not Found: /myapp/index/thing/section
"GET /myapp/index/thing/section?page=2&pageSize=12&categoryId=-1&searchQuery= HTTP/1.1" 404 28
"GET /myapp/index/thing/section?page=1&pageSize=9 HTTP/1.1" 200 3276
"GET /myapp/index/home/section HTTP/1.1" 200 4124
"GET /myapp/index/common/section HTTP/1.1" 200 3239
"GET /myapp/index/common/section HTTP/1.1" 200 3239
"GET /myapp/index/thing/section?page=1&pageSize=9 HTTP/1.1" 200 3276
"GET /myapp/index/thing/section?page=1&pageSize=12&searchQuery= HTTP/1.1" 200 3446
"GET /myapp/index/common/section HTTP/1.1" 200 3239
"GET /myapp/index/thing/section?page=1&pageSize=9 HTTP/1.1" 200 3276
"GET /myapp/index/thing/section?page=1&pageSize=12&searchQuery= HTTP/1.1" 200 3446
"GET /myapp/index/about/section HTTP/1.1" 200 4216
"GET /myapp/admin/overview/count?days=7 HTTP/1.0" 200 363
"GET /myapp/admin/overview/dataCount HTTP/1.0" 200 135
"GET /myapp/admin/thing/list?page=1&pageSize=10&keyword= HTTP/1.0" 200 55036
"GET /myapp/admin/category/list HTTP/1.0" 200 463
"GET /myapp/admin/news/list?page=1&pageSize=10&keyword= HTTP/1.0" 200 62770
"GET /myapp/admin/news/list?page=2&pageSize=10&keyword= HTTP/1.0" 200 14926
"GET /myapp/admin/case/list?page=1&pageSize=10&keyword= HTTP/1.0" 200 2258
"GET /myapp/admin/download/list?page=1&pageSize=10&keyword= HTTP/1.0" 200 1530
"GET /myapp/admin/faq/list?page=1&pageSize=10 HTTP/1.0" 200 3627
"GET /myapp/admin/opLog/list?page=1&pageSize=10&keyword= HTTP/1.0" 200 1632
"GET /myapp/admin/user/list HTTP/1.0" 200 708
"GET /myapp/admin/basicSite/list HTTP/1.0" 200 428
"GET /myapp/admin/basicTdk/list HTTP/1.0" 200 2470
"GET /myapp/admin/basicBanner/list HTTP/1.0" 200 290
"GET /myapp/admin/basicGlobal/list HTTP/1.0" 200 611
"GET /myapp/admin/basicAdditional/list HTTP/1.0" 200 2473
"POST /myapp/admin/basicAdditional/update HTTP/1.0" 200 2473
"GET /myapp/admin/basicAdditional/list HTTP/1.0" 200 2473
"GET /myapp/index/common/section HTTP/1.1" 200 3239
"GET /myapp/index/about/section HTTP/1.1" 200 4216
"POST /myapp/admin/basicAdditional/update HTTP/1.0" 200 1624
"GET /myapp/admin/basicAdditional/list HTTP/1.0" 200 1624
"GET /myapp/index/common/section HTTP/1.1" 200 3239
"GET /myapp/index/home/section HTTP/1.1" 200 3275
"GET /myapp/index/common/section HTTP/1.1" 200 3239
"GET /myapp/index/home/section HTTP/1.1" 200 3275
"GET /myapp/index/common/section HTTP/1.1" 200 3239
"GET /myapp/index/home/section HTTP/1.1" 200 3275
"POST /myapp/admin/cdn/uploadImg HTTP/1.0" 200 40
"POST /myapp/admin/basicAdditional/update HTTP/1.0" 200 1624
"GET /myapp/admin/basicAdditional/list HTTP/1.0" 200 1624
"GET /myapp/index/common/section HTTP/1.1" 200 3239
"GET /myapp/index/about/section HTTP/1.1" 200 3367
"GET /myapp/admin/advantage/list?page=1&pageSize=10 HTTP/1.0" 200 1546
"GET /myapp/index/about/section HTTP/1.1" 200 3367
"GET /myapp/index/common/section HTTP/1.1" 200 3239
"GET /myapp/index/common/section HTTP/1.1" 200 3239
"GET /myapp/index/home/section HTTP/1.1" 200 3275
"POST /myapp/admin/cdn/uploadImg HTTP/1.0" 200 40
"POST /myapp/admin/advantage/update HTTP/1.0" 200 177
"GET /myapp/admin/advantage/list?page=1&pageSize=10 HTTP/1.0" 200 1434
"POST /myapp/admin/advantage/update HTTP/1.0" 200 285
"GET /myapp/admin/advantage/list?page=1&pageSize=10 HTTP/1.0" 200 1542
"GET /myapp/index/thing/section?page=1&pageSize=9 HTTP/1.1" 200 3276
"GET /myapp/index/thing/section?page=1&pageSize=12&searchQuery= HTTP/1.1" 200 3446
"GET /myapp/index/about/section HTTP/1.1" 200 3363
"POST /myapp/admin/cdn/uploadImg HTTP/1.0" 200 40
"POST /myapp/admin/advantage/update HTTP/1.0" 200 245
"GET /myapp/admin/advantage/list?page=1&pageSize=10 HTTP/1.0" 200 1512
"POST /myapp/admin/cdn/uploadImg HTTP/1.0" 200 40
"POST /myapp/admin/advantage/update HTTP/1.0" 200 271
"GET /myapp/admin/advantage/list?page=1&pageSize=10 HTTP/1.0" 200 1502
"POST /myapp/admin/cdn/uploadImg HTTP/1.0" 200 40
"POST /myapp/admin/advantage/update HTTP/1.0" 200 307
"GET /myapp/admin/advantage/list?page=1&pageSize=10 HTTP/1.0" 200 1487
"POST /myapp/admin/cdn/uploadImg HTTP/1.0" 200 40
"POST /myapp/admin/advantage/update HTTP/1.0" 200 324
"GET /myapp/admin/advantage/list?page=1&pageSize=10 HTTP/1.0" 200 1520
"POST /myapp/admin/advantage/delete HTTP/1.0" 200 41
"GET /myapp/admin/advantage/list?page=1&pageSize=10 HTTP/1.0" 200 1242
"GET /myapp/index/common/section HTTP/1.1" 200 3239
"GET /myapp/index/about/section HTTP/1.1" 200 3063
"POST /myapp/admin/basicAdditional/update HTTP/1.0" 200 865
"POST /myapp/admin/basicAdditional/update HTTP/1.0" 200 865
"GET /myapp/admin/basicAdditional/list HTTP/1.0" 200 865
"GET /myapp/admin/basicAdditional/list HTTP/1.0" 200 865
"GET /myapp/index/common/section HTTP/1.1" 200 3239
"GET /myapp/index/about/section HTTP/1.1" 200 2304
"GET /myapp/index/common/section HTTP/1.1" 200 3239
"GET /myapp/index/thing/section?page=1&pageSize=9 HTTP/1.1" 200 3276
"GET /myapp/index/thing/section?page=1&pageSize=12&searchQuery= HTTP/1.1" 200 3446
"GET /myapp/admin/comment/list?page=1&pageSize=10 HTTP/1.0" 200 927
"POST /myapp/admin/basicAdditional/update HTTP/1.0" 200 1216
"GET /myapp/admin/basicAdditional/list HTTP/1.0" 200 1216
"POST /myapp/admin/cdn/uploadImg HTTP/1.0" 200 40
"POST /myapp/admin/cdn/uploadImg HTTP/1.0" 200 40
"POST /myapp/admin/cdn/uploadImg HTTP/1.0" 200 40
"POST /myapp/admin/cdn/uploadImg HTTP/1.0" 200 40
"POST /myapp/admin/cdn/uploadImg HTTP/1.0" 200 40
"POST /myapp/admin/basicBanner/update HTTP/1.0" 200 326
"GET /myapp/admin/basicBanner/list HTTP/1.0" 200 326
"GET /myapp/index/common/section HTTP/1.1" 200 3239
"GET /myapp/index/about/section HTTP/1.1" 200 2655
"GET /myapp/index/home/section HTTP/1.1" 200 3311
"GET /myapp/index/common/section HTTP/1.1" 200 3239
"GET /myapp/index/home/section HTTP/1.1" 200 3311
"GET /myapp/index/thing/section?page=1&pageSize=9 HTTP/1.1" 200 3276
"GET /myapp/index/thing/section?page=1&pageSize=12&searchQuery= HTTP/1.1" 200 3446
"GET /myapp/index/common/section HTTP/1.1" 200 3239
"GET /myapp/index/home/section HTTP/1.1" 200 3311
"GET /myapp/index/about/section HTTP/1.1" 200 2655
"GET /myapp/index/home/section HTTP/1.1" 200 3311
"GET /myapp/index/common/section HTTP/1.1" 200 3239
"GET /myapp/index/home/section HTTP/1.1" 200 3311
"GET /myapp/index/about/section HTTP/1.1" 200 2655
"GET /myapp/index/thing/section?page=1&pageSize=9 HTTP/1.1" 200 3276
"GET /myapp/index/thing/section?page=1&pageSize=12&searchQuery= HTTP/1.1" 200 3446
"GET /myapp/index/home/section HTTP/1.1" 200 3311
"GET /myapp/index/about/section HTTP/1.1" 200 2655
"POST /myapp/admin/basicAdditional/update HTTP/1.0" 200 1224
"GET /myapp/admin/basicAdditional/list HTTP/1.0" 200 1224
"GET /myapp/index/common/section HTTP/1.1" 200 3239
"GET /myapp/index/about/section HTTP/1.1" 200 2663
"GET /myapp/index/home/section HTTP/1.1" 200 3319
"GET /myapp/index/thing/section?page=1&pageSize=9 HTTP/1.1" 200 3276
"GET /myapp/index/thing/section?page=1&pageSize=12&searchQuery= HTTP/1.1" 200 3446
"GET /myapp/index/home/section HTTP/1.1" 200 3319
"GET /myapp/index/about/section HTTP/1.1" 200 2663
"GET /myapp/index/home/section HTTP/1.1" 200 3319
"GET /myapp/index/thing/section?page=1&pageSize=9 HTTP/1.1" 200 3276
"GET /myapp/index/thing/section?page=1&pageSize=12&searchQuery= HTTP/1.1" 200 3446
"GET /myapp/index/home/section HTTP/1.1" 200 3319
"GET /myapp/index/common/section HTTP/1.1" 200 3239
"GET /myapp/admin/basicSite/list HTTP/1.0" 200 428
"POST /myapp/admin/basicSite/update HTTP/1.0" 200 428
"GET /myapp/admin/basicSite/list HTTP/1.0" 200 428
"GET /myapp/index/common/section HTTP/1.1" 200 3413
"GET /myapp/index/home/section HTTP/1.1" 200 3319
"GET /myapp/index/download/section HTTP/1.1" 200 3422
"GET /myapp/index/news/section?page=1&pageSize=9 HTTP/1.1" 200 2218
"GET /myapp/index/news/section?page=1&pageSize=9 HTTP/1.1" 200 2218
"GET /myapp/index/case/section?page=1&pageSize=9 HTTP/1.1" 200 2639
"GET /myapp/index/case/section?page=1&pageSize=9 HTTP/1.1" 200 2639
"GET /myapp/index/case/detail?id=21 HTTP/1.1" 200 1644
"POST /myapp/admin/basicSite/update HTTP/1.0" 200 428
"GET /myapp/admin/basicSite/list HTTP/1.0" 200 428
"GET /myapp/admin/basicTdk/list HTTP/1.0" 200 2470
"GET /myapp/admin/basicBanner/list HTTP/1.0" 200 326
"GET /myapp/admin/basicGlobal/list HTTP/1.0" 200 611
"GET /myapp/admin/basicAdditional/list HTTP/1.0" 200 1224
"POST /myapp/admin/basicAdditional/update HTTP/1.0" 200 1209
"GET /myapp/admin/basicAdditional/list HTTP/1.0" 200 1209
"GET /myapp/index/home/section HTTP/1.1" 200 3304
"GET /myapp/index/news/section?page=1&pageSize=9 HTTP/1.1" 200 2218
"GET /myapp/index/news/section?page=1&pageSize=9 HTTP/1.1" 200 2218
"GET /myapp/index/download/section HTTP/1.1" 200 3422
"GET /myapp/index/news/section?page=1&pageSize=9 HTTP/1.1" 200 2218
"GET /myapp/index/news/section?page=1&pageSize=9 HTTP/1.1" 200 2218
"GET /myapp/index/case/section?page=1&pageSize=9 HTTP/1.1" 200 2639
"GET /myapp/index/case/section?page=1&pageSize=9 HTTP/1.1" 200 2639
"GET /myapp/index/case/detail?id=21 HTTP/1.1" 200 1644
"GET /myapp/index/download/section HTTP/1.1" 200 3422
"GET /myapp/index/news/section?page=1&pageSize=9 HTTP/1.1" 200 2218
"GET /myapp/index/news/section?page=1&pageSize=9 HTTP/1.1" 200 2218
"POST /myapp/admin/basicAdditional/update HTTP/1.0" 200 2074
"GET /myapp/admin/basicAdditional/list HTTP/1.0" 200 2074
"GET /myapp/index/contact/section HTTP/1.1" 200 1757
"GET /myapp/index/about/section HTTP/1.1" 200 3528
"GET /myapp/index/common/section HTTP/1.1" 200 3368
"GET /myapp/index/home/section HTTP/1.1" 200 4169
"POST /myapp/admin/basicAdditional/update HTTP/1.0" 200 2212
"GET /myapp/admin/basicAdditional/list HTTP/1.0" 200 2212
"GET /myapp/index/common/section HTTP/1.1" 200 3368
"GET /myapp/index/home/section HTTP/1.1" 200 4307
"POST /myapp/admin/basicAdditional/update HTTP/1.0" 200 2074
"GET /myapp/admin/basicAdditional/list HTTP/1.0" 200 2074
"POST /myapp/admin/basicAdditional/update HTTP/1.0" 200 2074
"GET /myapp/admin/basicAdditional/list HTTP/1.0" 200 2074
"GET /myapp/index/common/section HTTP/1.1" 200 3368
"GET /myapp/index/home/section HTTP/1.1" 200 4169
"GET /myapp/index/home/section HTTP/1.1" 200 4169
"GET /myapp/index/common/section HTTP/1.1" 200 3368
"GET /myapp/index/common/section HTTP/1.1" 200 3368
"GET /myapp/index/home/section HTTP/1.1" 200 4169
"GET /myapp/index/common/section HTTP/1.1" 200 3368
"GET /myapp/index/home/section HTTP/1.1" 200 4169
"GET /myapp/index/common/section HTTP/1.1" 200 3368
"GET /myapp/index/home/section HTTP/1.1" 200 4169
"GET /myapp/index/common/section HTTP/1.1" 200 3368
"GET /myapp/index/home/section HTTP/1.1" 200 4169
"GET /myapp/index/home/section HTTP/1.1" 200 4169
"GET /myapp/index/common/section HTTP/1.1" 200 3368
"GET /myapp/index/common/section HTTP/1.1" 200 3368
"GET /myapp/index/about/section HTTP/1.1" 200 3528
"GET /myapp/index/common/section HTTP/1.1" 200 3368
"GET /myapp/index/home/section HTTP/1.1" 200 4169
"GET /myapp/index/common/section HTTP/1.1" 200 3368
"GET /myapp/index/home/section HTTP/1.1" 200 4169
"GET /myapp/index/common/section HTTP/1.1" 200 3368
"GET /myapp/index/home/section HTTP/1.1" 200 4169
"GET /myapp/index/common/section HTTP/1.1" 200 3368
"GET /myapp/index/home/section HTTP/1.1" 200 4169
"GET /myapp/index/home/section HTTP/1.1" 200 4169
"GET /myapp/index/common/section HTTP/1.1" 200 3368
"GET /myapp/index/common/section HTTP/1.1" 200 3368
"GET /myapp/index/news/detail?id=6 HTTP/1.1" 200 29437
"GET /myapp/index/common/section HTTP/1.1" 200 3368
"GET /myapp/index/thing/detail?id=44 HTTP/1.1" 200 6243
"GET /myapp/index/common/section HTTP/1.1" 200 3368
"GET /myapp/index/download/section HTTP/1.1" 200 3422
"GET /myapp/index/common/section HTTP/1.1" 200 3368
"GET /myapp/index/thing/section?page=1&pageSize=12&searchQuery= HTTP/1.1" 200 3446
"GET /myapp/index/thing/section?page=1&pageSize=9 HTTP/1.1" 200 3276
"GET /myapp/index/common/section HTTP/1.1" 200 3368
"GET /myapp/index/news/section?page=1&pageSize=9 HTTP/1.1" 200 2218
"GET /myapp/index/news/section?page=1&pageSize=9 HTTP/1.1" 200 2218
"GET /myapp/index/common/section HTTP/1.1" 200 3368
"GET /myapp/index/about/section HTTP/1.1" 200 3528
"GET /myapp/index/common/section HTTP/1.1" 200 3368
"GET /myapp/index/home/section HTTP/1.1" 200 4169
"GET /myapp/index/home/section HTTP/1.1" 200 4169
"GET /myapp/index/common/section HTTP/1.1" 200 3368
"GET /myapp/index/home/section HTTP/1.1" 200 4169
"GET /myapp/index/common/section HTTP/1.1" 200 3368
"GET /myapp/index/home/section HTTP/1.1" 200 4169
"GET /myapp/index/common/section HTTP/1.1" 200 3368
"GET /myapp/index/common/section HTTP/1.1" 200 3368
"GET /myapp/index/thing/section?page=1&pageSize=12&categoryId=-1&searchQuery= HTTP/1.1" 200 3446
"GET /myapp/index/thing/section?page=1&pageSize=9 HTTP/1.1" 200 3276
"GET /myapp/index/common/section HTTP/1.1" 200 3368
"GET /myapp/index/news/detail?id=11 HTTP/1.1" 200 29418
"GET /myapp/index/common/section HTTP/1.1" 200 3368
"GET /myapp/index/download/section HTTP/1.1" 200 3422
"GET /myapp/index/common/section HTTP/1.1" 200 3368
"GET /myapp/index/thing/section?page=1&pageSize=9 HTTP/1.1" 200 3276
"GET /myapp/index/thing/section?page=1&pageSize=12&searchQuery= HTTP/1.1" 200 3446
"GET /myapp/index/common/section HTTP/1.1" 200 3368
Not Found: /myapp/index/thing/section
"GET /myapp/index/thing/section?page=2&pageSize=12&categoryId=-1&searchQuery= HTTP/1.1" 404 28
"GET /myapp/index/thing/section?page=1&pageSize=9 HTTP/1.1" 200 3276
"GET /myapp/index/thing/section?page=1&pageSize=9 HTTP/1.1" 200 3276
"GET /myapp/index/common/section HTTP/1.1" 200 3368
"GET /myapp/index/thing/detail?id=51 HTTP/1.1" 200 6270
"GET /myapp/index/common/section HTTP/1.1" 200 3368
"GET /myapp/index/thing/section?page=1&pageSize=9 HTTP/1.1" 200 3276
"GET /myapp/index/thing/section?page=1&pageSize=12&categoryId=-1&searchQuery= HTTP/1.1" 200 3446
"GET /myapp/index/common/section HTTP/1.1" 200 3368
"GET /myapp/index/thing/section?page=1&pageSize=9 HTTP/1.1" 200 3276
"GET /myapp/index/thing/section?page=1&pageSize=12&categoryId=-1&searchQuery= HTTP/1.1" 200 3446
"GET /myapp/index/common/section HTTP/1.1" 200 3368
"GET /myapp/index/thing/detail?id=51 HTTP/1.1" 200 6270
"GET /myapp/index/common/section HTTP/1.1" 200 3368
"GET /myapp/index/home/section HTTP/1.1" 200 4169
"GET /myapp/index/common/section HTTP/1.1" 200 3368
"GET /myapp/index/thing/detail?id=50 HTTP/1.1" 200 6261
"GET /myapp/index/common/section HTTP/1.1" 200 3368
"GET /myapp/index/thing/section?page=1&pageSize=9 HTTP/1.1" 200 3276
"GET /myapp/index/thing/section?page=1&pageSize=12&categoryId=-1&searchQuery= HTTP/1.1" 200 3446
"GET /myapp/index/common/section HTTP/1.1" 200 3368
Not Found: /myapp/index/thing/section
"GET /myapp/index/thing/section?page=2&pageSize=12&categoryId=-1&searchQuery= HTTP/1.1" 404 28
"GET /myapp/index/thing/section?page=1&pageSize=9 HTTP/1.1" 200 3276
"GET /myapp/index/thing/section?page=1&pageSize=9 HTTP/1.1" 200 3276
"GET /myapp/index/common/section HTTP/1.1" 200 3368
"GET /myapp/index/home/section HTTP/1.1" 200 4169
"GET /myapp/index/common/section HTTP/1.1" 200 3368
"GET /myapp/index/home/section HTTP/1.1" 200 4169
"GET /myapp/index/home/section HTTP/1.1" 200 4169
"GET /myapp/index/common/section HTTP/1.1" 200 3368
"GET /myapp/index/common/section HTTP/1.1" 200 3368
"GET /myapp/index/home/section HTTP/1.1" 200 4169
"GET /myapp/index/common/section HTTP/1.1" 200 3368
"GET /myapp/index/home/section HTTP/1.1" 200 4169
"GET /myapp/index/home/section HTTP/1.1" 200 4169
"GET /myapp/index/common/section HTTP/1.1" 200 3368
"GET /myapp/index/home/section HTTP/1.1" 200 4169
"GET /myapp/index/common/section HTTP/1.1" 200 3368
"GET /myapp/index/home/section HTTP/1.1" 200 4169
"GET /myapp/index/common/section HTTP/1.1" 200 3368
"GET /myapp/index/common/section HTTP/1.1" 200 3368
"GET /myapp/index/home/section HTTP/1.1" 200 4169
"GET /myapp/index/home/section HTTP/1.1" 200 4169
"GET /myapp/index/common/section HTTP/1.1" 200 3368
"GET /myapp/index/common/section HTTP/1.1" 200 3368
"GET /myapp/index/home/section HTTP/1.1" 200 4169
"GET /myapp/index/common/section HTTP/1.1" 200 3368
"GET /myapp/index/common/section HTTP/1.1" 200 3368
"GET /myapp/index/common/section HTTP/1.1" 200 3368
"GET /myapp/index/common/section HTTP/1.1" 200 3368
"GET /myapp/index/common/section HTTP/1.1" 200 3368
"GET /myapp/index/common/section HTTP/1.1" 200 3368
"GET /myapp/index/common/section HTTP/1.1" 200 3368
"GET /myapp/index/common/section HTTP/1.1" 200 3368
"GET /myapp/index/common/section HTTP/1.1" 200 3368
"GET /myapp/index/thing/detail?id=46 HTTP/1.1" 200 6249
"GET /myapp/index/common/section HTTP/1.1" 200 3368
"GET /myapp/index/news/section?page=1&pageSize=9 HTTP/1.1" 200 2218
"GET /myapp/index/about/section HTTP/1.1" 200 3528
"GET /myapp/index/news/section?page=1&pageSize=9 HTTP/1.1" 200 2218
"GET /myapp/index/contact/section HTTP/1.1" 200 1757
"GET /myapp/index/download/section HTTP/1.1" 200 3422
"GET /myapp/index/thing/section?page=1&pageSize=12&categoryId=53&searchQuery= HTTP/1.1" 200 1602
"GET /myapp/index/thing/section?page=1&pageSize=12&categoryId=52&searchQuery= HTTP/1.1" 200 1602
"GET /myapp/index/thing/section?page=1&pageSize=12&categoryId=51&searchQuery= HTTP/1.1" 200 1602
"GET /myapp/index/thing/section?page=1&pageSize=12&categoryId=50&searchQuery= HTTP/1.1" 200 3446
"GET /myapp/index/thing/section?page=1&pageSize=9 HTTP/1.1" 200 3276
"GET /myapp/index/thing/section?page=1&pageSize=9 HTTP/1.1" 200 3276
"GET /myapp/index/thing/section?page=1&pageSize=9 HTTP/1.1" 200 3276
"GET /myapp/index/thing/section?page=1&pageSize=9 HTTP/1.1" 200 3276
"GET /myapp/index/thing/section?page=1&pageSize=9 HTTP/1.1" 200 3276
"GET /myapp/index/thing/section?page=1&pageSize=12&searchQuery= HTTP/1.1" 200 3446
"GET /myapp/index/common/section HTTP/1.1" 200 3368
"GET /myapp/index/thing/detail?id=45 HTTP/1.1" 200 6279
"GET /myapp/index/common/section HTTP/1.1" 200 3368
"GET /myapp/index/thing/detail?id=44 HTTP/1.1" 200 6243
"GET /myapp/index/common/section HTTP/1.1" 200 3368
"GET /myapp/index/thing/detail?id=43 HTTP/1.1" 200 6763
"GET /myapp/index/common/section HTTP/1.1" 200 3368
"GET /myapp/index/news/detail?id=5 HTTP/1.1" 200 29440
"GET /myapp/index/common/section HTTP/1.1" 200 3368
"GET /myapp/index/news/detail?id=7 HTTP/1.1" 200 29415
"GET /myapp/index/common/section HTTP/1.1" 200 3368
"GET /myapp/index/news/detail?id=6 HTTP/1.1" 200 29437
"GET /myapp/index/home/section HTTP/1.1" 200 4169
"GET /myapp/index/common/section HTTP/1.1" 200 3368
"GET /myapp/index/home/section HTTP/1.1" 200 4169
"GET /myapp/index/common/section HTTP/1.1" 200 3368
"GET /myapp/index/common/section HTTP/1.1" 200 3368
"GET /myapp/index/home/section HTTP/1.1" 200 4169
"GET /myapp/index/common/section HTTP/1.1" 200 3368
"GET /myapp/index/home/section HTTP/1.1" 200 4169
"GET /myapp/index/home/section HTTP/1.1" 200 4169
"GET /myapp/index/common/section HTTP/1.1" 200 3368
"GET /myapp/index/home/section HTTP/1.1" 200 4169
"GET /myapp/index/common/section HTTP/1.1" 200 3368
"GET /myapp/index/home/section HTTP/1.1" 200 4169
"GET /myapp/index/common/section HTTP/1.1" 200 3368
"GET /myapp/index/common/section HTTP/1.1" 200 3368
"GET /myapp/index/home/section HTTP/1.1" 200 4169
"GET /myapp/index/home/section HTTP/1.1" 200 4169
"GET /myapp/index/common/section HTTP/1.1" 200 3368
"GET /myapp/index/common/section HTTP/1.1" 200 3368
"GET /myapp/index/home/section HTTP/1.1" 200 4169
"GET /myapp/index/common/section HTTP/1.1" 200 3368
"GET /myapp/index/home/section HTTP/1.1" 200 4169
"GET /myapp/index/common/section HTTP/1.1" 200 3368
"GET /myapp/index/home/section HTTP/1.1" 200 4169
"GET /myapp/index/common/section HTTP/1.1" 200 3368
"GET /myapp/index/home/section HTTP/1.1" 200 4169
"GET /myapp/index/common/section HTTP/1.1" 200 3368
"GET /myapp/index/home/section HTTP/1.1" 200 4169
"GET /myapp/index/home/section HTTP/1.1" 200 4169
"GET /myapp/index/common/section HTTP/1.1" 200 3368
"GET /myapp/index/common/section HTTP/1.1" 200 3368
"GET /myapp/index/home/section HTTP/1.1" 200 4169
"GET /myapp/index/home/section HTTP/1.1" 200 4169
"GET /myapp/index/common/section HTTP/1.1" 200 3368
"GET /myapp/index/home/section HTTP/1.1" 200 4169
"GET /myapp/index/common/section HTTP/1.1" 200 3368
"GET /myapp/index/common/section HTTP/1.1" 200 3368
"GET /myapp/index/home/section HTTP/1.1" 200 4169
"GET /myapp/index/common/section HTTP/1.1" 200 3368
"GET /myapp/index/home/section HTTP/1.1" 200 4169
"GET /myapp/index/common/section HTTP/1.1" 200 3368
"GET /myapp/index/home/section HTTP/1.1" 200 4169
"GET /myapp/index/home/section HTTP/1.1" 200 4169
"GET /myapp/index/common/section HTTP/1.1" 200 3368
"GET /myapp/index/thing/detail?id=46 HTTP/1.1" 200 6249
"GET /myapp/index/common/section HTTP/1.1" 200 3368
"GET /myapp/index/home/section HTTP/1.1" 200 4169
"GET /myapp/index/home/section HTTP/1.1" 200 4169
"GET /myapp/index/common/section HTTP/1.1" 200 3368
"GET /myapp/index/common/section HTTP/1.1" 200 3368
"GET /myapp/index/home/section HTTP/1.1" 200 4169
"GET /myapp/index/common/section HTTP/1.1" 200 3368
"GET /myapp/index/home/section HTTP/1.1" 200 4169
"GET /myapp/index/home/section HTTP/1.1" 200 4169
"GET /myapp/index/common/section HTTP/1.1" 200 3368
"GET /myapp/index/common/section HTTP/1.1" 200 3368
"GET /myapp/index/home/section HTTP/1.1" 200 4169
"GET /myapp/index/home/section HTTP/1.1" 200 4169
"GET /myapp/index/common/section HTTP/1.1" 200 3368
"GET /myapp/index/common/section HTTP/1.1" 200 3368
"GET /myapp/index/home/section HTTP/1.1" 200 4169
"GET /myapp/index/common/section HTTP/1.1" 200 3368
"GET /myapp/index/home/section HTTP/1.1" 200 4169
"GET /myapp/index/home/section HTTP/1.1" 200 4169
"GET /myapp/index/common/section HTTP/1.1" 200 3368
"GET /myapp/index/home/section HTTP/1.1" 200 4169
"GET /myapp/index/common/section HTTP/1.1" 200 3368
"GET /myapp/index/home/section HTTP/1.1" 200 4169
"GET /myapp/index/common/section HTTP/1.1" 200 3368
"GET /myapp/index/home/section HTTP/1.1" 200 4169
"GET /myapp/index/common/section HTTP/1.1" 200 3368
"GET /myapp/index/home/section HTTP/1.1" 200 4169
"GET /myapp/index/common/section HTTP/1.1" 200 3368
"GET /myapp/index/common/section HTTP/1.1" 200 3368
"GET /myapp/index/home/section HTTP/1.1" 200 4169
"GET /myapp/index/common/section HTTP/1.1" 200 3368
"GET /myapp/index/home/section HTTP/1.1" 200 4169
"GET /myapp/index/home/section HTTP/1.1" 200 4169
"GET /myapp/index/common/section HTTP/1.1" 200 3368
"GET /myapp/index/home/section HTTP/1.1" 200 4169
"GET /myapp/index/common/section HTTP/1.1" 200 3368
"GET /myapp/index/home/section HTTP/1.1" 200 4169
"GET /myapp/index/common/section HTTP/1.1" 200 3368
"GET /myapp/index/common/section HTTP/1.1" 200 3368
"GET /myapp/index/home/section HTTP/1.1" 200 4169
"GET /myapp/index/home/section HTTP/1.1" 200 4169
"GET /myapp/index/common/section HTTP/1.1" 200 3368
"GET /myapp/index/home/section HTTP/1.1" 200 4169
"GET /myapp/index/common/section HTTP/1.1" 200 3368
"GET /myapp/index/common/section HTTP/1.1" 200 3368
"GET /myapp/index/home/section HTTP/1.1" 200 4169
"GET /myapp/index/home/section HTTP/1.1" 200 4169
"GET /myapp/index/common/section HTTP/1.1" 200 3368
"GET /myapp/index/common/section HTTP/1.1" 200 3368
"GET /myapp/index/home/section HTTP/1.1" 200 4169
"GET /myapp/index/common/section HTTP/1.1" 200 3368
"GET /myapp/index/home/section HTTP/1.1" 200 4169
"GET /myapp/index/common/section HTTP/1.1" 200 3368
"GET /myapp/index/home/section HTTP/1.1" 200 4169
"GET /myapp/index/home/section HTTP/1.1" 200 4169
"GET /myapp/index/common/section HTTP/1.1" 200 3368
"GET /myapp/index/home/section HTTP/1.1" 200 4169
"GET /myapp/index/common/section HTTP/1.1" 200 3368
"GET /myapp/index/common/section HTTP/1.1" 200 3368
"GET /myapp/index/home/section HTTP/1.1" 200 4169
"GET /myapp/index/common/section HTTP/1.1" 200 3368
"GET /myapp/index/home/section HTTP/1.1" 200 4169
"GET /myapp/index/common/section HTTP/1.1" 200 3368
"GET /myapp/index/home/section HTTP/1.1" 200 4169
"GET /myapp/index/common/section HTTP/1.1" 200 3368
"GET /myapp/index/home/section HTTP/1.1" 200 4169
"GET /myapp/index/common/section HTTP/1.1" 200 3368
"GET /myapp/index/home/section HTTP/1.1" 200 4169
"GET /myapp/index/common/section HTTP/1.1" 200 3368
"GET /myapp/index/home/section HTTP/1.1" 200 4169
"GET /myapp/index/common/section HTTP/1.1" 200 3368
"GET /myapp/index/thing/detail?id=44 HTTP/1.1" 200 6243
"GET /myapp/index/common/section HTTP/1.1" 200 3368
"GET /myapp/index/news/detail?id=6 HTTP/1.1" 200 29437
"GET /myapp/index/common/section HTTP/1.1" 200 3368
"GET /myapp/index/about/section HTTP/1.1" 200 3528
"GET /myapp/index/common/section HTTP/1.1" 200 3368
"GET /myapp/index/news/detail?id=7 HTTP/1.1" 200 29415
"GET /myapp/index/common/section HTTP/1.1" 200 3368
"GET /myapp/index/thing/detail?id=43 HTTP/1.1" 200 6763
"GET /myapp/index/common/section HTTP/1.1" 200 3368
"GET /myapp/index/home/section HTTP/1.1" 200 4169
"GET /myapp/index/common/section HTTP/1.1" 200 3368
"GET /myapp/index/thing/detail?id=47 HTTP/1.1" 200 6351
"GET /myapp/index/home/section HTTP/1.1" 200 4169
"GET /myapp/index/common/section HTTP/1.1" 200 3368
"GET /myapp/index/common/section HTTP/1.1" 200 3368
"GET /myapp/index/thing/detail?id=48 HTTP/1.1" 200 6299
"GET /myapp/index/home/section HTTP/1.1" 200 4169
"GET /myapp/index/common/section HTTP/1.1" 200 3368
"GET /myapp/index/common/section HTTP/1.1" 200 3368
"GET /myapp/index/home/section HTTP/1.1" 200 4169
"GET /myapp/index/home/section HTTP/1.1" 200 4169
"GET /myapp/index/common/section HTTP/1.1" 200 3368
"GET /myapp/index/common/section HTTP/1.1" 200 3368
"GET /myapp/index/home/section HTTP/1.1" 200 4169
"GET /myapp/index/common/section HTTP/1.1" 200 3368
"GET /myapp/index/home/section HTTP/1.1" 200 4169
"GET /myapp/index/home/section HTTP/1.1" 200 4169
"GET /myapp/index/common/section HTTP/1.1" 200 3368
"GET /myapp/index/common/section HTTP/1.1" 200 3368
"GET /myapp/index/home/section HTTP/1.1" 200 4169
"GET /myapp/index/common/section HTTP/1.1" 200 3368
"GET /myapp/index/home/section HTTP/1.1" 200 4169
"GET /myapp/index/home/section HTTP/1.1" 200 4169
"GET /myapp/index/common/section HTTP/1.1" 200 3368
"GET /myapp/index/common/section HTTP/1.1" 200 3368
"GET /myapp/index/home/section HTTP/1.1" 200 4169
"GET /myapp/index/common/section HTTP/1.1" 200 3368
"GET /myapp/index/home/section HTTP/1.1" 200 4169
"GET /myapp/index/home/section HTTP/1.1" 200 4169
"GET /myapp/index/common/section HTTP/1.1" 200 3368
"GET /myapp/index/common/section HTTP/1.1" 200 3368
"GET /myapp/index/home/section HTTP/1.1" 200 4169
"GET /myapp/index/common/section HTTP/1.1" 200 3368
"GET /myapp/index/home/section HTTP/1.1" 200 4169
"GET /myapp/index/home/section HTTP/1.1" 200 4169
"GET /myapp/index/common/section HTTP/1.1" 200 3368
"GET /myapp/index/common/section HTTP/1.1" 200 3368
"GET /myapp/index/home/section HTTP/1.1" 200 4169
"GET /myapp/index/common/section HTTP/1.1" 200 3368
"GET /myapp/index/thing/detail?id=46 HTTP/1.1" 200 6249
"GET /myapp/index/common/section HTTP/1.1" 200 3368
"GET /myapp/index/home/section HTTP/1.1" 200 4169
"GET /myapp/index/common/section HTTP/1.1" 200 3368
"GET /myapp/index/home/section HTTP/1.1" 200 4169
"GET /myapp/index/home/section HTTP/1.1" 200 4169
"GET /myapp/index/common/section HTTP/1.1" 200 3368
"GET /myapp/index/home/section HTTP/1.1" 200 4169
"GET /myapp/index/common/section HTTP/1.1" 200 3368
"GET /myapp/index/common/section HTTP/1.1" 200 3368
"GET /myapp/index/home/section HTTP/1.1" 200 4169
"GET /myapp/index/common/section HTTP/1.1" 200 3368
"GET /myapp/index/home/section HTTP/1.1" 200 4169
"GET /myapp/index/home/section HTTP/1.1" 200 4169
"GET /myapp/index/common/section HTTP/1.1" 200 3368
"GET /myapp/index/common/section HTTP/1.1" 200 3368
"GET /myapp/index/home/section HTTP/1.1" 200 4169
"GET /myapp/index/common/section HTTP/1.1" 200 3368
"GET /myapp/index/home/section HTTP/1.1" 200 4169
"GET /myapp/index/common/section HTTP/1.1" 200 3368
"GET /myapp/index/home/section HTTP/1.1" 200 4169
"GET /myapp/index/home/section HTTP/1.1" 200 4169
"GET /myapp/index/common/section HTTP/1.1" 200 3368
"GET /myapp/index/home/section HTTP/1.1" 200 4169
"GET /myapp/index/common/section HTTP/1.1" 200 3368
"GET /myapp/index/common/section HTTP/1.1" 200 3368
"GET /myapp/index/home/section HTTP/1.1" 200 4169
"GET /myapp/index/common/section HTTP/1.1" 200 3368
"GET /myapp/index/home/section HTTP/1.1" 200 4169
"GET /myapp/index/home/section HTTP/1.1" 200 4169
"GET /myapp/index/common/section HTTP/1.1" 200 3368
"GET /myapp/index/home/section HTTP/1.1" 200 4169
"GET /myapp/index/common/section HTTP/1.1" 200 3368
"GET /myapp/index/home/section HTTP/1.1" 200 4169
"GET /myapp/index/common/section HTTP/1.1" 200 3368
"GET /myapp/index/common/section HTTP/1.1" 200 3368
"GET /myapp/index/home/section HTTP/1.1" 200 4169
"GET /myapp/index/home/section HTTP/1.1" 200 4169
"GET /myapp/index/common/section HTTP/1.1" 200 3368
"GET /myapp/index/common/section HTTP/1.1" 200 3368
"GET /myapp/index/thing/detail?id=46 HTTP/1.1" 200 6249
"GET /myapp/index/common/section HTTP/1.1" 200 3368
"GET /myapp/index/home/section HTTP/1.1" 200 4169
"GET /myapp/index/common/section HTTP/1.1" 200 3368
"GET /myapp/index/home/section HTTP/1.1" 200 4169
"GET /myapp/index/common/section HTTP/1.1" 200 3368
"GET /myapp/index/home/section HTTP/1.1" 200 4169
"GET /myapp/index/common/section HTTP/1.1" 200 3368
"GET /myapp/index/home/section HTTP/1.1" 200 4169
"GET /myapp/index/common/section HTTP/1.1" 200 3368
"GET /myapp/index/home/section HTTP/1.1" 200 4169
"GET /myapp/index/common/section HTTP/1.1" 200 3368
"GET /myapp/index/home/section HTTP/1.1" 200 4169
"GET /myapp/index/common/section HTTP/1.1" 200 3368
"GET /myapp/index/home/section HTTP/1.1" 200 4169
"GET /myapp/index/home/section HTTP/1.1" 200 4169
"GET /myapp/index/common/section HTTP/1.1" 200 3368
"GET /myapp/index/home/section HTTP/1.1" 200 4169
"GET /myapp/index/home/section HTTP/1.1" 200 4169
"GET /myapp/index/common/section HTTP/1.1" 200 3368
"GET /myapp/index/common/section HTTP/1.1" 200 3368
"GET /myapp/index/home/section HTTP/1.1" 200 4169
"GET /myapp/index/common/section HTTP/1.1" 200 3368
"GET /myapp/index/common/section HTTP/1.1" 200 3368
"GET /myapp/index/home/section HTTP/1.1" 200 4169
"GET /myapp/index/home/section HTTP/1.1" 200 4169
"GET /myapp/index/common/section HTTP/1.1" 200 3368
"GET /myapp/index/common/section HTTP/1.1" 200 3368
"GET /myapp/index/home/section HTTP/1.1" 200 4169
"GET /myapp/index/home/section HTTP/1.1" 200 4169
"GET /myapp/index/common/section HTTP/1.1" 200 3368
"GET /myapp/index/common/section HTTP/1.1" 200 3368
"GET /myapp/index/home/section HTTP/1.1" 200 4169
"GET /myapp/index/common/section HTTP/1.1" 200 3368
"GET /myapp/index/home/section HTTP/1.1" 200 4169
"GET /myapp/index/home/section HTTP/1.1" 200 4169
"GET /myapp/index/common/section HTTP/1.1" 200 3368
"GET /myapp/index/common/section HTTP/1.1" 200 3368
"GET /myapp/index/home/section HTTP/1.1" 200 4169
"GET /myapp/index/home/section HTTP/1.1" 200 4169
"GET /myapp/index/common/section HTTP/1.1" 200 3368
"GET /myapp/index/home/section HTTP/1.1" 200 4169
"GET /myapp/index/common/section HTTP/1.1" 200 3368
"GET /myapp/index/common/section HTTP/1.1" 200 3368
"GET /myapp/index/thing/detail?id=46 HTTP/1.1" 200 6249
"GET /myapp/index/common/section HTTP/1.1" 200 3368
"GET /myapp/index/thing/detail?id=45 HTTP/1.1" 200 6279
"GET /myapp/index/home/section HTTP/1.1" 200 4169
"GET /myapp/index/common/section HTTP/1.1" 200 3368
"GET /myapp/index/common/section HTTP/1.1" 200 3368
"GET /myapp/index/home/section HTTP/1.1" 200 4169
"GET /myapp/index/home/section HTTP/1.1" 200 4169
"GET /myapp/index/common/section HTTP/1.1" 200 3368
"GET /myapp/index/home/section HTTP/1.1" 200 4169
"GET /myapp/index/common/section HTTP/1.1" 200 3368
"GET /myapp/index/common/section HTTP/1.1" 200 3368
"GET /myapp/index/home/section HTTP/1.1" 200 4169
"GET /myapp/index/common/section HTTP/1.1" 200 3368
"GET /myapp/index/home/section HTTP/1.1" 200 4169
Watching for file changes with StatReloader
"GET /myapp/index/common/section HTTP/1.1" 200 3368
"GET /myapp/index/home/section HTTP/1.1" 200 4169
"GET /myapp/index/home/section HTTP/1.1" 200 4169
"GET /myapp/index/common/section HTTP/1.1" 200 3368
"GET /myapp/index/common/section HTTP/1.1" 200 3368
"GET /myapp/index/home/section HTTP/1.1" 200 4169
"GET /myapp/index/common/section HTTP/1.1" 200 3368
"GET /myapp/index/home/section HTTP/1.1" 200 4169
"GET /myapp/index/common/section HTTP/1.1" 200 3368
"GET /myapp/index/home/section HTTP/1.1" 200 4169
"GET /myapp/index/common/section HTTP/1.1" 200 3368
"GET /myapp/index/home/section HTTP/1.1" 200 4169
"GET /myapp/index/home/section HTTP/1.1" 200 4169
"GET /myapp/index/common/section HTTP/1.1" 200 3368
"GET /myapp/index/common/section HTTP/1.1" 200 3368
"GET /myapp/index/home/section HTTP/1.1" 200 4169
"GET /myapp/index/common/section HTTP/1.1" 200 3368
"GET /myapp/index/home/section HTTP/1.1" 200 4169
"GET /myapp/index/common/section HTTP/1.1" 200 3368
"GET /myapp/index/home/section HTTP/1.1" 200 4169
"GET /myapp/index/common/section HTTP/1.1" 200 3368
"GET /myapp/index/home/section HTTP/1.1" 200 4169
"GET /myapp/index/common/section HTTP/1.1" 200 3368
"GET /myapp/index/home/section HTTP/1.1" 200 4169
"GET /myapp/index/common/section HTTP/1.1" 200 3368
"GET /myapp/index/home/section HTTP/1.1" 200 4169
"GET /myapp/index/home/section HTTP/1.1" 200 4169
"GET /myapp/index/common/section HTTP/1.1" 200 3368
"GET /myapp/index/common/section HTTP/1.1" 200 3368
"GET /myapp/index/home/section HTTP/1.1" 200 4169
"GET /myapp/index/common/section HTTP/1.1" 200 3368
"GET /myapp/index/home/section HTTP/1.1" 200 4169
"GET /myapp/index/home/section HTTP/1.1" 200 4169
"GET /myapp/index/common/section HTTP/1.1" 200 3368
"GET /myapp/index/common/section HTTP/1.1" 200 3368
"GET /myapp/index/home/section HTTP/1.1" 200 4169
"GET /myapp/index/common/section HTTP/1.1" 200 3368
"GET /myapp/index/home/section HTTP/1.1" 200 4169
"GET /myapp/index/common/section HTTP/1.1" 200 3368
"GET /myapp/index/home/section HTTP/1.1" 200 4169
"GET /myapp/index/common/section HTTP/1.1" 200 3368
"GET /myapp/index/home/section HTTP/1.1" 200 4169
"GET /myapp/index/common/section HTTP/1.1" 200 3368
"GET /myapp/index/home/section HTTP/1.1" 200 4169
"GET /myapp/index/home/section HTTP/1.1" 200 4169
"GET /myapp/index/common/section HTTP/1.1" 200 3368
"GET /myapp/index/home/section HTTP/1.1" 200 4169
"GET /myapp/index/common/section HTTP/1.1" 200 3368
"GET /myapp/index/common/section HTTP/1.1" 200 3368
"GET /myapp/index/home/section HTTP/1.1" 200 4169
"GET /myapp/index/common/section HTTP/1.1" 200 3368
"GET /myapp/index/home/section HTTP/1.1" 200 4169
"GET /myapp/index/home/section HTTP/1.1" 200 4169
"GET /myapp/index/common/section HTTP/1.1" 200 3368
"GET /myapp/index/home/section HTTP/1.1" 200 4169
"GET /myapp/index/common/section HTTP/1.1" 200 3368
"GET /myapp/index/common/section HTTP/1.1" 200 3368
"GET /myapp/index/home/section HTTP/1.1" 200 4169
"GET /myapp/index/home/section HTTP/1.1" 200 4169
"GET /myapp/index/common/section HTTP/1.1" 200 3368
"GET /myapp/index/common/section HTTP/1.1" 200 3368
"GET /myapp/index/home/section HTTP/1.1" 200 4169
"GET /myapp/index/home/section HTTP/1.1" 200 4169
"GET /myapp/index/common/section HTTP/1.1" 200 3368
"GET /myapp/index/home/section HTTP/1.1" 200 4169
"GET /myapp/index/common/section HTTP/1.1" 200 3368
"GET /myapp/index/home/section HTTP/1.1" 200 4169
"GET /myapp/index/common/section HTTP/1.1" 200 3368
"GET /myapp/index/common/section HTTP/1.1" 200 3368
"GET /myapp/index/home/section HTTP/1.1" 200 4169
"GET /myapp/index/home/section HTTP/1.1" 200 4169
"GET /myapp/index/common/section HTTP/1.1" 200 3368
"GET /myapp/index/common/section HTTP/1.1" 200 3368
"GET /myapp/index/home/section HTTP/1.1" 200 4169
"GET /myapp/index/home/section HTTP/1.1" 200 4169
"GET /myapp/index/common/section HTTP/1.1" 200 3368
"GET /myapp/index/common/section HTTP/1.1" 200 3368
"GET /myapp/index/news/detail?id=7 HTTP/1.1" 200 29415
"GET /myapp/index/common/section HTTP/1.1" 200 3368
"GET /myapp/index/news/detail?id=6 HTTP/1.1" 200 29437
"GET /myapp/index/common/section HTTP/1.1" 200 3368
"GET /myapp/index/news/detail?id=5 HTTP/1.1" 200 29440
"GET /myapp/index/common/section HTTP/1.1" 200 3368
"GET /myapp/index/thing/detail?id=43 HTTP/1.1" 200 6763
"GET /myapp/index/common/section HTTP/1.1" 200 3368
"GET /myapp/index/thing/detail?id=44 HTTP/1.1" 200 6243
"GET /myapp/index/common/section HTTP/1.1" 200 3368
"GET /myapp/index/thing/detail?id=45 HTTP/1.1" 200 6279
"GET /myapp/index/common/section HTTP/1.1" 200 3368
"GET /myapp/index/thing/detail?id=46 HTTP/1.1" 200 6249
"GET /myapp/index/common/section HTTP/1.1" 200 3368
"GET /myapp/index/contact/section HTTP/1.1" 200 1757
"GET /myapp/index/common/section HTTP/1.1" 200 3368
"GET /myapp/index/download/section HTTP/1.1" 200 3422
"GET /myapp/index/common/section HTTP/1.1" 200 3368
"GET /myapp/index/news/section?page=1&pageSize=9 HTTP/1.1" 200 2218
"GET /myapp/index/news/section?page=1&pageSize=9 HTTP/1.1" 200 2218
"GET /myapp/index/common/section HTTP/1.1" 200 3368
"GET /myapp/index/about/section HTTP/1.1" 200 3528
"GET /myapp/index/common/section HTTP/1.1" 200 3368
"GET /myapp/index/thing/section?page=1&pageSize=12&categoryId=53&searchQuery= HTTP/1.1" 200 1602
"GET /myapp/index/thing/section?page=1&pageSize=9 HTTP/1.1" 200 3276
"GET /myapp/index/common/section HTTP/1.1" 200 3368
"GET /myapp/index/thing/section?page=1&pageSize=12&categoryId=52&searchQuery= HTTP/1.1" 200 1602
"GET /myapp/index/thing/section?page=1&pageSize=9 HTTP/1.1" 200 3276
"GET /myapp/index/common/section HTTP/1.1" 200 3368
"GET /myapp/index/thing/section?page=1&pageSize=12&categoryId=51&searchQuery= HTTP/1.1" 200 1602
"GET /myapp/index/thing/section?page=1&pageSize=9 HTTP/1.1" 200 3276
"GET /myapp/index/common/section HTTP/1.1" 200 3368
"GET /myapp/index/thing/section?page=1&pageSize=12&categoryId=50&searchQuery= HTTP/1.1" 200 3446
"GET /myapp/index/thing/section?page=1&pageSize=9 HTTP/1.1" 200 3276
"GET /myapp/index/common/section HTTP/1.1" 200 3368
"GET /myapp/index/thing/section?page=1&pageSize=9 HTTP/1.1" 200 3276
"GET /myapp/index/thing/section?page=1&pageSize=12&searchQuery= HTTP/1.1" 200 3446
"GET /myapp/index/home/section HTTP/1.1" 200 4169
"GET /myapp/index/common/section HTTP/1.1" 200 3368
"GET /myapp/index/common/section HTTP/1.1" 200 3368
"GET /myapp/index/home/section HTTP/1.1" 200 4169
"GET /myapp/index/home/section HTTP/1.1" 200 4169
"GET /myapp/index/common/section HTTP/1.1" 200 3368
"GET /myapp/index/home/section HTTP/1.1" 200 4169
"GET /myapp/index/common/section HTTP/1.1" 200 3368
"GET /myapp/index/common/section HTTP/1.1" 200 3368
"GET /myapp/index/home/section HTTP/1.1" 200 4169
"GET /myapp/index/common/section HTTP/1.1" 200 3368
"GET /myapp/index/home/section HTTP/1.1" 200 4169
"GET /myapp/index/home/section HTTP/1.1" 200 4169
"GET /myapp/index/common/section HTTP/1.1" 200 3368
"GET /myapp/index/home/section HTTP/1.1" 200 4169
"GET /myapp/index/common/section HTTP/1.1" 200 3368
"GET /myapp/index/common/section HTTP/1.1" 200 3368
"GET /myapp/index/home/section HTTP/1.1" 200 4169
"GET /myapp/index/home/section HTTP/1.1" 200 4169
"GET /myapp/index/common/section HTTP/1.1" 200 3368
"GET /myapp/index/common/section HTTP/1.1" 200 3368
"GET /myapp/index/home/section HTTP/1.1" 200 4169
"GET /myapp/index/home/section HTTP/1.1" 200 4169
"GET /myapp/index/common/section HTTP/1.1" 200 3368
"GET /myapp/index/home/section HTTP/1.1" 200 4169
"GET /myapp/index/common/section HTTP/1.1" 200 3368
"GET /myapp/index/home/section HTTP/1.1" 200 4169
"GET /myapp/index/common/section HTTP/1.1" 200 3368
"GET /myapp/index/common/section HTTP/1.1" 200 3368
"GET /myapp/index/home/section HTTP/1.1" 200 4169
"GET /myapp/index/common/section HTTP/1.1" 200 3368
"GET /myapp/index/home/section HTTP/1.1" 200 4169
"GET /myapp/index/common/section HTTP/1.1" 200 3368
"GET /myapp/index/home/section HTTP/1.1" 200 4169
"GET /myapp/index/home/section HTTP/1.1" 200 4169
"GET /myapp/index/common/section HTTP/1.1" 200 3368
"GET /myapp/index/common/section HTTP/1.1" 200 3368
"GET /myapp/index/home/section HTTP/1.1" 200 4169
"GET /myapp/index/common/section HTTP/1.1" 200 3368
"GET /myapp/index/home/section HTTP/1.1" 200 4169
"GET /myapp/index/common/section HTTP/1.1" 200 3368
"GET /myapp/index/home/section HTTP/1.1" 200 4169
"GET /myapp/index/common/section HTTP/1.1" 200 3368
"GET /myapp/index/home/section HTTP/1.1" 200 4169
"GET /myapp/index/common/section HTTP/1.1" 200 3368
"GET /myapp/index/home/section HTTP/1.1" 200 4169
"GET /myapp/index/common/section HTTP/1.1" 200 3368
"GET /myapp/index/home/section HTTP/1.1" 200 4169
"GET /myapp/index/home/section HTTP/1.1" 200 4169
"GET /myapp/index/common/section HTTP/1.1" 200 3368
"GET /myapp/index/common/section HTTP/1.1" 200 3368
"GET /myapp/index/home/section HTTP/1.1" 200 4169
"GET /myapp/index/home/section HTTP/1.1" 200 4169
"GET /myapp/index/common/section HTTP/1.1" 200 3368
"GET /myapp/index/common/section HTTP/1.1" 200 3368
"GET /myapp/index/home/section HTTP/1.1" 200 4169
"GET /myapp/index/common/section HTTP/1.1" 200 3368
"GET /myapp/index/home/section HTTP/1.1" 200 4169
"GET /myapp/index/common/section HTTP/1.1" 200 3368
"GET /myapp/index/home/section HTTP/1.1" 200 4169
"GET /myapp/index/common/section HTTP/1.1" 200 3368
"GET /myapp/index/home/section HTTP/1.1" 200 4169
"GET /myapp/index/common/section HTTP/1.1" 200 3368
"GET /myapp/index/home/section HTTP/1.1" 200 4169
"GET /myapp/index/home/section HTTP/1.1" 200 4169
"GET /myapp/index/common/section HTTP/1.1" 200 3368
"GET /myapp/index/common/section HTTP/1.1" 200 3368
"GET /myapp/index/home/section HTTP/1.1" 200 4169
"GET /myapp/index/common/section HTTP/1.1" 200 3368
"GET /myapp/index/home/section HTTP/1.1" 200 4169
"GET /myapp/index/common/section HTTP/1.1" 200 3368
"GET /myapp/index/home/section HTTP/1.1" 200 4169
"GET /myapp/index/home/section HTTP/1.1" 200 4169
"GET /myapp/index/common/section HTTP/1.1" 200 3368
"GET /myapp/index/home/section HTTP/1.1" 200 4169
"GET /myapp/index/common/section HTTP/1.1" 200 3368
"GET /myapp/index/common/section HTTP/1.1" 200 3368
"GET /myapp/index/home/section HTTP/1.1" 200 4169
"GET /myapp/index/common/section HTTP/1.1" 200 3368
"GET /myapp/index/thing/detail?id=46 HTTP/1.1" 200 6249
"GET /myapp/index/common/section HTTP/1.1" 200 3368
"GET /myapp/index/home/section HTTP/1.1" 200 4169
"GET /myapp/index/common/section HTTP/1.1" 200 3368
"GET /myapp/index/home/section HTTP/1.1" 200 4169
"GET /myapp/index/common/section HTTP/1.1" 200 3368
"GET /myapp/index/home/section HTTP/1.1" 200 4169
"GET /myapp/index/home/section HTTP/1.1" 200 4169
"GET /myapp/index/common/section HTTP/1.1" 200 3368
"GET /myapp/index/home/section HTTP/1.1" 200 4169
"GET /myapp/index/common/section HTTP/1.1" 200 3368
"GET /myapp/index/common/section HTTP/1.1" 200 3368
"GET /myapp/index/home/section HTTP/1.1" 200 4169
"GET /myapp/index/home/section HTTP/1.1" 200 4169
"GET /myapp/index/common/section HTTP/1.1" 200 3368
"GET /myapp/index/common/section HTTP/1.1" 200 3368
"GET /myapp/index/home/section HTTP/1.1" 200 4169
"GET /myapp/index/common/section HTTP/1.1" 200 3368
"GET /myapp/index/home/section HTTP/1.1" 200 4169
"GET /myapp/index/home/section HTTP/1.1" 200 4169
"GET /myapp/index/common/section HTTP/1.1" 200 3368
"GET /myapp/index/home/section HTTP/1.1" 200 4169
"GET /myapp/index/common/section HTTP/1.1" 200 3368
"GET /myapp/index/common/section HTTP/1.1" 200 3368
"GET /myapp/index/home/section HTTP/1.1" 200 4169
"GET /myapp/index/home/section HTTP/1.1" 200 4169
"GET /myapp/index/common/section HTTP/1.1" 200 3368
"GET /myapp/index/common/section HTTP/1.1" 200 3368
"GET /myapp/index/home/section HTTP/1.1" 200 4169
"GET /myapp/index/home/section HTTP/1.1" 200 4169
"GET /myapp/index/common/section HTTP/1.1" 200 3368
"GET /myapp/index/common/section HTTP/1.1" 200 3368
"GET /myapp/index/home/section HTTP/1.1" 200 4169
"GET /myapp/index/common/section HTTP/1.1" 200 3368
"GET /myapp/index/home/section HTTP/1.1" 200 4169
"GET /myapp/index/common/section HTTP/1.1" 200 3368
"GET /myapp/index/home/section HTTP/1.1" 200 4169
"GET /myapp/index/common/section HTTP/1.1" 200 3368
"GET /myapp/index/home/section HTTP/1.1" 200 4169
"GET /myapp/index/home/section HTTP/1.1" 200 4169
"GET /myapp/index/common/section HTTP/1.1" 200 3368
"GET /myapp/index/home/section HTTP/1.1" 200 4169
"GET /myapp/index/common/section HTTP/1.1" 200 3368
"GET /myapp/index/common/section HTTP/1.1" 200 3368
"GET /myapp/index/home/section HTTP/1.1" 200 4169
"GET /myapp/index/home/section HTTP/1.1" 200 4169
"GET /myapp/index/common/section HTTP/1.1" 200 3368
"GET /myapp/index/home/section HTTP/1.1" 200 4169
"GET /myapp/index/common/section HTTP/1.1" 200 3368
"GET /myapp/index/home/section HTTP/1.1" 200 4169
"GET /myapp/index/common/section HTTP/1.1" 200 3368
"GET /myapp/index/home/section HTTP/1.1" 200 4169
"GET /myapp/index/common/section HTTP/1.1" 200 3368
"GET /myapp/index/home/section HTTP/1.1" 200 4169
"GET /myapp/index/common/section HTTP/1.1" 200 3368
"GET /myapp/index/home/section HTTP/1.1" 200 4169
"GET /myapp/index/common/section HTTP/1.1" 200 3368
"GET /myapp/index/common/section HTTP/1.1" 200 3368
"GET /myapp/index/home/section HTTP/1.1" 200 4169
"GET /myapp/index/home/section HTTP/1.1" 200 4169
"GET /myapp/index/common/section HTTP/1.1" 200 3368
"GET /myapp/index/common/section HTTP/1.1" 200 3368
"GET /myapp/index/home/section HTTP/1.1" 200 4169
"GET /myapp/index/home/section HTTP/1.1" 200 4169
"GET /myapp/index/common/section HTTP/1.1" 200 3368
"GET /myapp/index/home/section HTTP/1.1" 200 4169
"GET /myapp/index/common/section HTTP/1.1" 200 3368
"GET /myapp/index/common/section HTTP/1.1" 200 3368
"GET /myapp/index/home/section HTTP/1.1" 200 4169
"GET /myapp/index/common/section HTTP/1.1" 200 3368
"GET /myapp/index/home/section HTTP/1.1" 200 4169
"GET /myapp/index/common/section HTTP/1.1" 200 3368
"GET /myapp/index/home/section HTTP/1.1" 200 4169
"GET /myapp/index/home/section HTTP/1.1" 200 4169
"GET /myapp/index/common/section HTTP/1.1" 200 3368
"GET /myapp/index/home/section HTTP/1.1" 200 4169
"GET /myapp/index/common/section HTTP/1.1" 200 3368
"GET /myapp/index/common/section HTTP/1.1" 200 3368
"GET /myapp/index/home/section HTTP/1.1" 200 4169
"GET /myapp/index/home/section HTTP/1.1" 200 4169
"GET /myapp/index/common/section HTTP/1.1" 200 3368
"GET /myapp/index/home/section HTTP/1.1" 200 4169
"GET /myapp/index/common/section HTTP/1.1" 200 3368
"GET /myapp/index/home/section HTTP/1.1" 200 4169
"GET /myapp/index/common/section HTTP/1.1" 200 3368
"GET /myapp/index/home/section HTTP/1.1" 200 4169
"GET /myapp/index/common/section HTTP/1.1" 200 3368
"GET /myapp/index/common/section HTTP/1.1" 200 3368
"GET /myapp/index/home/section HTTP/1.1" 200 4169
"GET /myapp/index/common/section HTTP/1.1" 200 3368
"GET /myapp/index/home/section HTTP/1.1" 200 4169
"GET /myapp/index/common/section HTTP/1.1" 200 3368
"GET /myapp/index/home/section HTTP/1.1" 200 4169
"GET /myapp/index/common/section HTTP/1.1" 200 3368
"GET /myapp/index/home/section HTTP/1.1" 200 4169
"GET /myapp/index/home/section HTTP/1.1" 200 4169
"GET /myapp/index/common/section HTTP/1.1" 200 3368
"GET /myapp/index/home/section HTTP/1.1" 200 4169
"GET /myapp/index/common/section HTTP/1.1" 200 3368
"GET /myapp/index/home/section HTTP/1.1" 200 4169
"GET /myapp/index/common/section HTTP/1.1" 200 3368
"GET /myapp/index/home/section HTTP/1.1" 200 4169
"GET /myapp/index/common/section HTTP/1.1" 200 3368
"GET /myapp/index/common/section HTTP/1.1" 200 3368
"GET /myapp/index/home/section HTTP/1.1" 200 4169
"GET /myapp/index/common/section HTTP/1.1" 200 3368
"GET /myapp/index/home/section HTTP/1.1" 200 4169
"GET /myapp/index/common/section HTTP/1.1" 200 3368
"GET /myapp/index/home/section HTTP/1.1" 200 4169
"GET /myapp/index/common/section HTTP/1.1" 200 3368
"GET /myapp/index/home/section HTTP/1.1" 200 4169
"GET /myapp/index/home/section HTTP/1.1" 200 4169
"GET /myapp/index/common/section HTTP/1.1" 200 3368
"GET /myapp/index/home/section HTTP/1.1" 200 4169
"GET /myapp/index/common/section HTTP/1.1" 200 3368
"GET /myapp/index/common/section HTTP/1.1" 200 3368
"GET /myapp/index/thing/section?page=1&pageSize=12&categoryId=53&searchQuery= HTTP/1.1" 200 1602
"GET /myapp/index/thing/section?page=1&pageSize=9 HTTP/1.1" 200 3276
"GET /myapp/index/common/section HTTP/1.1" 200 3368
"GET /myapp/index/news/detail?id=5 HTTP/1.1" 200 29440
"GET /myapp/index/common/section HTTP/1.1" 200 3368
"GET /myapp/index/thing/section?page=1&pageSize=12&categoryId=52&searchQuery= HTTP/1.1" 200 1602
"GET /myapp/index/thing/section?page=1&pageSize=9 HTTP/1.1" 200 3276
"GET /myapp/index/common/section HTTP/1.1" 200 3368
"GET /myapp/index/thing/section?page=1&pageSize=9 HTTP/1.1" 200 3276
"GET /myapp/index/thing/section?page=1&pageSize=12&categoryId=50&searchQuery= HTTP/1.1" 200 3446
"GET /myapp/index/common/section HTTP/1.1" 200 3368
"GET /myapp/index/thing/detail?id=45 HTTP/1.1" 200 6279
"GET /myapp/index/common/section HTTP/1.1" 200 3368
"GET /myapp/index/thing/section?page=1&pageSize=12&categoryId=51&searchQuery= HTTP/1.1" 200 1602
"GET /myapp/index/thing/section?page=1&pageSize=9 HTTP/1.1" 200 3276
"GET /myapp/index/common/section HTTP/1.1" 200 3368
"GET /myapp/index/home/section HTTP/1.1" 200 4169
"GET /myapp/index/common/section HTTP/1.1" 200 3368
"GET /myapp/index/contact/section HTTP/1.1" 200 1757
"GET /myapp/index/common/section HTTP/1.1" 200 3368
"GET /myapp/index/thing/detail?id=48 HTTP/1.1" 200 6299
"GET /myapp/index/common/section HTTP/1.1" 200 3368
"GET /myapp/index/thing/detail?id=49 HTTP/1.1" 200 6308
"GET /myapp/index/common/section HTTP/1.1" 200 3368
"GET /myapp/index/thing/detail?id=47 HTTP/1.1" 200 6351
"GET /myapp/index/common/section HTTP/1.1" 200 3368
"GET /myapp/index/thing/detail?id=52 HTTP/1.1" 200 6232
"GET /myapp/index/common/section HTTP/1.1" 200 3368
"GET /myapp/index/home/section HTTP/1.1" 200 4169
"GET /myapp/index/home/section HTTP/1.1" 200 4169
"GET /myapp/index/common/section HTTP/1.1" 200 3368
"GET /myapp/index/home/section HTTP/1.1" 200 4169
"GET /myapp/index/common/section HTTP/1.1" 200 3368
"GET /myapp/index/home/section HTTP/1.1" 200 4169
"GET /myapp/index/common/section HTTP/1.1" 200 3368
"GET /myapp/index/common/section HTTP/1.1" 200 3368
"GET /myapp/index/thing/section?page=1&pageSize=9 HTTP/1.1" 200 3276
"GET /myapp/index/thing/section?page=1&pageSize=12&categoryId=50&searchQuery= HTTP/1.1" 200 3446
"GET /myapp/index/common/section HTTP/1.1" 200 3368
"GET /myapp/index/thing/section?page=1&pageSize=12&categoryId=51&searchQuery= HTTP/1.1" 200 1602
"GET /myapp/index/thing/section?page=1&pageSize=9 HTTP/1.1" 200 3276
"GET /myapp/index/common/section HTTP/1.1" 200 3368
"GET /myapp/index/thing/section?page=1&pageSize=12&categoryId=52&searchQuery= HTTP/1.1" 200 1602
"GET /myapp/index/thing/section?page=1&pageSize=9 HTTP/1.1" 200 3276
"GET /myapp/index/common/section HTTP/1.1" 200 3368
"GET /myapp/index/thing/section?page=1&pageSize=12&categoryId=53&searchQuery= HTTP/1.1" 200 1602
"GET /myapp/index/thing/section?page=1&pageSize=9 HTTP/1.1" 200 3276
"GET /myapp/index/common/section HTTP/1.1" 200 3368
Not Found: /myapp/index/thing/section
"GET /myapp/index/thing/section?page=2&pageSize=12&categoryId=50&searchQuery= HTTP/1.1" 404 28
"GET /myapp/index/thing/section?page=1&pageSize=9 HTTP/1.1" 200 3276
"GET /myapp/index/thing/section?page=1&pageSize=9 HTTP/1.1" 200 3276
"GET /myapp/index/common/section HTTP/1.1" 200 3368
"GET /myapp/index/home/section HTTP/1.1" 200 4169
"GET /myapp/index/common/section HTTP/1.1" 200 3368
"GET /myapp/index/thing/section?page=1&pageSize=9 HTTP/1.1" 200 3276
"GET /myapp/index/thing/section?page=1&pageSize=12&categoryId=50&searchQuery= HTTP/1.1" 200 3446
"GET /myapp/index/home/section HTTP/1.1" 200 4169
"GET /myapp/index/common/section HTTP/1.1" 200 3368
"GET /myapp/index/home/section HTTP/1.1" 200 4169
"GET /myapp/index/common/section HTTP/1.1" 200 3368
"GET /myapp/index/home/section HTTP/1.1" 200 4169
"GET /myapp/index/common/section HTTP/1.1" 200 3368
"GET /myapp/index/common/section HTTP/1.1" 200 3368
"GET /myapp/index/home/section HTTP/1.1" 200 4169
"GET /myapp/index/common/section HTTP/1.1" 200 3368
"GET /myapp/index/home/section HTTP/1.1" 200 4169
"GET /myapp/index/home/section HTTP/1.1" 200 4169
"GET /myapp/index/common/section HTTP/1.1" 200 3368
"GET /myapp/index/common/section HTTP/1.1" 200 3368
"GET /myapp/index/home/section HTTP/1.1" 200 4169
"GET /myapp/index/home/section HTTP/1.1" 200 4169
"GET /myapp/index/common/section HTTP/1.1" 200 3368
"GET /myapp/index/common/section HTTP/1.1" 200 3368
"GET /myapp/index/home/section HTTP/1.1" 200 4169
"GET /myapp/index/home/section HTTP/1.1" 200 4169
"GET /myapp/index/common/section HTTP/1.1" 200 3368
"GET /myapp/index/common/section HTTP/1.1" 200 3368
"GET /myapp/index/home/section HTTP/1.1" 200 4169
"GET /myapp/index/common/section HTTP/1.1" 200 3368
"GET /myapp/index/home/section HTTP/1.1" 200 4169
"GET /myapp/index/common/section HTTP/1.1" 200 3368
"GET /myapp/index/home/section HTTP/1.1" 200 4169
"GET /myapp/index/home/section HTTP/1.1" 200 4169
"GET /myapp/index/common/section HTTP/1.1" 200 3368
"GET /myapp/index/common/section HTTP/1.1" 200 3368
"GET /myapp/index/news/detail?id=7 HTTP/1.1" 200 29415
"GET /myapp/index/common/section HTTP/1.1" 200 3368
"GET /myapp/index/home/section HTTP/1.1" 200 4169
"GET /myapp/index/common/section HTTP/1.1" 200 3368
"GET /myapp/index/home/section HTTP/1.1" 200 4169
"GET /myapp/index/common/section HTTP/1.1" 200 3368
"GET /myapp/index/home/section HTTP/1.1" 200 4169
"GET /myapp/index/home/section HTTP/1.1" 200 4169
"GET /myapp/index/common/section HTTP/1.1" 200 3368
"GET /myapp/index/home/section HTTP/1.1" 200 4169
"GET /myapp/index/common/section HTTP/1.1" 200 3368
"GET /myapp/index/common/section HTTP/1.1" 200 3368
"GET /myapp/index/home/section HTTP/1.1" 200 4169
"GET /myapp/index/home/section HTTP/1.1" 200 4169
"GET /myapp/index/common/section HTTP/1.1" 200 3368
"GET /myapp/index/home/section HTTP/1.1" 200 4169
"GET /myapp/index/common/section HTTP/1.1" 200 3368
"GET /myapp/index/home/section HTTP/1.1" 200 4169
"GET /myapp/index/common/section HTTP/1.1" 200 3368
"GET /myapp/index/home/section HTTP/1.1" 200 4169
"GET /myapp/index/common/section HTTP/1.1" 200 3368
"GET /myapp/index/common/section HTTP/1.1" 200 3368
"GET /myapp/index/home/section HTTP/1.1" 200 4169
"GET /myapp/index/common/section HTTP/1.1" 200 3368
"GET /myapp/index/home/section HTTP/1.1" 200 4169
"GET /myapp/index/common/section HTTP/1.1" 200 3368
"GET /myapp/index/home/section HTTP/1.1" 200 4169
"GET /myapp/index/common/section HTTP/1.1" 200 3368
"GET /myapp/index/home/section HTTP/1.1" 200 4169
"GET /myapp/index/home/section HTTP/1.1" 200 4169
"GET /myapp/index/common/section HTTP/1.1" 200 3368
"GET /myapp/index/common/section HTTP/1.1" 200 3368
"GET /myapp/index/home/section HTTP/1.1" 200 4169
"GET /myapp/index/common/section HTTP/1.1" 200 3368
"GET /myapp/index/home/section HTTP/1.1" 200 4169
"GET /myapp/index/home/section HTTP/1.1" 200 4169
"GET /myapp/index/common/section HTTP/1.1" 200 3368
"GET /myapp/index/common/section HTTP/1.1" 200 3368
"GET /myapp/index/home/section HTTP/1.1" 200 4169
"GET /myapp/index/home/section HTTP/1.1" 200 4169
"GET /myapp/index/common/section HTTP/1.1" 200 3368
"GET /myapp/index/common/section HTTP/1.1" 200 3368
"GET /myapp/index/home/section HTTP/1.1" 200 4169
"GET /myapp/index/common/section HTTP/1.1" 200 3368
"GET /myapp/index/home/section HTTP/1.1" 200 4169
"GET /myapp/index/home/section HTTP/1.1" 200 4169
"GET /myapp/index/common/section HTTP/1.1" 200 3368
"GET /myapp/index/home/section HTTP/1.1" 200 4169
"GET /myapp/index/common/section HTTP/1.1" 200 3368
"GET /myapp/index/home/section HTTP/1.1" 200 4169
"GET /myapp/index/common/section HTTP/1.1" 200 3368
"GET /myapp/index/common/section HTTP/1.1" 200 3368
"GET /myapp/index/home/section HTTP/1.1" 200 4169
"GET /myapp/index/home/section HTTP/1.1" 200 4169
"GET /myapp/index/common/section HTTP/1.1" 200 3368
"GET /myapp/index/common/section HTTP/1.1" 200 3368
"GET /myapp/index/home/section HTTP/1.1" 200 4169
"GET /myapp/index/home/section HTTP/1.1" 200 4169
"GET /myapp/index/common/section HTTP/1.1" 200 3368
"GET /myapp/index/common/section HTTP/1.1" 200 3368
"GET /myapp/index/home/section HTTP/1.1" 200 4169
"GET /myapp/index/common/section HTTP/1.1" 200 3368
"GET /myapp/index/home/section HTTP/1.1" 200 4169
"GET /myapp/index/common/section HTTP/1.1" 200 3368
"GET /myapp/index/home/section HTTP/1.1" 200 4169
"GET /myapp/index/common/section HTTP/1.1" 200 3368
"GET /myapp/index/home/section HTTP/1.1" 200 4169
"GET /myapp/index/common/section HTTP/1.1" 200 3368
"GET /myapp/index/home/section HTTP/1.1" 200 4169
"GET /myapp/index/common/section HTTP/1.1" 200 3368
"GET /myapp/index/home/section HTTP/1.1" 200 4169
"GET /myapp/index/common/section HTTP/1.1" 200 3368
"GET /myapp/index/home/section HTTP/1.1" 200 4169
"GET /myapp/index/home/section HTTP/1.1" 200 4169
"GET /myapp/index/common/section HTTP/1.1" 200 3368
"GET /myapp/index/common/section HTTP/1.1" 200 3368
"GET /myapp/index/home/section HTTP/1.1" 200 4169
"GET /myapp/index/home/section HTTP/1.1" 200 4169
"GET /myapp/index/common/section HTTP/1.1" 200 3368
"GET /myapp/index/common/section HTTP/1.1" 200 3368
"GET /myapp/index/home/section HTTP/1.1" 200 4169
"GET /myapp/index/common/section HTTP/1.1" 200 3368
"GET /myapp/index/home/section HTTP/1.1" 200 4169
"GET /myapp/index/common/section HTTP/1.1" 200 3368
"GET /myapp/index/thing/detail?id=43 HTTP/1.1" 200 6763
"GET /myapp/index/common/section HTTP/1.1" 200 3368
"GET /myapp/index/thing/detail?id=46 HTTP/1.1" 200 6249
"GET /myapp/index/common/section HTTP/1.1" 200 3368
"GET /myapp/index/home/section HTTP/1.1" 200 4169
"GET /myapp/index/home/section HTTP/1.1" 200 4169
"GET /myapp/index/common/section HTTP/1.1" 200 3368
"GET /myapp/index/home/section HTTP/1.1" 200 4169
"GET /myapp/index/common/section HTTP/1.1" 200 3368
"GET /myapp/index/home/section HTTP/1.1" 200 4169
"GET /myapp/index/common/section HTTP/1.1" 200 3368
"GET /myapp/index/common/section HTTP/1.1" 200 3368
"GET /myapp/index/home/section HTTP/1.1" 200 4169
"GET /myapp/index/common/section HTTP/1.1" 200 3368
"GET /myapp/index/home/section HTTP/1.1" 200 4169
"GET /myapp/index/common/section HTTP/1.1" 200 3368
"GET /myapp/index/home/section HTTP/1.1" 200 4169
"GET /myapp/index/common/section HTTP/1.1" 200 3368
"GET /myapp/index/home/section HTTP/1.1" 200 4169
"GET /myapp/index/common/section HTTP/1.1" 200 3368
"GET /myapp/index/home/section HTTP/1.1" 200 4169
"GET /myapp/index/home/section HTTP/1.1" 200 4169
"GET /myapp/index/common/section HTTP/1.1" 200 3368
"GET /myapp/index/common/section HTTP/1.1" 200 3368
"GET /myapp/index/home/section HTTP/1.1" 200 4169
"GET /myapp/index/common/section HTTP/1.1" 200 3368
"GET /myapp/index/home/section HTTP/1.1" 200 4169
"GET /myapp/index/home/section HTTP/1.1" 200 4169
"GET /myapp/index/common/section HTTP/1.1" 200 3368
"GET /myapp/index/common/section HTTP/1.1" 200 3368
"GET /myapp/index/home/section HTTP/1.1" 200 4169
"GET /myapp/index/home/section HTTP/1.1" 200 4169
"GET /myapp/index/common/section HTTP/1.1" 200 3368
"GET /myapp/index/common/section HTTP/1.1" 200 3368
"GET /myapp/index/home/section HTTP/1.1" 200 4169
"GET /myapp/index/common/section HTTP/1.1" 200 3368
"GET /myapp/index/home/section HTTP/1.1" 200 4169
"GET /myapp/index/home/section HTTP/1.1" 200 4169
"GET /myapp/index/common/section HTTP/1.1" 200 3368
"GET /myapp/index/home/section HTTP/1.1" 200 4169
"GET /myapp/index/common/section HTTP/1.1" 200 3368
"GET /myapp/index/common/section HTTP/1.1" 200 3368
"GET /myapp/index/home/section HTTP/1.1" 200 4169
"GET /myapp/index/common/section HTTP/1.1" 200 3368
"GET /myapp/index/home/section HTTP/1.1" 200 4169
"GET /myapp/index/common/section HTTP/1.1" 200 3368
"GET /myapp/index/home/section HTTP/1.1" 200 4169
"GET /myapp/index/common/section HTTP/1.1" 200 3368
"GET /myapp/index/home/section HTTP/1.1" 200 4169
"GET /myapp/index/home/section HTTP/1.1" 200 4169
"GET /myapp/index/common/section HTTP/1.1" 200 3368
"GET /myapp/index/common/section HTTP/1.1" 200 3368
"GET /myapp/index/home/section HTTP/1.1" 200 4169
"GET /myapp/index/home/section HTTP/1.1" 200 4169
"GET /myapp/index/common/section HTTP/1.1" 200 3368
"GET /myapp/index/common/section HTTP/1.1" 200 3368
"GET /myapp/index/home/section HTTP/1.1" 200 4169
"GET /myapp/index/home/section HTTP/1.1" 200 4169
"GET /myapp/index/common/section HTTP/1.1" 200 3368
"GET /myapp/index/common/section HTTP/1.1" 200 3368
"GET /myapp/index/home/section HTTP/1.1" 200 4169
"GET /myapp/index/home/section HTTP/1.1" 200 4169
"GET /myapp/index/common/section HTTP/1.1" 200 3368
"GET /myapp/index/home/section HTTP/1.1" 200 4169
"GET /myapp/index/common/section HTTP/1.1" 200 3368
"GET /myapp/index/common/section HTTP/1.1" 200 3368
"GET /myapp/index/home/section HTTP/1.1" 200 4169
"GET /myapp/index/home/section HTTP/1.1" 200 4169
"GET /myapp/index/common/section HTTP/1.1" 200 3368
"GET /myapp/index/home/section HTTP/1.1" 200 4169
"GET /myapp/index/common/section HTTP/1.1" 200 3368
"GET /myapp/index/home/section HTTP/1.1" 200 4169
"GET /myapp/index/common/section HTTP/1.1" 200 3368
"GET /myapp/index/home/section HTTP/1.1" 200 4169
"GET /myapp/index/common/section HTTP/1.1" 200 3368
"GET /myapp/index/common/section HTTP/1.1" 200 3368
"GET /myapp/index/home/section HTTP/1.1" 200 4169
"GET /myapp/index/common/section HTTP/1.1" 200 3368
"GET /myapp/index/home/section HTTP/1.1" 200 4169
"GET /myapp/index/common/section HTTP/1.1" 200 3368
"GET /myapp/index/home/section HTTP/1.1" 200 4169
"GET /myapp/index/common/section HTTP/1.1" 200 3368
"GET /myapp/index/home/section HTTP/1.1" 200 4169
"GET /myapp/index/home/section HTTP/1.1" 200 4169
"GET /myapp/index/common/section HTTP/1.1" 200 3368
"GET /myapp/index/home/section HTTP/1.1" 200 4169
"GET /myapp/index/common/section HTTP/1.1" 200 3368
"GET /myapp/index/home/section HTTP/1.1" 200 4169
"GET /myapp/index/common/section HTTP/1.1" 200 3368
"GET /myapp/index/home/section HTTP/1.1" 200 4169
"GET /myapp/index/common/section HTTP/1.1" 200 3368
"GET /myapp/index/home/section HTTP/1.1" 200 4169
"GET /myapp/index/common/section HTTP/1.1" 200 3368
"GET /myapp/index/home/section HTTP/1.1" 200 4169
"GET /myapp/index/common/section HTTP/1.1" 200 3368
"GET /myapp/index/common/section HTTP/1.1" 200 3368
"GET /myapp/index/home/section HTTP/1.1" 200 4169
"GET /myapp/index/common/section HTTP/1.1" 200 3368
"GET /myapp/index/home/section HTTP/1.1" 200 4169
"GET /myapp/index/home/section HTTP/1.1" 200 4169
"GET /myapp/index/common/section HTTP/1.1" 200 3368
"GET /myapp/index/common/section HTTP/1.1" 200 3368
"GET /myapp/index/home/section HTTP/1.1" 200 4169
"GET /myapp/index/common/section HTTP/1.1" 200 3368
"GET /myapp/index/home/section HTTP/1.1" 200 4169
"GET /myapp/index/home/section HTTP/1.1" 200 4169
"GET /myapp/index/common/section HTTP/1.1" 200 3368
"GET /myapp/index/home/section HTTP/1.1" 200 4169
"GET /myapp/index/common/section HTTP/1.1" 200 3368
"GET /myapp/index/common/section HTTP/1.1" 200 3368
"GET /myapp/index/home/section HTTP/1.1" 200 4169
"GET /myapp/index/common/section HTTP/1.1" 200 3368
"GET /myapp/index/home/section HTTP/1.1" 200 4169
"GET /myapp/index/common/section HTTP/1.1" 200 3368
"GET /myapp/index/home/section HTTP/1.1" 200 4169
"GET /myapp/index/common/section HTTP/1.1" 200 3368
"GET /myapp/index/home/section HTTP/1.1" 200 4169
"GET /myapp/index/common/section HTTP/1.1" 200 3368
"GET /myapp/index/home/section HTTP/1.1" 200 4169
"GET /myapp/index/common/section HTTP/1.1" 200 3368
"GET /myapp/index/home/section HTTP/1.1" 200 4169
"GET /myapp/index/home/section HTTP/1.1" 200 4169
"GET /myapp/index/common/section HTTP/1.1" 200 3368
"GET /myapp/index/common/section HTTP/1.1" 200 3368
"GET /myapp/index/home/section HTTP/1.1" 200 4169
"GET /myapp/index/common/section HTTP/1.1" 200 3368
"GET /myapp/index/home/section HTTP/1.1" 200 4169
"GET /myapp/index/home/section HTTP/1.1" 200 4169
"GET /myapp/index/common/section HTTP/1.1" 200 3368
"GET /myapp/index/home/section HTTP/1.1" 200 4169
"GET /myapp/index/common/section HTTP/1.1" 200 3368
"GET /myapp/index/common/section HTTP/1.1" 200 3368
"GET /myapp/index/home/section HTTP/1.1" 200 4169
"GET /myapp/index/home/section HTTP/1.1" 200 4169
"GET /myapp/index/common/section HTTP/1.1" 200 3368
"GET /myapp/index/common/section HTTP/1.1" 200 3368
"GET /myapp/index/home/section HTTP/1.1" 200 4169
"GET /myapp/index/home/section HTTP/1.1" 200 4169
"GET /myapp/index/common/section HTTP/1.1" 200 3368
"GET /myapp/index/common/section HTTP/1.1" 200 3368
"GET /myapp/index/home/section HTTP/1.1" 200 4169
"GET /myapp/index/home/section HTTP/1.1" 200 4169
"GET /myapp/index/common/section HTTP/1.1" 200 3368
"GET /myapp/index/home/section HTTP/1.1" 200 4169
"GET /myapp/index/common/section HTTP/1.1" 200 3368
"GET /myapp/index/common/section HTTP/1.1" 200 3368
"GET /myapp/index/home/section HTTP/1.1" 200 4169
"GET /myapp/index/common/section HTTP/1.1" 200 3368
"GET /myapp/index/home/section HTTP/1.1" 200 4169
"GET /myapp/index/common/section HTTP/1.1" 200 3368
"GET /myapp/index/news/section?page=1&pageSize=9 HTTP/1.1" 200 2218
"GET /myapp/index/news/section?page=1&pageSize=9 HTTP/1.1" 200 2218
"GET /myapp/index/common/section HTTP/1.1" 200 3368
"GET /myapp/index/news/detail?id=5 HTTP/1.1" 200 29440
"GET /myapp/index/common/section HTTP/1.1" 200 3368
"GET /myapp/index/contact/section HTTP/1.1" 200 1757
"GET /myapp/index/common/section HTTP/1.1" 200 3368
"GET /myapp/index/news/detail?id=14 HTTP/1.1" 200 29253
"GET /myapp/index/common/section HTTP/1.1" 200 3368
"GET /myapp/index/news/detail?id=13 HTTP/1.1" 200 29420
"GET /myapp/index/common/section HTTP/1.1" 200 3368
"GET /myapp/index/home/section HTTP/1.1" 200 4169
"GET /myapp/index/common/section HTTP/1.1" 200 3368
"GET /myapp/index/news/detail?id=9 HTTP/1.1" 200 29416
"GET /myapp/index/common/section HTTP/1.1" 200 3368
"GET /myapp/index/news/detail?id=10 HTTP/1.1" 200 29416
"GET /myapp/index/home/section HTTP/1.1" 200 4169
"GET /myapp/index/common/section HTTP/1.1" 200 3368
"GET /myapp/index/common/section HTTP/1.1" 200 3368
"GET /myapp/index/thing/detail?id=52 HTTP/1.1" 200 6232
"GET /myapp/index/common/section HTTP/1.1" 200 3368
"GET /myapp/index/thing/detail?id=49 HTTP/1.1" 200 6308
"GET /myapp/index/common/section HTTP/1.1" 200 3368
"GET /myapp/index/home/section HTTP/1.1" 200 4169
"GET /myapp/index/home/section HTTP/1.1" 200 4169
"GET /myapp/index/common/section HTTP/1.1" 200 3368
"GET /myapp/index/home/section HTTP/1.1" 200 4169
"GET /myapp/index/common/section HTTP/1.1" 200 3368
"GET /myapp/index/home/section HTTP/1.1" 200 4169
"GET /myapp/index/common/section HTTP/1.1" 200 3368
"GET /myapp/index/home/section HTTP/1.1" 200 4169
"GET /myapp/index/common/section HTTP/1.1" 200 3368
"GET /myapp/index/home/section HTTP/1.1" 200 4169
"GET /myapp/index/common/section HTTP/1.1" 200 3368
"GET /myapp/index/common/section HTTP/1.1" 200 3368
"GET /myapp/index/home/section HTTP/1.1" 200 4169
"GET /myapp/index/common/section HTTP/1.1" 200 3368
"GET /myapp/index/home/section HTTP/1.1" 200 4169
"GET /myapp/index/common/section HTTP/1.1" 200 3368
"GET /myapp/index/home/section HTTP/1.1" 200 4169
"GET /myapp/index/common/section HTTP/1.1" 200 3368
"GET /myapp/index/home/section HTTP/1.1" 200 4169
"GET /myapp/index/home/section HTTP/1.1" 200 4169
"GET /myapp/index/common/section HTTP/1.1" 200 3368
"GET /myapp/index/common/section HTTP/1.1" 200 3368
"GET /myapp/index/home/section HTTP/1.1" 200 4169
"GET /myapp/index/home/section HTTP/1.1" 200 4169
"GET /myapp/index/common/section HTTP/1.1" 200 3368
"GET /myapp/index/common/section HTTP/1.1" 200 3368
"GET /myapp/index/home/section HTTP/1.1" 200 4169
"GET /myapp/index/common/section HTTP/1.1" 200 3368
"GET /myapp/index/home/section HTTP/1.1" 200 4169
"GET /myapp/index/common/section HTTP/1.1" 200 3368
"GET /myapp/index/home/section HTTP/1.1" 200 4169
"GET /myapp/index/home/section HTTP/1.1" 200 4169
"GET /myapp/index/common/section HTTP/1.1" 200 3368
"GET /myapp/index/home/section HTTP/1.1" 200 4169
"GET /myapp/index/common/section HTTP/1.1" 200 3368
"GET /myapp/index/common/section HTTP/1.1" 200 3368
"GET /myapp/index/home/section HTTP/1.1" 200 4169
"GET /myapp/index/home/section HTTP/1.1" 200 4169
"GET /myapp/index/common/section HTTP/1.1" 200 3368
"GET /myapp/index/common/section HTTP/1.1" 200 3368
"GET /myapp/index/home/section HTTP/1.1" 200 4169
"GET /myapp/index/common/section HTTP/1.1" 200 3368
"GET /myapp/index/home/section HTTP/1.1" 200 4169
"GET /myapp/index/home/section HTTP/1.1" 200 4169
"GET /myapp/index/common/section HTTP/1.1" 200 3368
"GET /myapp/index/common/section HTTP/1.1" 200 3368
"GET /myapp/index/home/section HTTP/1.1" 200 4169
"GET /myapp/index/common/section HTTP/1.1" 200 3368
"GET /myapp/index/home/section HTTP/1.1" 200 4169
"GET /myapp/index/home/section HTTP/1.1" 200 4169
"GET /myapp/index/common/section HTTP/1.1" 200 3368
"GET /myapp/index/home/section HTTP/1.1" 200 4169
"GET /myapp/index/common/section HTTP/1.1" 200 3368
"GET /myapp/index/common/section HTTP/1.1" 200 3368
"GET /myapp/index/home/section HTTP/1.1" 200 4169
"GET /myapp/index/common/section HTTP/1.1" 200 3368
"GET /myapp/index/home/section HTTP/1.1" 200 4169
"GET /myapp/index/home/section HTTP/1.1" 200 4169
"GET /myapp/index/common/section HTTP/1.1" 200 3368
"GET /myapp/index/home/section HTTP/1.1" 200 4169
"GET /myapp/index/common/section HTTP/1.1" 200 3368
"GET /myapp/index/common/section HTTP/1.1" 200 3368
"GET /myapp/index/home/section HTTP/1.1" 200 4169
"GET /myapp/index/home/section HTTP/1.1" 200 4169
"GET /myapp/index/common/section HTTP/1.1" 200 3368
"GET /myapp/index/common/section HTTP/1.1" 200 3368
"GET /myapp/index/home/section HTTP/1.1" 200 4169
"GET /myapp/index/home/section HTTP/1.1" 200 4169
"GET /myapp/index/common/section HTTP/1.1" 200 3368
"GET /myapp/index/common/section HTTP/1.1" 200 3368
"GET /myapp/index/home/section HTTP/1.1" 200 4169
"GET /myapp/index/home/section HTTP/1.1" 200 4169
"GET /myapp/index/common/section HTTP/1.1" 200 3368
"GET /myapp/index/home/section HTTP/1.1" 200 4169
"GET /myapp/index/common/section HTTP/1.1" 200 3368
"GET /myapp/index/common/section HTTP/1.1" 200 3368
"GET /myapp/index/home/section HTTP/1.1" 200 4169
"GET /myapp/index/common/section HTTP/1.1" 200 3368
"GET /myapp/index/home/section HTTP/1.1" 200 4169
"GET /myapp/index/home/section HTTP/1.1" 200 4169
"GET /myapp/index/common/section HTTP/1.1" 200 3368
"GET /myapp/index/home/section HTTP/1.1" 200 4169
"GET /myapp/index/common/section HTTP/1.1" 200 3368
"GET /myapp/index/common/section HTTP/1.1" 200 3368
"GET /myapp/index/home/section HTTP/1.1" 200 4169
"GET /myapp/index/home/section HTTP/1.1" 200 4169
"GET /myapp/index/common/section HTTP/1.1" 200 3368
"GET /myapp/index/common/section HTTP/1.1" 200 3368
"GET /myapp/index/home/section HTTP/1.1" 200 4169
"GET /myapp/index/common/section HTTP/1.1" 200 3368
"GET /myapp/index/home/section HTTP/1.1" 200 4169
"GET /myapp/index/common/section HTTP/1.1" 200 3368
"GET /myapp/index/home/section HTTP/1.1" 200 4169
"GET /myapp/index/common/section HTTP/1.1" 200 3368
"GET /myapp/index/home/section HTTP/1.1" 200 4169
"GET /myapp/index/common/section HTTP/1.1" 200 3368
"GET /myapp/index/home/section HTTP/1.1" 200 4169
"GET /myapp/index/home/section HTTP/1.1" 200 4169
"GET /myapp/index/common/section HTTP/1.1" 200 3368
"GET /myapp/index/common/section HTTP/1.1" 200 3368
"GET /myapp/index/home/section HTTP/1.1" 200 4169
"GET /myapp/index/home/section HTTP/1.1" 200 4169
"GET /myapp/index/common/section HTTP/1.1" 200 3368
"GET /myapp/index/common/section HTTP/1.1" 200 3368
"GET /myapp/index/home/section HTTP/1.1" 200 4169
"GET /myapp/index/common/section HTTP/1.1" 200 3368
"GET /myapp/index/home/section HTTP/1.1" 200 4169
"GET /myapp/index/common/section HTTP/1.1" 200 3368
"GET /myapp/index/home/section HTTP/1.1" 200 4169
"GET /myapp/index/common/section HTTP/1.1" 200 3368
"GET /myapp/index/thing/section?page=1&pageSize=9 HTTP/1.1" 200 3276
"GET /myapp/index/thing/section?page=1&pageSize=12&searchQuery= HTTP/1.1" 200 3446
"GET /myapp/index/common/section HTTP/1.1" 200 3368
"GET /myapp/index/news/section?page=1&pageSize=9 HTTP/1.1" 200 2218
"GET /myapp/index/news/section?page=1&pageSize=9 HTTP/1.1" 200 2218
"GET /myapp/index/home/section HTTP/1.1" 200 4169
"GET /myapp/index/common/section HTTP/1.1" 200 3368
"GET /myapp/index/common/section HTTP/1.1" 200 3368
"GET /myapp/index/download/section HTTP/1.1" 200 3422
"GET /myapp/index/common/section HTTP/1.1" 200 3368
"GET /myapp/index/thing/detail?id=44 HTTP/1.1" 200 6243
"GET /myapp/index/common/section HTTP/1.1" 200 3368
"GET /myapp/index/about/section HTTP/1.1" 200 3528
"GET /myapp/index/common/section HTTP/1.1" 200 3368
"GET /myapp/index/home/section HTTP/1.1" 200 4169
"GET /myapp/index/common/section HTTP/1.1" 200 3368
"GET /myapp/index/news/detail?id=6 HTTP/1.1" 200 29437
"GET /myapp/index/home/section HTTP/1.1" 200 4169
"GET /myapp/index/common/section HTTP/1.1" 200 3368
"GET /myapp/index/common/section HTTP/1.1" 200 3368
"GET /myapp/index/thing/section?page=1&pageSize=12&categoryId=-1&searchQuery= HTTP/1.1" 200 3446
"GET /myapp/index/thing/section?page=1&pageSize=9 HTTP/1.1" 200 3276
"GET /myapp/index/home/section HTTP/1.1" 200 4169
"GET /myapp/index/common/section HTTP/1.1" 200 3368
"GET /myapp/index/common/section HTTP/1.1" 200 3368
"GET /myapp/index/home/section HTTP/1.1" 200 4169
"GET /myapp/index/common/section HTTP/1.1" 200 3368
"GET /myapp/index/news/detail?id=15 HTTP/1.1" 200 25949
"GET /myapp/index/common/section HTTP/1.1" 200 3368
"GET /myapp/index/home/section HTTP/1.1" 200 4169
"GET /myapp/index/home/section HTTP/1.1" 200 4169
"GET /myapp/index/common/section HTTP/1.1" 200 3368
"GET /myapp/index/common/section HTTP/1.1" 200 3368
"GET /myapp/index/thing/section?page=1&pageSize=9 HTTP/1.1" 200 3276
"GET /myapp/index/thing/section?page=1&pageSize=12&categoryId=-1&searchQuery= HTTP/1.1" 200 3446
"GET /myapp/index/common/section HTTP/1.1" 200 3368
Not Found: /myapp/index/thing/section
"GET /myapp/index/thing/section?page=2&pageSize=12&categoryId=-1&searchQuery= HTTP/1.1" 404 28
"GET /myapp/index/thing/section?page=1&pageSize=9 HTTP/1.1" 200 3276
"GET /myapp/index/thing/section?page=1&pageSize=9 HTTP/1.1" 200 3276
"GET /myapp/index/common/section HTTP/1.1" 200 3368
"GET /myapp/index/thing/detail?id=50 HTTP/1.1" 200 6261
"GET /myapp/index/common/section HTTP/1.1" 200 3368
"GET /myapp/index/thing/detail?id=51 HTTP/1.1" 200 6270
"GET /myapp/index/common/section HTTP/1.1" 200 3368
"GET /myapp/index/thing/section?page=1&pageSize=9 HTTP/1.1" 200 3276
"GET /myapp/index/thing/section?page=1&pageSize=12&searchQuery= HTTP/1.1" 200 3446
"GET /myapp/index/common/section HTTP/1.1" 200 3368
"GET /myapp/index/download/section HTTP/1.1" 200 3422
"GET /myapp/index/common/section HTTP/1.1" 200 3368
"GET /myapp/index/home/section HTTP/1.1" 200 4169
"GET /myapp/index/home/section HTTP/1.1" 200 4169
"GET /myapp/index/common/section HTTP/1.1" 200 3368
"GET /myapp/index/common/section HTTP/1.1" 200 3368
"GET /myapp/index/thing/section?page=1&pageSize=9 HTTP/1.1" 200 3276
"GET /myapp/index/thing/section?page=1&pageSize=12&categoryId=-1&searchQuery= HTTP/1.1" 200 3446
"GET /myapp/index/common/section HTTP/1.1" 200 3368
"GET /myapp/index/home/section HTTP/1.1" 200 4169
"GET /myapp/index/common/section HTTP/1.1" 200 3368
Not Found: /myapp/index/thing/section
"GET /myapp/index/thing/section?page=2&pageSize=12&categoryId=-1&searchQuery= HTTP/1.1" 404 28
"GET /myapp/index/thing/section?page=1&pageSize=9 HTTP/1.1" 200 3276
"GET /myapp/index/thing/section?page=1&pageSize=9 HTTP/1.1" 200 3276
"GET /myapp/index/common/section HTTP/1.1" 200 3368
"GET /myapp/index/home/section HTTP/1.1" 200 4169
"GET /myapp/index/common/section HTTP/1.1" 200 3368
"GET /myapp/index/thing/section?page=1&pageSize=9 HTTP/1.1" 200 3276
"GET /myapp/index/thing/section?page=1&pageSize=12&categoryId=-1&searchQuery= HTTP/1.1" 200 3446
"GET /myapp/index/common/section HTTP/1.1" 200 3368
"GET /myapp/index/thing/detail?id=51 HTTP/1.1" 200 6270
"GET /myapp/index/common/section HTTP/1.1" 200 3368
"GET /myapp/index/home/section HTTP/1.1" 200 4169
"GET /myapp/index/common/section HTTP/1.1" 200 3368
"GET /myapp/index/thing/detail?id=50 HTTP/1.1" 200 6261
"GET /myapp/index/common/section HTTP/1.1" 200 3368
"GET /myapp/index/home/section HTTP/1.1" 200 4169
"GET /myapp/index/home/section HTTP/1.1" 200 4169
"GET /myapp/index/common/section HTTP/1.1" 200 3368
"GET /myapp/index/common/section HTTP/1.1" 200 3368
"GET /myapp/index/home/section HTTP/1.1" 200 4169
"GET /myapp/index/common/section HTTP/1.1" 200 3368
"GET /myapp/index/home/section HTTP/1.1" 200 4169
"GET /myapp/index/home/section HTTP/1.1" 200 4169
"GET /myapp/index/common/section HTTP/1.1" 200 3368
"GET /myapp/index/home/section HTTP/1.1" 200 4169
"GET /myapp/index/common/section HTTP/1.1" 200 3368
"GET /myapp/index/common/section HTTP/1.1" 200 3368
"GET /myapp/index/home/section HTTP/1.1" 200 4169
"GET /myapp/index/home/section HTTP/1.1" 200 4169
"GET /myapp/index/common/section HTTP/1.1" 200 3368
"GET /myapp/index/common/section HTTP/1.1" 200 3368
"GET /myapp/index/home/section HTTP/1.1" 200 4169
"GET /myapp/index/common/section HTTP/1.1" 200 3368
"GET /myapp/index/home/section HTTP/1.1" 200 4169
"GET /myapp/index/common/section HTTP/1.1" 200 3368
"GET /myapp/index/home/section HTTP/1.1" 200 4169
"GET /myapp/index/common/section HTTP/1.1" 200 3368
"GET /myapp/index/home/section HTTP/1.1" 200 4169
"GET /myapp/index/common/section HTTP/1.1" 200 3368
"GET /myapp/index/home/section HTTP/1.1" 200 4169
"GET /myapp/index/home/section HTTP/1.1" 200 4169
"GET /myapp/index/common/section HTTP/1.1" 200 3368
"GET /myapp/index/download/section HTTP/1.1" 200 3422
"GET /myapp/index/news/section?page=1&pageSize=9 HTTP/1.1" 200 2218
"GET /myapp/index/news/section?page=1&pageSize=9 HTTP/1.1" 200 2218
"GET /myapp/index/about/section HTTP/1.1" 200 3528
"GET /myapp/index/contact/section HTTP/1.1" 200 1757
"GET /myapp/index/thing/section?page=1&pageSize=9 HTTP/1.1" 200 3276
"GET /myapp/index/thing/section?page=1&pageSize=12&categoryId=50&searchQuery= HTTP/1.1" 200 3446
Not Found: /myapp/index/thing/section
"GET /myapp/index/thing/section?page=2&pageSize=12&categoryId=50&searchQuery= HTTP/1.1" 404 28
"GET /myapp/index/thing/section?page=1&pageSize=9 HTTP/1.1" 200 3276
"GET /myapp/index/home/section HTTP/1.1" 200 4169
"GET /myapp/index/common/section HTTP/1.1" 200 3368
"GET /myapp/index/thing/section?page=1&pageSize=9 HTTP/1.1" 200 3276
"GET /myapp/index/thing/section?page=1&pageSize=12&searchQuery= HTTP/1.1" 200 3446
"GET /myapp/index/home/section HTTP/1.1" 200 4169
"GET /myapp/index/common/section HTTP/1.1" 200 3368
"GET /myapp/index/common/section HTTP/1.1" 200 3368
"GET /myapp/index/home/section HTTP/1.1" 200 4169
"GET /myapp/index/common/section HTTP/1.1" 200 3368
"GET /myapp/index/home/section HTTP/1.1" 200 4169
"GET /myapp/index/home/section HTTP/1.1" 200 4169
"GET /myapp/index/common/section HTTP/1.1" 200 3368
"GET /myapp/index/home/section HTTP/1.1" 200 4169
"GET /myapp/index/common/section HTTP/1.1" 200 3368
"GET /myapp/index/common/section HTTP/1.1" 200 3368
"GET /myapp/index/home/section HTTP/1.1" 200 4169
"GET /myapp/index/home/section HTTP/1.1" 200 4169
"GET /myapp/index/common/section HTTP/1.1" 200 3368
"GET /myapp/index/common/section HTTP/1.1" 200 3368
"GET /myapp/index/home/section HTTP/1.1" 200 4169
"GET /myapp/index/thing/section?page=1&pageSize=9 HTTP/1.1" 200 3276
"GET /myapp/index/thing/section?page=1&pageSize=12&categoryId=50&searchQuery= HTTP/1.1" 200 3446
"GET /myapp/index/about/section HTTP/1.1" 200 3528
"GET /myapp/index/home/section HTTP/1.1" 200 4169
"GET /myapp/index/common/section HTTP/1.1" 200 3368
"GET /myapp/index/home/section HTTP/1.1" 200 4169
"GET /myapp/index/common/section HTTP/1.1" 200 3368
"GET /myapp/index/home/section HTTP/1.1" 200 4169
"GET /myapp/index/common/section HTTP/1.1" 200 3368
"GET /myapp/index/home/section HTTP/1.1" 200 4169
"GET /myapp/index/common/section HTTP/1.1" 200 3368
"GET /myapp/index/home/section HTTP/1.1" 200 4169
"GET /myapp/index/common/section HTTP/1.1" 200 3368
"GET /myapp/index/common/section HTTP/1.1" 200 3368
"GET /myapp/index/home/section HTTP/1.1" 200 4169
"GET /myapp/index/common/section HTTP/1.1" 200 3368
"GET /myapp/index/home/section HTTP/1.1" 200 4169
"GET /myapp/index/common/section HTTP/1.1" 200 3368
"GET /myapp/index/home/section HTTP/1.1" 200 4169
"GET /myapp/index/news/section?page=1&pageSize=9 HTTP/1.1" 200 2218
"GET /myapp/index/news/section?page=1&pageSize=9 HTTP/1.1" 200 2218
"GET /myapp/index/download/section HTTP/1.1" 200 3422
"GET /myapp/index/news/section?page=1&pageSize=9 HTTP/1.1" 200 2218
"GET /myapp/index/news/section?page=1&pageSize=9 HTTP/1.1" 200 2218
"GET /myapp/index/home/section HTTP/1.1" 200 4169
"GET /myapp/index/common/section HTTP/1.1" 200 3368
"GET /myapp/index/common/section HTTP/1.1" 200 3368
"GET /myapp/index/home/section HTTP/1.1" 200 4169
"GET /myapp/index/about/section HTTP/1.1" 200 3528
"GET /myapp/index/download/section HTTP/1.1" 200 3422
"GET /myapp/index/common/section HTTP/1.1" 200 3368
"GET /myapp/index/home/section HTTP/1.1" 200 4169
"GET /myapp/index/home/section HTTP/1.1" 200 4169
"GET /myapp/index/common/section HTTP/1.1" 200 3368
"GET /myapp/index/home/section HTTP/1.1" 200 4169
"GET /myapp/index/common/section HTTP/1.1" 200 3368
"GET /myapp/index/common/section HTTP/1.1" 200 3368
"GET /myapp/index/home/section HTTP/1.1" 200 4169
"GET /myapp/index/common/section HTTP/1.1" 200 3368
"GET /myapp/index/home/section HTTP/1.1" 200 4169
"GET /myapp/index/home/section HTTP/1.1" 200 4169
"GET /myapp/index/common/section HTTP/1.1" 200 3368
"GET /myapp/index/common/section HTTP/1.1" 200 3368
"GET /myapp/index/home/section HTTP/1.1" 200 4169
"GET /myapp/index/home/section HTTP/1.1" 200 4169
"GET /myapp/index/common/section HTTP/1.1" 200 3368
"GET /myapp/index/thing/section?page=1&pageSize=9 HTTP/1.1" 200 3276
"GET /myapp/index/thing/section?page=1&pageSize=12&categoryId=50&searchQuery= HTTP/1.1" 200 3446
"GET /myapp/index/common/section HTTP/1.1" 200 3368
"GET /myapp/index/home/section HTTP/1.1" 200 4169
"GET /myapp/index/common/section HTTP/1.1" 200 3368
"GET /myapp/index/home/section HTTP/1.1" 200 4169
"GET /myapp/index/home/section HTTP/1.1" 200 4169
"GET /myapp/index/common/section HTTP/1.1" 200 3368
"GET /myapp/index/common/section HTTP/1.1" 200 3368
"GET /myapp/index/home/section HTTP/1.1" 200 4169
"GET /myapp/index/common/section HTTP/1.1" 200 3368
"GET /myapp/index/home/section HTTP/1.1" 200 4169
"GET /myapp/index/common/section HTTP/1.1" 200 3368
"GET /myapp/index/home/section HTTP/1.1" 200 4169
"GET /myapp/index/home/section HTTP/1.1" 200 4169
"GET /myapp/index/common/section HTTP/1.1" 200 3368
"GET /myapp/index/common/section HTTP/1.1" 200 3368
"GET /myapp/index/home/section HTTP/1.1" 200 4169
"GET /myapp/index/common/section HTTP/1.1" 200 3368
"GET /myapp/index/home/section HTTP/1.1" 200 4169
"GET /myapp/index/common/section HTTP/1.1" 200 3368
"GET /myapp/index/common/section HTTP/1.1" 200 3368
"GET /myapp/index/home/section HTTP/1.1" 200 4169
"GET /myapp/index/home/section HTTP/1.1" 200 4169
"GET /myapp/index/home/section HTTP/1.1" 200 4169
"GET /myapp/index/common/section HTTP/1.1" 200 3368
"GET /myapp/index/common/section HTTP/1.1" 200 3368
"GET /myapp/index/home/section HTTP/1.1" 200 4169
"GET /myapp/index/home/section HTTP/1.1" 200 4169
"GET /myapp/index/common/section HTTP/1.1" 200 3368
"GET /myapp/index/home/section HTTP/1.1" 200 4169
"GET /myapp/index/common/section HTTP/1.1" 200 3368
"GET /myapp/index/common/section HTTP/1.1" 200 3368
"GET /myapp/index/home/section HTTP/1.1" 200 4169
"GET /myapp/index/common/section HTTP/1.1" 200 3368
"GET /myapp/index/home/section HTTP/1.1" 200 4169
"GET /myapp/index/home/section HTTP/1.1" 200 4169
"GET /myapp/index/common/section HTTP/1.1" 200 3368
"GET /myapp/index/common/section HTTP/1.1" 200 3368
"GET /myapp/index/home/section HTTP/1.1" 200 4169
"GET /myapp/index/common/section HTTP/1.1" 200 3368
"GET /myapp/index/home/section HTTP/1.1" 200 4169
"GET /myapp/index/home/section HTTP/1.1" 200 4169
"GET /myapp/index/common/section HTTP/1.1" 200 3368
"GET /myapp/index/common/section HTTP/1.1" 200 3368
"GET /myapp/index/about/section HTTP/1.1" 200 3528
"GET /myapp/index/common/section HTTP/1.1" 200 3368
"GET /myapp/index/home/section HTTP/1.1" 200 4169
"GET /myapp/index/common/section HTTP/1.1" 200 3368
"GET /myapp/index/home/section HTTP/1.1" 200 4169
"GET /myapp/index/common/section HTTP/1.1" 200 3368
"GET /myapp/index/home/section HTTP/1.1" 200 4169
"GET /myapp/index/common/section HTTP/1.1" 200 3368
"GET /myapp/index/home/section HTTP/1.1" 200 4169
"GET /myapp/index/common/section HTTP/1.1" 200 3368
"GET /myapp/index/home/section HTTP/1.1" 200 4169
"GET /myapp/index/common/section HTTP/1.1" 200 3368
"GET /myapp/index/home/section HTTP/1.1" 200 4169
"GET /myapp/index/home/section HTTP/1.1" 200 4169
"GET /myapp/index/common/section HTTP/1.1" 200 3368
"GET /myapp/index/home/section HTTP/1.1" 200 4169
"GET /myapp/index/common/section HTTP/1.1" 200 3368
"GET /myapp/index/common/section HTTP/1.1" 200 3368
"GET /myapp/index/home/section HTTP/1.1" 200 4169
"GET /myapp/index/home/section HTTP/1.1" 200 4169
"GET /myapp/index/common/section HTTP/1.1" 200 3368
"GET /myapp/index/common/section HTTP/1.1" 200 3368
"GET /myapp/index/home/section HTTP/1.1" 200 4169
"GET /myapp/index/common/section HTTP/1.1" 200 3368
"GET /myapp/index/thing/section?page=1&pageSize=12&searchQuery= HTTP/1.1" 200 3446
"GET /myapp/index/thing/section?page=1&pageSize=9 HTTP/1.1" 200 3276
"GET /myapp/index/home/section HTTP/1.1" 200 4169
"GET /myapp/index/common/section HTTP/1.1" 200 3368
"GET /myapp/index/common/section HTTP/1.1" 200 3368
"GET /myapp/index/home/section HTTP/1.1" 200 4169
"GET /myapp/index/home/section HTTP/1.1" 200 4169
"GET /myapp/index/common/section HTTP/1.1" 200 3368
"GET /myapp/index/common/section HTTP/1.1" 200 3368
"GET /myapp/index/home/section HTTP/1.1" 200 4169
"GET /myapp/index/thing/section?page=1&pageSize=9 HTTP/1.1" 200 3276
"GET /myapp/index/thing/section?page=1&pageSize=12&searchQuery= HTTP/1.1" 200 3446
"GET /myapp/index/home/section HTTP/1.1" 200 4169
"GET /myapp/index/common/section HTTP/1.1" 200 3368
"GET /myapp/index/thing/section?page=1&pageSize=9 HTTP/1.1" 200 3276
"GET /myapp/index/thing/section?page=1&pageSize=12&categoryId=50&searchQuery= HTTP/1.1" 200 3446
"GET /myapp/index/about/section HTTP/1.1" 200 3528
"GET /myapp/index/contact/section HTTP/1.1" 200 1757
"GET /myapp/index/home/section HTTP/1.1" 200 4169
"GET /myapp/index/common/section HTTP/1.1" 200 3368
"GET /myapp/index/common/section HTTP/1.1" 200 3368
"GET /myapp/index/home/section HTTP/1.1" 200 4169
"GET /myapp/index/home/section HTTP/1.1" 200 4169
"GET /myapp/index/common/section HTTP/1.1" 200 3368
"GET /myapp/index/common/section HTTP/1.1" 200 3368
"GET /myapp/index/home/section HTTP/1.1" 200 4169
"GET /myapp/index/common/section HTTP/1.1" 200 3368
"GET /myapp/index/home/section HTTP/1.1" 200 4169
"GET /myapp/index/common/section HTTP/1.1" 200 3368
"GET /myapp/index/about/section HTTP/1.1" 200 3528
"GET /myapp/index/common/section HTTP/1.1" 200 3368
"GET /myapp/index/thing/detail?id=43 HTTP/1.1" 200 6763
"GET /myapp/index/common/section HTTP/1.1" 200 3368
"GET /myapp/index/thing/detail?id=44 HTTP/1.1" 200 6243
"GET /myapp/index/common/section HTTP/1.1" 200 3368
"GET /myapp/index/news/detail?id=6 HTTP/1.1" 200 29437
"GET /myapp/index/home/section HTTP/1.1" 200 4169
"GET /myapp/index/common/section HTTP/1.1" 200 3368
"GET /myapp/index/common/section HTTP/1.1" 200 3368
"GET /myapp/index/news/detail?id=7 HTTP/1.1" 200 29415
"GET /myapp/index/common/section HTTP/1.1" 200 3368
"GET /myapp/index/home/section HTTP/1.1" 200 4169
"GET /myapp/index/common/section HTTP/1.1" 200 3368
"GET /myapp/index/thing/detail?id=47 HTTP/1.1" 200 6351
"GET /myapp/index/common/section HTTP/1.1" 200 3368
"GET /myapp/index/thing/detail?id=48 HTTP/1.1" 200 6299
"GET /myapp/index/common/section HTTP/1.1" 200 3368
"GET /myapp/index/home/section HTTP/1.1" 200 4169
"GET /myapp/index/home/section HTTP/1.1" 200 4169
"GET /myapp/index/common/section HTTP/1.1" 200 3368
"GET /myapp/index/common/section HTTP/1.1" 200 3368
"GET /myapp/index/home/section HTTP/1.1" 200 4169
"GET /myapp/index/home/section HTTP/1.1" 200 4169
"GET /myapp/index/common/section HTTP/1.1" 200 3368
"GET /myapp/index/home/section HTTP/1.1" 200 4169
"GET /myapp/index/common/section HTTP/1.1" 200 3368
"GET /myapp/index/common/section HTTP/1.1" 200 3368
"GET /myapp/index/home/section HTTP/1.1" 200 4169
"GET /myapp/index/home/section HTTP/1.1" 200 4169
"GET /myapp/index/common/section HTTP/1.1" 200 3368
Watching for file changes with StatReloader
"GET /myapp/index/common/section HTTP/1.1" 200 3368
"GET /myapp/index/home/section HTTP/1.1" 200 4169
"GET /myapp/index/home/section HTTP/1.1" 200 4169
"GET /myapp/index/common/section HTTP/1.1" 200 3368
"GET /myapp/index/home/section HTTP/1.1" 200 4169
"GET /myapp/index/common/section HTTP/1.1" 200 3368
"GET /myapp/index/common/section HTTP/1.1" 200 3368
"GET /myapp/index/contact/section HTTP/1.1" 200 1757
"GET /myapp/index/home/section HTTP/1.1" 200 4169
"GET /myapp/index/common/section HTTP/1.1" 200 3368
"GET /myapp/index/home/section HTTP/1.1" 200 4169
"GET /myapp/index/common/section HTTP/1.1" 200 3368
"GET /myapp/index/common/section HTTP/1.1" 200 3368
"GET /myapp/index/home/section HTTP/1.1" 200 4169
"GET /myapp/index/home/section HTTP/1.1" 200 4169
"GET /myapp/index/common/section HTTP/1.1" 200 3368
"GET /myapp/index/home/section HTTP/1.1" 200 4169
"GET /myapp/index/common/section HTTP/1.1" 200 3368
"GET /myapp/index/home/section HTTP/1.1" 200 4169
"GET /myapp/index/common/section HTTP/1.1" 200 3368
"GET /myapp/index/common/section HTTP/1.1" 200 3368
"GET /myapp/index/home/section HTTP/1.1" 200 4169
"GET /myapp/index/home/section HTTP/1.1" 200 4169
"GET /myapp/index/common/section HTTP/1.1" 200 3368
"GET /myapp/index/common/section HTTP/1.1" 200 3368
"GET /myapp/index/home/section HTTP/1.1" 200 4169
"GET /myapp/index/common/section HTTP/1.1" 200 3368
"GET /myapp/index/home/section HTTP/1.1" 200 4169
"GET /myapp/index/home/section HTTP/1.1" 200 4169
"GET /myapp/index/common/section HTTP/1.1" 200 3368
"GET /myapp/index/home/section HTTP/1.1" 200 4169
"GET /myapp/index/common/section HTTP/1.1" 200 3368
"GET /myapp/index/home/section HTTP/1.1" 200 4169
"GET /myapp/index/common/section HTTP/1.1" 200 3368
"GET /myapp/index/common/section HTTP/1.1" 200 3368
"GET /myapp/index/thing/section?page=1&pageSize=12&categoryId=51&searchQuery= HTTP/1.1" 200 1602
"GET /myapp/index/thing/section?page=1&pageSize=9 HTTP/1.1" 200 3276
"GET /myapp/index/common/section HTTP/1.1" 200 3368
"GET /myapp/index/home/section HTTP/1.1" 200 4169
"GET /myapp/index/home/section HTTP/1.1" 200 4169
"GET /myapp/index/common/section HTTP/1.1" 200 3368
"GET /myapp/index/home/section HTTP/1.1" 200 4169
"GET /myapp/index/common/section HTTP/1.1" 200 3368
"GET /myapp/index/common/section HTTP/1.1" 200 3368
"GET /myapp/index/home/section HTTP/1.1" 200 4169
"GET /myapp/index/common/section HTTP/1.1" 200 3368
"GET /myapp/index/home/section HTTP/1.1" 200 4169
"GET /myapp/index/home/section HTTP/1.1" 200 4169
"GET /myapp/index/common/section HTTP/1.1" 200 3368
"GET /myapp/index/home/section HTTP/1.1" 200 4169
"GET /myapp/index/common/section HTTP/1.1" 200 3368
"GET /myapp/index/common/section HTTP/1.1" 200 3368
"GET /myapp/index/home/section HTTP/1.1" 200 4169
"GET /myapp/index/home/section HTTP/1.1" 200 4169
"GET /myapp/index/common/section HTTP/1.1" 200 3368
"GET /myapp/index/common/section HTTP/1.1" 200 3368
"GET /myapp/index/home/section HTTP/1.1" 200 4169
"GET /myapp/index/common/section HTTP/1.1" 200 3368
"GET /myapp/index/home/section HTTP/1.1" 200 4169
"GET /myapp/index/home/section HTTP/1.1" 200 4169
"GET /myapp/index/common/section HTTP/1.1" 200 3368
"GET /myapp/index/common/section HTTP/1.1" 200 3368
"GET /myapp/index/home/section HTTP/1.1" 200 4169
"GET /myapp/index/common/section HTTP/1.1" 200 3368
"GET /myapp/index/home/section HTTP/1.1" 200 4169
"GET /myapp/index/home/section HTTP/1.1" 200 4169
"GET /myapp/index/common/section HTTP/1.1" 200 3368
"GET /myapp/index/common/section HTTP/1.1" 200 3368
"GET /myapp/index/home/section HTTP/1.1" 200 4169
"GET /myapp/index/thing/section?page=1&pageSize=9 HTTP/1.1" 200 3276
"GET /myapp/index/thing/section?page=1&pageSize=12&searchQuery= HTTP/1.1" 200 3446
"GET /myapp/index/thing/section?page=1&pageSize=9 HTTP/1.1" 200 3276
"GET /myapp/index/thing/section?page=1&pageSize=12&categoryId=50&searchQuery= HTTP/1.1" 200 3446
"GET /myapp/index/thing/section?page=1&pageSize=12&categoryId=51&searchQuery= HTTP/1.1" 200 1602
"GET /myapp/index/thing/section?page=1&pageSize=9 HTTP/1.1" 200 3276
"GET /myapp/index/thing/section?page=1&pageSize=12&categoryId=52&searchQuery= HTTP/1.1" 200 1602
"GET /myapp/index/thing/section?page=1&pageSize=9 HTTP/1.1" 200 3276
"GET /myapp/index/thing/section?page=1&pageSize=12&categoryId=53&searchQuery= HTTP/1.1" 200 1602
"GET /myapp/index/thing/section?page=1&pageSize=9 HTTP/1.1" 200 3276
"GET /myapp/index/thing/section?page=1&pageSize=9 HTTP/1.1" 200 3276
"GET /myapp/index/thing/section?page=1&pageSize=12&categoryId=50&searchQuery= HTTP/1.1" 200 3446
"GET /myapp/index/common/section HTTP/1.1" 200 3368
"GET /myapp/index/home/section HTTP/1.1" 200 4169
"GET /myapp/index/common/section HTTP/1.1" 200 3368
"GET /myapp/index/home/section HTTP/1.1" 200 4169
"GET /myapp/index/home/section HTTP/1.1" 200 4169
"GET /myapp/index/common/section HTTP/1.1" 200 3368
"GET /myapp/index/home/section HTTP/1.1" 200 4169
"GET /myapp/index/common/section HTTP/1.1" 200 3368
"GET /myapp/index/common/section HTTP/1.1" 200 3368
"GET /myapp/index/home/section HTTP/1.1" 200 4169
"GET /myapp/index/common/section HTTP/1.1" 200 3368
"GET /myapp/index/home/section HTTP/1.1" 200 4169
"GET /myapp/index/common/section HTTP/1.1" 200 3368
"GET /myapp/index/home/section HTTP/1.1" 200 4169
"GET /myapp/index/home/section HTTP/1.1" 200 4169
"GET /myapp/index/common/section HTTP/1.1" 200 3368
"GET /myapp/index/common/section HTTP/1.1" 200 3368
"GET /myapp/index/home/section HTTP/1.1" 200 4169
"GET /myapp/index/common/section HTTP/1.1" 200 3368
"GET /myapp/index/home/section HTTP/1.1" 200 4169
"GET /myapp/index/home/section HTTP/1.1" 200 4169
"GET /myapp/index/common/section HTTP/1.1" 200 3368
"GET /myapp/index/common/section HTTP/1.1" 200 3368
"GET /myapp/index/home/section HTTP/1.1" 200 4169
"GET /myapp/index/common/section HTTP/1.1" 200 3368
"GET /myapp/index/home/section HTTP/1.1" 200 4169
"GET /myapp/index/common/section HTTP/1.1" 200 3368
"GET /myapp/index/home/section HTTP/1.1" 200 4169
"GET /myapp/index/common/section HTTP/1.1" 200 3368
"GET /myapp/index/home/section HTTP/1.1" 200 4169
"GET /myapp/index/home/section HTTP/1.1" 200 4169
"GET /myapp/index/common/section HTTP/1.1" 200 3368
"GET /myapp/index/home/section HTTP/1.1" 200 4169
"GET /myapp/index/common/section HTTP/1.1" 200 3368
"GET /myapp/index/home/section HTTP/1.1" 200 4169
"GET /myapp/index/common/section HTTP/1.1" 200 3368
"GET /myapp/index/common/section HTTP/1.1" 200 3368
"GET /myapp/index/home/section HTTP/1.1" 200 4169
"GET /myapp/index/home/section HTTP/1.1" 200 4169
"GET /myapp/index/common/section HTTP/1.1" 200 3368
"GET /myapp/index/home/section HTTP/1.1" 200 4169
"GET /myapp/index/common/section HTTP/1.1" 200 3368
"GET /myapp/index/common/section HTTP/1.1" 200 3368
"GET /myapp/index/home/section HTTP/1.1" 200 4169
"GET /myapp/index/common/section HTTP/1.1" 200 3368
"GET /myapp/index/home/section HTTP/1.1" 200 4169
"GET /myapp/index/common/section HTTP/1.1" 200 3368
"GET /myapp/index/home/section HTTP/1.1" 200 4169
"GET /myapp/index/home/section HTTP/1.1" 200 4169
"GET /myapp/index/common/section HTTP/1.1" 200 3368
"GET /myapp/index/common/section HTTP/1.1" 200 3368
"GET /myapp/index/thing/detail?id=46 HTTP/1.1" 200 6249
"GET /myapp/index/common/section HTTP/1.1" 200 3368
"GET /myapp/index/thing/detail?id=45 HTTP/1.1" 200 6279
"GET /myapp/index/common/section HTTP/1.1" 200 3368
"GET /myapp/index/home/section HTTP/1.1" 200 4169
"GET /myapp/index/common/section HTTP/1.1" 200 3368
"GET /myapp/index/home/section HTTP/1.1" 200 4169
"GET /myapp/index/home/section HTTP/1.1" 200 4169
"GET /myapp/index/common/section HTTP/1.1" 200 3368
"GET /myapp/index/home/section HTTP/1.1" 200 4169
"GET /myapp/index/common/section HTTP/1.1" 200 3368
"GET /myapp/index/common/section HTTP/1.1" 200 3368
"GET /myapp/index/home/section HTTP/1.1" 200 4169
"GET /myapp/index/common/section HTTP/1.1" 200 3368
"GET /myapp/index/home/section HTTP/1.1" 200 4169
"GET /myapp/index/home/section HTTP/1.1" 200 4169
"GET /myapp/index/common/section HTTP/1.1" 200 3368
"GET /myapp/index/common/section HTTP/1.1" 200 3368
"GET /myapp/index/home/section HTTP/1.1" 200 4169
"GET /myapp/index/common/section HTTP/1.1" 200 3368
"GET /myapp/index/home/section HTTP/1.1" 200 4169
"GET /myapp/index/home/section HTTP/1.1" 200 4169
"GET /myapp/index/common/section HTTP/1.1" 200 3368
"GET /myapp/index/home/section HTTP/1.1" 200 4169
"GET /myapp/index/common/section HTTP/1.1" 200 3368
"GET /myapp/index/home/section HTTP/1.1" 200 4169
"GET /myapp/index/common/section HTTP/1.1" 200 3368
"GET /myapp/index/common/section HTTP/1.1" 200 3368
"GET /myapp/index/home/section HTTP/1.1" 200 4169
"GET /myapp/index/home/section HTTP/1.1" 200 4169
"GET /myapp/index/common/section HTTP/1.1" 200 3368
"GET /myapp/index/common/section HTTP/1.1" 200 3368
"GET /myapp/index/home/section HTTP/1.1" 200 4169
"GET /myapp/index/common/section HTTP/1.1" 200 3368
"GET /myapp/index/home/section HTTP/1.1" 200 4169
"GET /myapp/index/common/section HTTP/1.1" 200 3368
"GET /myapp/index/home/section HTTP/1.1" 200 4169
"GET /myapp/index/common/section HTTP/1.1" 200 3368
"GET /myapp/index/home/section HTTP/1.1" 200 4169
"GET /myapp/index/home/section HTTP/1.1" 200 4169
"GET /myapp/index/common/section HTTP/1.1" 200 3368
"GET /myapp/index/home/section HTTP/1.1" 200 4169
"GET /myapp/index/common/section HTTP/1.1" 200 3368
"GET /myapp/index/home/section HTTP/1.1" 200 4169
"GET /myapp/index/common/section HTTP/1.1" 200 3368
"GET /myapp/index/home/section HTTP/1.1" 200 4169
"GET /myapp/index/common/section HTTP/1.1" 200 3368
"GET /myapp/index/common/section HTTP/1.1" 200 3368
"GET /myapp/index/home/section HTTP/1.1" 200 4169
"GET /myapp/index/home/section HTTP/1.1" 200 4169
"GET /myapp/index/common/section HTTP/1.1" 200 3368
"GET /myapp/index/common/section HTTP/1.1" 200 3368
"GET /myapp/index/home/section HTTP/1.1" 200 4169
"GET /myapp/index/common/section HTTP/1.1" 200 3368
"GET /myapp/index/home/section HTTP/1.1" 200 4169
"GET /myapp/index/common/section HTTP/1.1" 200 3368
"GET /myapp/index/about/section HTTP/1.1" 200 3528
"GET /myapp/index/home/section HTTP/1.1" 200 4169
"GET /myapp/index/common/section HTTP/1.1" 200 3368
"GET /myapp/index/common/section HTTP/1.1" 200 3368
"GET /myapp/index/home/section HTTP/1.1" 200 4169
"GET /myapp/index/common/section HTTP/1.1" 200 3368
"GET /myapp/index/home/section HTTP/1.1" 200 4169
"GET /myapp/index/home/section HTTP/1.1" 200 4169
"GET /myapp/index/common/section HTTP/1.1" 200 3368
"GET /myapp/index/common/section HTTP/1.1" 200 3368
"GET /myapp/index/thing/section?page=1&pageSize=12&categoryId=51&searchQuery= HTTP/1.1" 200 1602
"GET /myapp/index/thing/section?page=1&pageSize=9 HTTP/1.1" 200 3276
"GET /myapp/index/home/section HTTP/1.1" 200 4169
"GET /myapp/index/common/section HTTP/1.1" 200 3368
"GET /myapp/index/home/section HTTP/1.1" 200 4169
"GET /myapp/index/common/section HTTP/1.1" 200 3368
"GET /myapp/index/common/section HTTP/1.1" 200 3368
"GET /myapp/index/home/section HTTP/1.1" 200 4169
"GET /myapp/index/common/section HTTP/1.1" 200 3368
"GET /myapp/index/home/section HTTP/1.1" 200 4169
"GET /myapp/index/common/section HTTP/1.1" 200 3368
"GET /myapp/index/home/section HTTP/1.1" 200 4169
"GET /myapp/index/common/section HTTP/1.1" 200 3368
"GET /myapp/index/home/section HTTP/1.1" 200 4169
"GET /myapp/index/common/section HTTP/1.1" 200 3368
"GET /myapp/index/home/section HTTP/1.1" 200 4169
"GET /myapp/index/home/section HTTP/1.1" 200 4169
"GET /myapp/index/common/section HTTP/1.1" 200 3368
"GET /myapp/index/common/section HTTP/1.1" 200 3368
"GET /myapp/index/home/section HTTP/1.1" 200 4169
"GET /myapp/index/home/section HTTP/1.1" 200 4169
"GET /myapp/index/common/section HTTP/1.1" 200 3368
"GET /myapp/index/home/section HTTP/1.1" 200 4169
"GET /myapp/index/common/section HTTP/1.1" 200 3368
"GET /myapp/index/common/section HTTP/1.1" 200 3368
"GET /myapp/index/home/section HTTP/1.1" 200 4169
"GET /myapp/index/common/section HTTP/1.1" 200 3368
"GET /myapp/index/home/section HTTP/1.1" 200 4169
"GET /myapp/index/common/section HTTP/1.1" 200 3368
"GET /myapp/index/home/section HTTP/1.1" 200 4169
"GET /myapp/index/home/section HTTP/1.1" 200 4169
"GET /myapp/index/common/section HTTP/1.1" 200 3368
"GET /myapp/index/home/section HTTP/1.1" 200 4169
"GET /myapp/index/common/section HTTP/1.1" 200 3368
"GET /myapp/index/home/section HTTP/1.1" 200 4169
"GET /myapp/index/common/section HTTP/1.1" 200 3368
"GET /myapp/index/common/section HTTP/1.1" 200 3368
"GET /myapp/index/home/section HTTP/1.1" 200 4169
"GET /myapp/index/home/section HTTP/1.1" 200 4169
"GET /myapp/index/common/section HTTP/1.1" 200 3368
"GET /myapp/index/common/section HTTP/1.1" 200 3368
"GET /myapp/index/home/section HTTP/1.1" 200 4169
"GET /myapp/index/common/section HTTP/1.1" 200 3368
"GET /myapp/index/home/section HTTP/1.1" 200 4169
"GET /myapp/index/home/section HTTP/1.1" 200 4169
"GET /myapp/index/common/section HTTP/1.1" 200 3368
"GET /myapp/index/common/section HTTP/1.1" 200 3368
"GET /myapp/index/home/section HTTP/1.1" 200 4169
"GET /myapp/index/common/section HTTP/1.1" 200 3368
"GET /myapp/index/home/section HTTP/1.1" 200 4169
"GET /myapp/index/home/section HTTP/1.1" 200 4169
"GET /myapp/index/common/section HTTP/1.1" 200 3368
"GET /myapp/index/common/section HTTP/1.1" 200 3368
"GET /myapp/index/home/section HTTP/1.1" 200 4169
"GET /myapp/index/common/section HTTP/1.1" 200 3368
"GET /myapp/index/home/section HTTP/1.1" 200 4169
"GET /myapp/index/common/section HTTP/1.1" 200 3368
"GET /myapp/index/home/section HTTP/1.1" 200 4169
"GET /myapp/index/home/section HTTP/1.1" 200 4169
"GET /myapp/index/common/section HTTP/1.1" 200 3368
"GET /myapp/index/home/section HTTP/1.1" 200 4169
"GET /myapp/index/common/section HTTP/1.1" 200 3368
"GET /myapp/index/common/section HTTP/1.1" 200 3368
"GET /myapp/index/home/section HTTP/1.1" 200 4169
"GET /myapp/index/common/section HTTP/1.1" 200 3368
"GET /myapp/index/home/section HTTP/1.1" 200 4169
"GET /myapp/index/home/section HTTP/1.1" 200 4169
"GET /myapp/index/common/section HTTP/1.1" 200 3368
"GET /myapp/index/home/section HTTP/1.1" 200 4169
"GET /myapp/index/common/section HTTP/1.1" 200 3368
"GET /myapp/index/common/section HTTP/1.1" 200 3368
"GET /myapp/index/home/section HTTP/1.1" 200 4169
"GET /myapp/index/common/section HTTP/1.1" 200 3368
"GET /myapp/index/home/section HTTP/1.1" 200 4169
"GET /myapp/index/common/section HTTP/1.1" 200 3368
"GET /myapp/index/home/section HTTP/1.1" 200 4169
"GET /myapp/index/home/section HTTP/1.1" 200 4169
"GET /myapp/index/common/section HTTP/1.1" 200 3368
"GET /myapp/index/common/section HTTP/1.1" 200 3368
"GET /myapp/index/home/section HTTP/1.1" 200 4169
"GET /myapp/index/common/section HTTP/1.1" 200 3368
"GET /myapp/index/home/section HTTP/1.1" 200 4169
"GET /myapp/index/home/section HTTP/1.1" 200 4169
"GET /myapp/index/common/section HTTP/1.1" 200 3368
"GET /myapp/index/home/section HTTP/1.1" 200 4169
"GET /myapp/index/common/section HTTP/1.1" 200 3368
"GET /myapp/index/common/section HTTP/1.1" 200 3368
"GET /myapp/index/home/section HTTP/1.1" 200 4169
"GET /myapp/index/common/section HTTP/1.1" 200 3368
"GET /myapp/index/home/section HTTP/1.1" 200 4169
"GET /myapp/index/common/section HTTP/1.1" 200 3368
"GET /myapp/index/thing/section?page=1&pageSize=9 HTTP/1.1" 200 3276
"GET /myapp/index/thing/section?page=1&pageSize=12&searchQuery= HTTP/1.1" 200 3446
"GET /myapp/index/common/section HTTP/1.1" 200 3368
"GET /myapp/index/home/section HTTP/1.1" 200 4169
"GET /myapp/index/common/section HTTP/1.1" 200 3368
"GET /myapp/index/home/section HTTP/1.1" 200 4169
"GET /myapp/index/home/section HTTP/1.1" 200 4169
"GET /myapp/index/common/section HTTP/1.1" 200 3368
"GET /myapp/index/home/section HTTP/1.1" 200 4169
"GET /myapp/index/common/section HTTP/1.1" 200 3368
"GET /myapp/index/home/section HTTP/1.1" 200 4169
"GET /myapp/index/common/section HTTP/1.1" 200 3368
"GET /myapp/index/common/section HTTP/1.1" 200 3368
"GET /myapp/index/home/section HTTP/1.1" 200 4169
"GET /myapp/index/home/section HTTP/1.1" 200 4169
"GET /myapp/index/common/section HTTP/1.1" 200 3368
"GET /myapp/index/common/section HTTP/1.1" 200 3368
"GET /myapp/index/home/section HTTP/1.1" 200 4169
"GET /myapp/index/common/section HTTP/1.1" 200 3368
"GET /myapp/index/home/section HTTP/1.1" 200 4169
"GET /myapp/index/common/section HTTP/1.1" 200 3368
"GET /myapp/index/home/section HTTP/1.1" 200 4169
"GET /myapp/index/common/section HTTP/1.1" 200 3368
"GET /myapp/index/home/section HTTP/1.1" 200 4169
"GET /myapp/index/common/section HTTP/1.1" 200 3368
"GET /myapp/index/home/section HTTP/1.1" 200 4169
"GET /myapp/index/common/section HTTP/1.1" 200 3368
"GET /myapp/index/home/section HTTP/1.1" 200 4169
"GET /myapp/index/common/section HTTP/1.1" 200 3368
"GET /myapp/index/about/section HTTP/1.1" 200 3528
"GET /myapp/index/common/section HTTP/1.1" 200 3368
"GET /myapp/index/home/section HTTP/1.1" 200 4169
"GET /myapp/index/common/section HTTP/1.1" 200 3368
"GET /myapp/index/home/section HTTP/1.1" 200 4169
"GET /myapp/index/common/section HTTP/1.1" 200 3368
"GET /myapp/index/home/section HTTP/1.1" 200 4169
"GET /myapp/index/common/section HTTP/1.1" 200 3368
"GET /myapp/index/home/section HTTP/1.1" 200 4169
"GET /myapp/index/common/section HTTP/1.1" 200 3368
"GET /myapp/index/home/section HTTP/1.1" 200 4169
"GET /myapp/index/home/section HTTP/1.1" 200 4169
"GET /myapp/index/common/section HTTP/1.1" 200 3368
"GET /myapp/index/home/section HTTP/1.1" 200 4169
"GET /myapp/index/common/section HTTP/1.1" 200 3368
"GET /myapp/index/home/section HTTP/1.1" 200 4169
"GET /myapp/index/common/section HTTP/1.1" 200 3368
"GET /myapp/index/home/section HTTP/1.1" 200 4169
"GET /myapp/index/common/section HTTP/1.1" 200 3368
"GET /myapp/index/common/section HTTP/1.1" 200 3368
"GET /myapp/index/thing/section?page=1&pageSize=12&categoryId=51&searchQuery= HTTP/1.1" 200 1602
"GET /myapp/index/thing/section?page=1&pageSize=9 HTTP/1.1" 200 3276
"GET /myapp/index/common/section HTTP/1.1" 200 3368
"GET /myapp/index/home/section HTTP/1.1" 200 4169
"GET /myapp/index/common/section HTTP/1.1" 200 3368
"GET /myapp/index/home/section HTTP/1.1" 200 4169
"GET /myapp/index/common/section HTTP/1.1" 200 3368
"GET /myapp/index/home/section HTTP/1.1" 200 4169
"GET /myapp/index/home/section HTTP/1.1" 200 4169
"GET /myapp/index/common/section HTTP/1.1" 200 3368
"GET /myapp/index/home/section HTTP/1.1" 200 4169
"GET /myapp/index/common/section HTTP/1.1" 200 3368
"GET /myapp/index/home/section HTTP/1.1" 200 4169
"GET /myapp/index/common/section HTTP/1.1" 200 3368
"GET /myapp/index/home/section HTTP/1.1" 200 4169
"GET /myapp/index/common/section HTTP/1.1" 200 3368
"GET /myapp/index/common/section HTTP/1.1" 200 3368
"GET /myapp/index/home/section HTTP/1.1" 200 4169
"GET /myapp/index/home/section HTTP/1.1" 200 4169
"GET /myapp/index/common/section HTTP/1.1" 200 3368
"GET /myapp/index/common/section HTTP/1.1" 200 3368
"GET /myapp/index/home/section HTTP/1.1" 200 4169
"GET /myapp/index/home/section HTTP/1.1" 200 4169
"GET /myapp/index/common/section HTTP/1.1" 200 3368
"GET /myapp/index/common/section HTTP/1.1" 200 3368
"GET /myapp/index/home/section HTTP/1.1" 200 4169
"GET /myapp/index/common/section HTTP/1.1" 200 3368
"GET /myapp/index/home/section HTTP/1.1" 200 4169
"GET /myapp/index/home/section HTTP/1.1" 200 4169
"GET /myapp/index/common/section HTTP/1.1" 200 3368
"GET /myapp/index/thing/section?page=1&pageSize=9 HTTP/1.1" 200 3276
"GET /myapp/index/thing/section?page=1&pageSize=12&categoryId=50&searchQuery= HTTP/1.1" 200 3446
"GET /myapp/index/thing/section?page=1&pageSize=9 HTTP/1.1" 200 3276
"GET /myapp/index/thing/section?page=1&pageSize=12&categoryId=-1&searchQuery= HTTP/1.1" 200 3446
"GET /myapp/index/about/section HTTP/1.1" 200 3528
"GET /myapp/index/thing/section?page=1&pageSize=12&categoryId=51&searchQuery= HTTP/1.1" 200 1602
"GET /myapp/index/thing/section?page=1&pageSize=9 HTTP/1.1" 200 3276
"GET /myapp/index/common/section HTTP/1.1" 200 3368
"GET /myapp/index/home/section HTTP/1.1" 200 4169
"GET /myapp/index/home/section HTTP/1.1" 200 4169
"GET /myapp/index/common/section HTTP/1.1" 200 3368
"GET /myapp/index/home/section HTTP/1.1" 200 4169
"GET /myapp/index/common/section HTTP/1.1" 200 3368
"GET /myapp/index/common/section HTTP/1.1" 200 3368
"GET /myapp/index/home/section HTTP/1.1" 200 4169
"GET /myapp/index/home/section HTTP/1.1" 200 4169
"GET /myapp/index/common/section HTTP/1.1" 200 3368
"GET /myapp/index/common/section HTTP/1.1" 200 3368
"GET /myapp/index/home/section HTTP/1.1" 200 4169
"GET /myapp/index/common/section HTTP/1.1" 200 3368
"GET /myapp/index/thing/section?page=1&pageSize=12&categoryId=51&searchQuery= HTTP/1.1" 200 1602
"GET /myapp/index/thing/section?page=1&pageSize=9 HTTP/1.1" 200 3276
"GET /myapp/index/common/section HTTP/1.1" 200 3368
"GET /myapp/index/home/section HTTP/1.1" 200 4169
"GET /myapp/index/home/section HTTP/1.1" 200 4169
"GET /myapp/index/common/section HTTP/1.1" 200 3368
"GET /myapp/index/common/section HTTP/1.1" 200 3368
"GET /myapp/index/home/section HTTP/1.1" 200 4169
"GET /myapp/index/common/section HTTP/1.1" 200 3368
"GET /myapp/index/home/section HTTP/1.1" 200 4169
"GET /myapp/index/common/section HTTP/1.1" 200 3368
"GET /myapp/index/home/section HTTP/1.1" 200 4169
"GET /myapp/index/common/section HTTP/1.1" 200 3368
"GET /myapp/index/home/section HTTP/1.1" 200 4169
"GET /myapp/index/common/section HTTP/1.1" 200 3368
"GET /myapp/index/home/section HTTP/1.1" 200 4169
"GET /myapp/index/home/section HTTP/1.1" 200 4169
"GET /myapp/index/common/section HTTP/1.1" 200 3368
"GET /myapp/index/home/section HTTP/1.1" 200 4169
"GET /myapp/index/common/section HTTP/1.1" 200 3368
"GET /myapp/index/common/section HTTP/1.1" 200 3368
"GET /myapp/index/home/section HTTP/1.1" 200 4169
"GET /myapp/index/common/section HTTP/1.1" 200 3368
"GET /myapp/index/home/section HTTP/1.1" 200 4169
"GET /myapp/index/common/section HTTP/1.1" 200 3368
"GET /myapp/index/home/section HTTP/1.1" 200 4169
"GET /myapp/index/home/section HTTP/1.1" 200 4169
"GET /myapp/index/common/section HTTP/1.1" 200 3368
"GET /myapp/index/home/section HTTP/1.1" 200 4169
"GET /myapp/index/common/section HTTP/1.1" 200 3368
"GET /myapp/index/home/section HTTP/1.1" 200 4169
"GET /myapp/index/common/section HTTP/1.1" 200 3368
"GET /myapp/index/home/section HTTP/1.1" 200 4169
"GET /myapp/index/common/section HTTP/1.1" 200 3368
"GET /myapp/index/home/section HTTP/1.1" 200 4169
"GET /myapp/index/common/section HTTP/1.1" 200 3368
"GET /myapp/index/common/section HTTP/1.1" 200 3368
"GET /myapp/index/home/section HTTP/1.1" 200 4169
"GET /myapp/index/home/section HTTP/1.1" 200 4169
"GET /myapp/index/common/section HTTP/1.1" 200 3368
"GET /myapp/index/common/section HTTP/1.1" 200 3368
"GET /myapp/index/home/section HTTP/1.1" 200 4169
"GET /myapp/index/common/section HTTP/1.1" 200 3368
"GET /myapp/index/home/section HTTP/1.1" 200 4169
"GET /myapp/index/common/section HTTP/1.1" 200 3368
"GET /myapp/index/home/section HTTP/1.1" 200 4169
"GET /myapp/index/home/section HTTP/1.1" 200 4169
"GET /myapp/index/common/section HTTP/1.1" 200 3368
"GET /myapp/index/home/section HTTP/1.1" 200 4169
"GET /myapp/index/common/section HTTP/1.1" 200 3368
"GET /myapp/index/common/section HTTP/1.1" 200 3368
"GET /myapp/index/home/section HTTP/1.1" 200 4169
"GET /myapp/index/common/section HTTP/1.1" 200 3368
"GET /myapp/index/home/section HTTP/1.1" 200 4169
"GET /myapp/index/home/section HTTP/1.1" 200 4169
"GET /myapp/index/common/section HTTP/1.1" 200 3368
"GET /myapp/index/home/section HTTP/1.1" 200 4169
"GET /myapp/index/common/section HTTP/1.1" 200 3368
"GET /myapp/index/common/section HTTP/1.1" 200 3368
"GET /myapp/index/home/section HTTP/1.1" 200 4169
"GET /myapp/index/common/section HTTP/1.1" 200 3368
"GET /myapp/index/home/section HTTP/1.1" 200 4169
"GET /myapp/index/home/section HTTP/1.1" 200 4169
"GET /myapp/index/common/section HTTP/1.1" 200 3368
"GET /myapp/index/common/section HTTP/1.1" 200 3368
"GET /myapp/index/home/section HTTP/1.1" 200 4169
"GET /myapp/index/common/section HTTP/1.1" 200 3368
"GET /myapp/index/home/section HTTP/1.1" 200 4169
"GET /myapp/index/common/section HTTP/1.1" 200 3368
"GET /myapp/index/home/section HTTP/1.1" 200 4169
"GET /myapp/index/common/section HTTP/1.1" 200 3368
"GET /myapp/index/thing/section?page=1&pageSize=9 HTTP/1.1" 200 3276
"GET /myapp/index/thing/section?page=1&pageSize=12&searchQuery= HTTP/1.1" 200 3446
"GET /myapp/index/home/section HTTP/1.1" 200 4169
"GET /myapp/index/common/section HTTP/1.1" 200 3368
"GET /myapp/index/common/section HTTP/1.1" 200 3368
"GET /myapp/index/home/section HTTP/1.1" 200 4169
"GET /myapp/index/common/section HTTP/1.1" 200 3368
"GET /myapp/index/thing/section?page=1&pageSize=12&categoryId=51&searchQuery= HTTP/1.1" 200 1602
"GET /myapp/index/thing/section?page=1&pageSize=9 HTTP/1.1" 200 3276
"GET /myapp/index/common/section HTTP/1.1" 200 3368
"GET /myapp/index/news/detail?id=7 HTTP/1.1" 200 29415
"GET /myapp/index/common/section HTTP/1.1" 200 3368
"GET /myapp/index/home/section HTTP/1.1" 200 4169
"GET /myapp/index/home/section HTTP/1.1" 200 4169
"GET /myapp/index/common/section HTTP/1.1" 200 3368
"GET /myapp/index/common/section HTTP/1.1" 200 3368
"GET /myapp/index/thing/detail?id=45 HTTP/1.1" 200 6279
"GET /myapp/index/common/section HTTP/1.1" 200 3368
"GET /myapp/index/thing/section?page=1&pageSize=12&categoryId=53&searchQuery= HTTP/1.1" 200 1602
"GET /myapp/index/thing/section?page=1&pageSize=9 HTTP/1.1" 200 3276
"GET /myapp/index/home/section HTTP/1.1" 200 4169
"GET /myapp/index/common/section HTTP/1.1" 200 3368
"GET /myapp/index/common/section HTTP/1.1" 200 3368
"GET /myapp/index/home/section HTTP/1.1" 200 4169
"GET /myapp/index/home/section HTTP/1.1" 200 4169
"GET /myapp/index/common/section HTTP/1.1" 200 3368
"GET /myapp/index/common/section HTTP/1.1" 200 3368
"GET /myapp/index/news/detail?id=5 HTTP/1.1" 200 29440
"GET /myapp/index/common/section HTTP/1.1" 200 3368
"GET /myapp/index/thing/section?page=1&pageSize=9 HTTP/1.1" 200 3276
"GET /myapp/index/thing/section?page=1&pageSize=12&categoryId=50&searchQuery= HTTP/1.1" 200 3446
"GET /myapp/index/common/section HTTP/1.1" 200 3368
"GET /myapp/index/thing/section?page=1&pageSize=12&categoryId=52&searchQuery= HTTP/1.1" 200 1602
"GET /myapp/index/thing/section?page=1&pageSize=9 HTTP/1.1" 200 3276
"GET /myapp/index/common/section HTTP/1.1" 200 3368
"GET /myapp/index/thing/detail?id=52 HTTP/1.1" 200 6232
"GET /myapp/index/home/section HTTP/1.1" 200 4169
"GET /myapp/index/common/section HTTP/1.1" 200 3368
"GET /myapp/index/common/section HTTP/1.1" 200 3368
"GET /myapp/index/contact/section HTTP/1.1" 200 1757
"GET /myapp/index/common/section HTTP/1.1" 200 3368
"GET /myapp/index/about/section HTTP/1.1" 200 3528
"GET /myapp/index/common/section HTTP/1.1" 200 3368
"GET /myapp/index/thing/detail?id=49 HTTP/1.1" 200 6308
"GET /myapp/index/common/section HTTP/1.1" 200 3368
"GET /myapp/index/thing/detail?id=48 HTTP/1.1" 200 6299
"GET /myapp/index/common/section HTTP/1.1" 200 3368
"GET /myapp/index/thing/section?page=1&pageSize=9 HTTP/1.1" 200 3276
"GET /myapp/index/thing/section?page=1&pageSize=12&categoryId=50&searchQuery= HTTP/1.1" 200 3446
"GET /myapp/index/common/section HTTP/1.1" 200 3368
"GET /myapp/index/home/section HTTP/1.1" 200 4169
"GET /myapp/index/common/section HTTP/1.1" 200 3368
"GET /myapp/index/thing/detail?id=47 HTTP/1.1" 200 6351
"GET /myapp/index/common/section HTTP/1.1" 200 3368
Not Found: /myapp/index/thing/section
"GET /myapp/index/thing/section?page=2&pageSize=12&categoryId=50&searchQuery= HTTP/1.1" 404 28
"GET /myapp/index/thing/section?page=1&pageSize=9 HTTP/1.1" 200 3276
"GET /myapp/index/thing/section?page=1&pageSize=9 HTTP/1.1" 200 3276
"GET /myapp/index/home/section HTTP/1.1" 200 4169
"GET /myapp/index/common/section HTTP/1.1" 200 3368
"GET /myapp/index/common/section HTTP/1.1" 200 3368
"GET /myapp/index/home/section HTTP/1.1" 200 4169
"GET /myapp/index/common/section HTTP/1.1" 200 3368
"GET /myapp/index/thing/section?page=1&pageSize=9 HTTP/1.1" 200 3276
"GET /myapp/index/thing/section?page=1&pageSize=12&categoryId=50&searchQuery= HTTP/1.1" 200 3446
"GET /myapp/index/common/section HTTP/1.1" 200 3368
"GET /myapp/index/thing/section?page=1&pageSize=12&categoryId=51&searchQuery= HTTP/1.1" 200 1602
"GET /myapp/index/thing/section?page=1&pageSize=9 HTTP/1.1" 200 3276
"GET /myapp/index/common/section HTTP/1.1" 200 3368
"GET /myapp/index/thing/section?page=1&pageSize=12&categoryId=52&searchQuery= HTTP/1.1" 200 1602
"GET /myapp/index/thing/section?page=1&pageSize=9 HTTP/1.1" 200 3276
"GET /myapp/index/common/section HTTP/1.1" 200 3368
"GET /myapp/index/thing/section?page=1&pageSize=12&categoryId=53&searchQuery= HTTP/1.1" 200 1602
"GET /myapp/index/thing/section?page=1&pageSize=9 HTTP/1.1" 200 3276
"GET /myapp/index/common/section HTTP/1.1" 200 3368
Not Found: /myapp/index/thing/section
"GET /myapp/index/thing/section?page=2&pageSize=12&categoryId=50&searchQuery= HTTP/1.1" 404 28
"GET /myapp/index/thing/section?page=1&pageSize=9 HTTP/1.1" 200 3276
"GET /myapp/index/thing/section?page=1&pageSize=9 HTTP/1.1" 200 3276
"GET /myapp/index/common/section HTTP/1.1" 200 3368
"GET /myapp/index/thing/section?page=1&pageSize=9 HTTP/1.1" 200 3276
"GET /myapp/index/thing/section?page=1&pageSize=12&categoryId=50&searchQuery= HTTP/1.1" 200 3446
/usr/lib/python3.12/pathlib.py changed, reloading.
Watching for file changes with StatReloader
Watching for file changes with StatReloader
"GET /myapp/index/common/section HTTP/1.1" 200 3368
"GET /myapp/index/home/section HTTP/1.1" 200 4169
"GET /myapp/index/home/section HTTP/1.1" 200 4169
"GET /myapp/index/common/section HTTP/1.1" 200 3368
"GET /myapp/index/home/section HTTP/1.1" 200 4169
"GET /myapp/index/common/section HTTP/1.1" 200 3368
"GET /myapp/index/common/section HTTP/1.1" 200 3368
"GET /myapp/index/home/section HTTP/1.1" 200 4169
"GET /myapp/index/common/section HTTP/1.1" 200 3368
"GET /myapp/index/home/section HTTP/1.1" 200 4169
"GET /myapp/index/common/section HTTP/1.1" 200 3368
"GET /myapp/index/home/section HTTP/1.1" 200 4169
"GET /myapp/index/common/section HTTP/1.1" 200 3368
"GET /myapp/index/home/section HTTP/1.1" 200 4169
"GET /myapp/index/common/section HTTP/1.1" 200 3368
"GET /myapp/index/home/section HTTP/1.1" 200 4169
"GET /myapp/index/home/section HTTP/1.1" 200 4169
"GET /myapp/index/common/section HTTP/1.1" 200 3368
"GET /myapp/index/common/section HTTP/1.1" 200 3368
"GET /myapp/index/home/section HTTP/1.1" 200 4169
"GET /myapp/index/common/section HTTP/1.1" 200 3368
"GET /myapp/index/thing/section?page=1&pageSize=12&categoryId=51&searchQuery= HTTP/1.1" 200 1602
"GET /myapp/index/thing/section?page=1&pageSize=9 HTTP/1.1" 200 3276
"GET /myapp/index/common/section HTTP/1.1" 200 3368
"GET /myapp/index/home/section HTTP/1.1" 200 4169
"GET /myapp/index/common/section HTTP/1.1" 200 3368
"GET /myapp/index/home/section HTTP/1.1" 200 4169
"GET /myapp/index/common/section HTTP/1.1" 200 3368
"GET /myapp/index/home/section HTTP/1.1" 200 4169
"GET /myapp/index/home/section HTTP/1.1" 200 4169
"GET /myapp/index/common/section HTTP/1.1" 200 3368
"GET /myapp/index/common/section HTTP/1.1" 200 3368
"GET /myapp/index/home/section HTTP/1.1" 200 4169
"GET /myapp/index/common/section HTTP/1.1" 200 3368
"GET /myapp/index/home/section HTTP/1.1" 200 4169
"GET /myapp/index/common/section HTTP/1.1" 200 3368
"GET /myapp/index/home/section HTTP/1.1" 200 4169
"GET /myapp/index/common/section HTTP/1.1" 200 3368
"GET /myapp/index/home/section HTTP/1.1" 200 4169
"GET /myapp/index/common/section HTTP/1.1" 200 3368
"GET /myapp/index/home/section HTTP/1.1" 200 4169
"GET /myapp/index/home/section HTTP/1.1" 200 4169
"GET /myapp/index/common/section HTTP/1.1" 200 3368
"GET /myapp/index/common/section HTTP/1.1" 200 3368
"GET /myapp/index/home/section HTTP/1.1" 200 4169
"GET /myapp/index/common/section HTTP/1.1" 200 3368
"GET /myapp/index/home/section HTTP/1.1" 200 4169
"GET /myapp/index/common/section HTTP/1.1" 200 3368
"GET /myapp/index/home/section HTTP/1.1" 200 4169
"GET /myapp/index/home/section HTTP/1.1" 200 4169
"GET /myapp/index/common/section HTTP/1.1" 200 3368
"GET /myapp/index/common/section HTTP/1.1" 200 3368
"GET /myapp/index/home/section HTTP/1.1" 200 4169
"GET /myapp/index/home/section HTTP/1.1" 200 4169
"GET /myapp/index/common/section HTTP/1.1" 200 3368
"GET /myapp/index/common/section HTTP/1.1" 200 3368
"GET /myapp/index/home/section HTTP/1.1" 200 4169
"GET /myapp/index/common/section HTTP/1.1" 200 3368
"GET /myapp/index/thing/section?page=1&pageSize=12&categoryId=51&searchQuery= HTTP/1.1" 200 1602
"GET /myapp/index/thing/section?page=1&pageSize=9 HTTP/1.1" 200 3276
"GET /myapp/index/common/section HTTP/1.1" 200 3368
"GET /myapp/index/home/section HTTP/1.1" 200 4169
"GET /myapp/index/home/section HTTP/1.1" 200 4169
"GET /myapp/index/common/section HTTP/1.1" 200 3368
"GET /myapp/index/home/section HTTP/1.1" 200 4169
"GET /myapp/index/common/section HTTP/1.1" 200 3368
"GET /myapp/index/home/section HTTP/1.1" 200 4169
"GET /myapp/index/common/section HTTP/1.1" 200 3368
"GET /myapp/index/home/section HTTP/1.1" 200 4169
"GET /myapp/index/common/section HTTP/1.1" 200 3368
"GET /myapp/index/home/section HTTP/1.1" 200 4169
"GET /myapp/index/common/section HTTP/1.1" 200 3368
"GET /myapp/index/home/section HTTP/1.1" 200 4169
"GET /myapp/index/common/section HTTP/1.1" 200 3368
"GET /myapp/index/common/section HTTP/1.1" 200 3368
"GET /myapp/index/thing/section?page=1&pageSize=9 HTTP/1.1" 200 3276
"GET /myapp/index/thing/section?page=1&pageSize=12&searchQuery= HTTP/1.1" 200 3446
"GET /myapp/index/common/section HTTP/1.1" 200 3368
"GET /myapp/index/home/section HTTP/1.1" 200 4169
"GET /myapp/index/home/section HTTP/1.1" 200 4169
"GET /myapp/index/common/section HTTP/1.1" 200 3368
"GET /myapp/index/common/section HTTP/1.1" 200 3368
"GET /myapp/index/home/section HTTP/1.1" 200 4169
"GET /myapp/index/common/section HTTP/1.1" 200 3368
"GET /myapp/index/home/section HTTP/1.1" 200 4169
"GET /myapp/index/home/section HTTP/1.1" 200 4169
"GET /myapp/index/common/section HTTP/1.1" 200 3368
"GET /myapp/index/home/section HTTP/1.1" 200 4169
"GET /myapp/index/common/section HTTP/1.1" 200 3368
"GET /myapp/index/common/section HTTP/1.1" 200 3368
"GET /myapp/index/home/section HTTP/1.1" 200 4169
"GET /myapp/index/home/section HTTP/1.1" 200 4169
"GET /myapp/index/common/section HTTP/1.1" 200 3368
"GET /myapp/index/home/section HTTP/1.1" 200 4169
"GET /myapp/index/common/section HTTP/1.1" 200 3368
"GET /myapp/index/home/section HTTP/1.1" 200 4169
"GET /myapp/index/common/section HTTP/1.1" 200 3368
"GET /myapp/index/common/section HTTP/1.1" 200 3368
"GET /myapp/index/home/section HTTP/1.1" 200 4169
"GET /myapp/index/home/section HTTP/1.1" 200 4169
"GET /myapp/index/common/section HTTP/1.1" 200 3368
"GET /myapp/index/home/section HTTP/1.1" 200 4169
"GET /myapp/index/common/section HTTP/1.1" 200 3368
"GET /myapp/index/home/section HTTP/1.1" 200 4169
"GET /myapp/index/common/section HTTP/1.1" 200 3368
"GET /myapp/index/common/section HTTP/1.1" 200 3368
"GET /myapp/index/home/section HTTP/1.1" 200 4169
"GET /myapp/index/common/section HTTP/1.1" 200 3368
"GET /myapp/index/home/section HTTP/1.1" 200 4169
"GET /myapp/index/common/section HTTP/1.1" 200 3368
"GET /myapp/index/home/section HTTP/1.1" 200 4169
"GET /myapp/index/home/section HTTP/1.1" 200 4169
"GET /myapp/index/common/section HTTP/1.1" 200 3368
"GET /myapp/index/common/section HTTP/1.1" 200 3368
"GET /myapp/index/home/section HTTP/1.1" 200 4169
"GET /myapp/index/home/section HTTP/1.1" 200 4169
"GET /myapp/index/common/section HTTP/1.1" 200 3368
"GET /myapp/index/common/section HTTP/1.1" 200 3368
"GET /myapp/index/thing/section?page=1&pageSize=12&categoryId=51&searchQuery= HTTP/1.1" 200 1602
"GET /myapp/index/thing/section?page=1&pageSize=9 HTTP/1.1" 200 3276
"GET /myapp/index/common/section HTTP/1.1" 200 3368
"GET /myapp/index/home/section HTTP/1.1" 200 4169
"GET /myapp/index/common/section HTTP/1.1" 200 3368
"GET /myapp/index/home/section HTTP/1.1" 200 4169
"GET /myapp/index/home/section HTTP/1.1" 200 4169
"GET /myapp/index/common/section HTTP/1.1" 200 3368
"GET /myapp/index/home/section HTTP/1.1" 200 4169
"GET /myapp/index/common/section HTTP/1.1" 200 3368
"GET /myapp/index/common/section HTTP/1.1" 200 3368
"GET /myapp/index/about/section HTTP/1.1" 200 3528
"GET /myapp/index/common/section HTTP/1.1" 200 3368
"GET /myapp/index/home/section HTTP/1.1" 200 4169
"GET /myapp/index/home/section HTTP/1.1" 200 4169
"GET /myapp/index/common/section HTTP/1.1" 200 3368
"GET /myapp/index/home/section HTTP/1.1" 200 4169
"GET /myapp/index/common/section HTTP/1.1" 200 3368
"GET /myapp/index/home/section HTTP/1.1" 200 4169
"GET /myapp/index/common/section HTTP/1.1" 200 3368
"GET /myapp/index/common/section HTTP/1.1" 200 3368
"GET /myapp/index/home/section HTTP/1.1" 200 4169
"GET /myapp/index/common/section HTTP/1.1" 200 3368
"GET /myapp/index/home/section HTTP/1.1" 200 4169
"GET /myapp/index/common/section HTTP/1.1" 200 3368
"GET /myapp/index/thing/detail?id=46 HTTP/1.1" 200 6249
"GET /myapp/index/common/section HTTP/1.1" 200 3368
"GET /myapp/index/home/section HTTP/1.1" 200 4169
"GET /myapp/index/common/section HTTP/1.1" 200 3368
"GET /myapp/index/thing/detail?id=43 HTTP/1.1" 200 6763
"GET /myapp/index/common/section HTTP/1.1" 200 3368
"GET /myapp/index/home/section HTTP/1.1" 200 4169
"GET /myapp/index/common/section HTTP/1.1" 200 3368
"GET /myapp/index/home/section HTTP/1.1" 200 4169
"GET /myapp/index/common/section HTTP/1.1" 200 3368
"GET /myapp/index/home/section HTTP/1.1" 200 4169
"GET /myapp/index/common/section HTTP/1.1" 200 3368
"GET /myapp/index/home/section HTTP/1.1" 200 4169
"GET /myapp/index/home/section HTTP/1.1" 200 4169
"GET /myapp/index/common/section HTTP/1.1" 200 3368
"GET /myapp/index/home/section HTTP/1.1" 200 4169
"GET /myapp/index/common/section HTTP/1.1" 200 3368
"GET /myapp/index/common/section HTTP/1.1" 200 3368
"GET /myapp/index/home/section HTTP/1.1" 200 4169
"GET /myapp/index/common/section HTTP/1.1" 200 3368
"GET /myapp/index/home/section HTTP/1.1" 200 4169
"GET /myapp/index/home/section HTTP/1.1" 200 4169
"GET /myapp/index/common/section HTTP/1.1" 200 3368
"GET /myapp/index/common/section HTTP/1.1" 200 3368
"GET /myapp/index/home/section HTTP/1.1" 200 4169
"GET /myapp/index/home/section HTTP/1.1" 200 4169
"GET /myapp/index/common/section HTTP/1.1" 200 3368
"GET /myapp/index/common/section HTTP/1.1" 200 3368
"GET /myapp/index/home/section HTTP/1.1" 200 4169
"GET /myapp/index/common/section HTTP/1.1" 200 3368
"GET /myapp/index/home/section HTTP/1.1" 200 4169
"GET /myapp/index/common/section HTTP/1.1" 200 3368
"GET /myapp/index/home/section HTTP/1.1" 200 4169
"GET /myapp/index/common/section HTTP/1.1" 200 3368
"GET /myapp/index/home/section HTTP/1.1" 200 4169
"GET /myapp/index/home/section HTTP/1.1" 200 4169
"GET /myapp/index/common/section HTTP/1.1" 200 3368
"GET /myapp/index/common/section HTTP/1.1" 200 3368
"GET /myapp/index/home/section HTTP/1.1" 200 4169
"GET /myapp/index/common/section HTTP/1.1" 200 3368
"GET /myapp/index/home/section HTTP/1.1" 200 4169
"GET /myapp/index/common/section HTTP/1.1" 200 3368
"GET /myapp/index/thing/section?page=1&pageSize=12&categoryId=51&searchQuery= HTTP/1.1" 200 1602
"GET /myapp/index/thing/section?page=1&pageSize=9 HTTP/1.1" 200 3276
"GET /myapp/index/common/section HTTP/1.1" 200 3368
"GET /myapp/index/home/section HTTP/1.1" 200 4169
"GET /myapp/index/home/section HTTP/1.1" 200 4169
"GET /myapp/index/common/section HTTP/1.1" 200 3368
"GET /myapp/index/common/section HTTP/1.1" 200 3368
"GET /myapp/index/home/section HTTP/1.1" 200 4169
"GET /myapp/index/common/section HTTP/1.1" 200 3368
"GET /myapp/index/thing/section?page=1&pageSize=9 HTTP/1.1" 200 3276
"GET /myapp/index/thing/section?page=1&pageSize=12&searchQuery= HTTP/1.1" 200 3446
"GET /myapp/index/home/section HTTP/1.1" 200 4169
"GET /myapp/index/common/section HTTP/1.1" 200 3368
"GET /myapp/index/home/section HTTP/1.1" 200 4169
"GET /myapp/index/common/section HTTP/1.1" 200 3368
"GET /myapp/index/common/section HTTP/1.1" 200 3368
"GET /myapp/index/home/section HTTP/1.1" 200 4169
"GET /myapp/index/common/section HTTP/1.1" 200 3368
"GET /myapp/index/home/section HTTP/1.1" 200 4169
"GET /myapp/index/common/section HTTP/1.1" 200 3368
"GET /myapp/index/home/section HTTP/1.1" 200 4169
"GET /myapp/index/home/section HTTP/1.1" 200 4169
"GET /myapp/index/common/section HTTP/1.1" 200 3368
"GET /myapp/index/common/section HTTP/1.1" 200 3368
"GET /myapp/index/home/section HTTP/1.1" 200 4169
"GET /myapp/index/home/section HTTP/1.1" 200 4169
"GET /myapp/index/common/section HTTP/1.1" 200 3368
"GET /myapp/index/home/section HTTP/1.1" 200 4169
"GET /myapp/index/common/section HTTP/1.1" 200 3368
"GET /myapp/index/common/section HTTP/1.1" 200 3368
"GET /myapp/index/home/section HTTP/1.1" 200 4169
"GET /myapp/index/common/section HTTP/1.1" 200 3368
"GET /myapp/index/home/section HTTP/1.1" 200 4169
"GET /myapp/index/common/section HTTP/1.1" 200 3368
"GET /myapp/index/home/section HTTP/1.1" 200 4169
"GET /myapp/index/common/section HTTP/1.1" 200 3368
"GET /myapp/index/home/section HTTP/1.1" 200 4169
"GET /myapp/index/common/section HTTP/1.1" 200 3368
"GET /myapp/index/home/section HTTP/1.1" 200 4169
"GET /myapp/index/common/section HTTP/1.1" 200 3368
"GET /myapp/index/home/section HTTP/1.1" 200 4169
"GET /myapp/index/common/section HTTP/1.1" 200 3368
"GET /myapp/index/home/section HTTP/1.1" 200 4169
"GET /myapp/index/common/section HTTP/1.1" 200 3368
"GET /myapp/index/home/section HTTP/1.1" 200 4169
"GET /myapp/index/home/section HTTP/1.1" 200 4169
"GET /myapp/index/common/section HTTP/1.1" 200 3368
"GET /myapp/index/common/section HTTP/1.1" 200 3368
"GET /myapp/index/home/section HTTP/1.1" 200 4169
"GET /myapp/index/home/section HTTP/1.1" 200 4169
"GET /myapp/index/common/section HTTP/1.1" 200 3368
"GET /myapp/index/common/section HTTP/1.1" 200 3368
"GET /myapp/index/home/section HTTP/1.1" 200 4169
"GET /myapp/index/common/section HTTP/1.1" 200 3368
"GET /myapp/index/home/section HTTP/1.1" 200 4169
"GET /myapp/index/home/section HTTP/1.1" 200 4169
"GET /myapp/index/common/section HTTP/1.1" 200 3368
"GET /myapp/index/common/section HTTP/1.1" 200 3368
"GET /myapp/index/home/section HTTP/1.1" 200 4169
"GET /myapp/index/common/section HTTP/1.1" 200 3368
"GET /myapp/index/home/section HTTP/1.1" 200 4169
"GET /myapp/index/home/section HTTP/1.1" 200 4169
"GET /myapp/index/common/section HTTP/1.1" 200 3368
"GET /myapp/index/home/section HTTP/1.1" 200 4169
"GET /myapp/index/common/section HTTP/1.1" 200 3368
"GET /myapp/index/home/section HTTP/1.1" 200 4169
"GET /myapp/index/common/section HTTP/1.1" 200 3368
"GET /myapp/index/home/section HTTP/1.1" 200 4169
"GET /myapp/index/common/section HTTP/1.1" 200 3368
"GET /myapp/index/common/section HTTP/1.1" 200 3368
"GET /myapp/index/home/section HTTP/1.1" 200 4169
"GET /myapp/index/common/section HTTP/1.1" 200 3368
"GET /myapp/index/home/section HTTP/1.1" 200 4169
"GET /myapp/index/common/section HTTP/1.1" 200 3368
"GET /myapp/index/home/section HTTP/1.1" 200 4169
"GET /myapp/index/home/section HTTP/1.1" 200 4169
"GET /myapp/index/common/section HTTP/1.1" 200 3368
"GET /myapp/index/common/section HTTP/1.1" 200 3368
"GET /myapp/index/news/detail?id=5 HTTP/1.1" 200 29440
"GET /myapp/index/common/section HTTP/1.1" 200 3368
"GET /myapp/index/news/section?page=1&pageSize=9 HTTP/1.1" 200 2218
"GET /myapp/index/news/section?page=1&pageSize=9 HTTP/1.1" 200 2218
"GET /myapp/index/common/section HTTP/1.1" 200 3368
"GET /myapp/index/contact/section HTTP/1.1" 200 1757
"GET /myapp/index/common/section HTTP/1.1" 200 3368
"GET /myapp/index/thing/detail?id=52 HTTP/1.1" 200 6232
"GET /myapp/index/home/section HTTP/1.1" 200 4169
"GET /myapp/index/common/section HTTP/1.1" 200 3368
"GET /myapp/index/common/section HTTP/1.1" 200 3368
"GET /myapp/index/thing/detail?id=49 HTTP/1.1" 200 6308
"GET /myapp/index/common/section HTTP/1.1" 200 3368
"GET /myapp/index/home/section HTTP/1.1" 200 4169
"GET /myapp/index/common/section HTTP/1.1" 200 3368
"GET /myapp/index/news/detail?id=14 HTTP/1.1" 200 29253
"GET /myapp/index/home/section HTTP/1.1" 200 4169
"GET /myapp/index/common/section HTTP/1.1" 200 3368
"GET /myapp/index/common/section HTTP/1.1" 200 3368
"GET /myapp/index/news/detail?id=13 HTTP/1.1" 200 29420
"GET /myapp/index/common/section HTTP/1.1" 200 3368
"GET /myapp/index/home/section HTTP/1.1" 200 4169
"GET /myapp/index/common/section HTTP/1.1" 200 3368
"GET /myapp/index/news/detail?id=9 HTTP/1.1" 200 29416
"GET /myapp/index/common/section HTTP/1.1" 200 3368
"GET /myapp/index/home/section HTTP/1.1" 200 4169
"GET /myapp/index/home/section HTTP/1.1" 200 4169
"GET /myapp/index/common/section HTTP/1.1" 200 3368
"GET /myapp/index/home/section HTTP/1.1" 200 4169
"GET /myapp/index/common/section HTTP/1.1" 200 3368
"GET /myapp/index/home/section HTTP/1.1" 200 4169
"GET /myapp/index/common/section HTTP/1.1" 200 3368
"GET /myapp/index/common/section HTTP/1.1" 200 3368
"GET /myapp/index/home/section HTTP/1.1" 200 4169
"GET /myapp/index/common/section HTTP/1.1" 200 3368
"GET /myapp/index/common/section HTTP/1.1" 200 3368
"GET /myapp/index/home/section HTTP/1.1" 200 4169
"GET /myapp/index/common/section HTTP/1.1" 200 3368
"GET /myapp/index/home/section HTTP/1.1" 200 4169
"GET /myapp/index/home/section HTTP/1.1" 200 4169
"GET /myapp/index/common/section HTTP/1.1" 200 3368
"GET /myapp/index/common/section HTTP/1.1" 200 3368
"GET /myapp/index/home/section HTTP/1.1" 200 4169
"GET /myapp/index/common/section HTTP/1.1" 200 3368
"GET /myapp/index/home/section HTTP/1.1" 200 4169
"GET /myapp/index/home/section HTTP/1.1" 200 4169
"GET /myapp/index/common/section HTTP/1.1" 200 3368
"GET /myapp/index/home/section HTTP/1.1" 200 4169
"GET /myapp/index/common/section HTTP/1.1" 200 3368
"GET /myapp/index/common/section HTTP/1.1" 200 3368
"GET /myapp/index/home/section HTTP/1.1" 200 4169
"GET /myapp/index/home/section HTTP/1.1" 200 4169
"GET /myapp/index/common/section HTTP/1.1" 200 3368
"GET /myapp/index/common/section HTTP/1.1" 200 3368
"GET /myapp/index/home/section HTTP/1.1" 200 4169
"GET /myapp/index/common/section HTTP/1.1" 200 3368
"GET /myapp/index/home/section HTTP/1.1" 200 4169
"GET /myapp/index/common/section HTTP/1.1" 200 3368
"GET /myapp/index/home/section HTTP/1.1" 200 4169
"GET /myapp/index/common/section HTTP/1.1" 200 3368
"GET /myapp/index/home/section HTTP/1.1" 200 4169
"GET /myapp/index/home/section HTTP/1.1" 200 4169
"GET /myapp/index/common/section HTTP/1.1" 200 3368
"GET /myapp/index/home/section HTTP/1.1" 200 4169
"GET /myapp/index/common/section HTTP/1.1" 200 3368
"GET /myapp/index/home/section HTTP/1.1" 200 4169
"GET /myapp/index/common/section HTTP/1.1" 200 3368
"GET /myapp/index/common/section HTTP/1.1" 200 3368
"GET /myapp/index/home/section HTTP/1.1" 200 4169
"GET /myapp/index/home/section HTTP/1.1" 200 4169
"GET /myapp/index/common/section HTTP/1.1" 200 3368
"GET /myapp/index/home/section HTTP/1.1" 200 4169
"GET /myapp/index/common/section HTTP/1.1" 200 3368
"GET /myapp/index/home/section HTTP/1.1" 200 4169
"GET /myapp/index/common/section HTTP/1.1" 200 3368
"GET /myapp/index/common/section HTTP/1.1" 200 3368
"GET /myapp/index/home/section HTTP/1.1" 200 4169
"GET /myapp/index/common/section HTTP/1.1" 200 3368
"GET /myapp/index/home/section HTTP/1.1" 200 4169
"GET /myapp/index/common/section HTTP/1.1" 200 3368
"GET /myapp/index/home/section HTTP/1.1" 200 4169
"GET /myapp/index/home/section HTTP/1.1" 200 4169
"GET /myapp/index/common/section HTTP/1.1" 200 3368
"GET /myapp/index/common/section HTTP/1.1" 200 3368
"GET /myapp/index/home/section HTTP/1.1" 200 4169
"GET /myapp/index/home/section HTTP/1.1" 200 4169
"GET /myapp/index/common/section HTTP/1.1" 200 3368
"GET /myapp/index/common/section HTTP/1.1" 200 3368
"GET /myapp/index/home/section HTTP/1.1" 200 4169
"GET /myapp/index/common/section HTTP/1.1" 200 3368
"GET /myapp/index/home/section HTTP/1.1" 200 4169
"GET /myapp/index/common/section HTTP/1.1" 200 3368
"GET /myapp/index/home/section HTTP/1.1" 200 4169
"GET /myapp/index/common/section HTTP/1.1" 200 3368
"GET /myapp/index/home/section HTTP/1.1" 200 4169
"GET /myapp/index/home/section HTTP/1.1" 200 4169
"GET /myapp/index/common/section HTTP/1.1" 200 3368
"GET /myapp/index/common/section HTTP/1.1" 200 3368
"GET /myapp/index/home/section HTTP/1.1" 200 4169
"GET /myapp/index/home/section HTTP/1.1" 200 4169
"GET /myapp/index/common/section HTTP/1.1" 200 3368
"GET /myapp/index/home/section HTTP/1.1" 200 4169
"GET /myapp/index/common/section HTTP/1.1" 200 3368
"GET /myapp/index/common/section HTTP/1.1" 200 3368
"GET /myapp/index/home/section HTTP/1.1" 200 4169
"GET /myapp/index/common/section HTTP/1.1" 200 3368
"GET /myapp/index/home/section HTTP/1.1" 200 4169
"GET /myapp/index/common/section HTTP/1.1" 200 3368
"GET /myapp/index/home/section HTTP/1.1" 200 4169
"GET /myapp/index/home/section HTTP/1.1" 200 4169
"GET /myapp/index/common/section HTTP/1.1" 200 3368
"GET /myapp/index/common/section HTTP/1.1" 200 3368
"GET /myapp/index/home/section HTTP/1.1" 200 4169
"GET /myapp/index/home/section HTTP/1.1" 200 4169
"GET /myapp/index/common/section HTTP/1.1" 200 3368
"GET /myapp/index/home/section HTTP/1.1" 200 4169
"GET /myapp/index/common/section HTTP/1.1" 200 3368
"GET /myapp/index/home/section HTTP/1.1" 200 4169
"GET /myapp/index/common/section HTTP/1.1" 200 3368
"GET /myapp/index/common/section HTTP/1.1" 200 3368
"GET /myapp/index/home/section HTTP/1.1" 200 4169
"GET /myapp/index/home/section HTTP/1.1" 200 4169
"GET /myapp/index/common/section HTTP/1.1" 200 3368
"GET /myapp/index/common/section HTTP/1.1" 200 3368
"GET /myapp/index/home/section HTTP/1.1" 200 4169
"GET /myapp/index/common/section HTTP/1.1" 200 3368
"GET /myapp/index/home/section HTTP/1.1" 200 4169
"GET /myapp/index/common/section HTTP/1.1" 200 3368
"GET /myapp/index/home/section HTTP/1.1" 200 4169
"GET /myapp/index/home/section HTTP/1.1" 200 4169
"GET /myapp/index/common/section HTTP/1.1" 200 3368
"GET /myapp/index/common/section HTTP/1.1" 200 3368
"GET /myapp/index/home/section HTTP/1.1" 200 4169
"GET /myapp/index/home/section HTTP/1.1" 200 4169
"GET /myapp/index/common/section HTTP/1.1" 200 3368
"GET /myapp/index/common/section HTTP/1.1" 200 3368
"GET /myapp/index/home/section HTTP/1.1" 200 4169
"GET /myapp/index/common/section HTTP/1.1" 200 3368
"GET /myapp/index/home/section HTTP/1.1" 200 4169
"GET /myapp/index/common/section HTTP/1.1" 200 3368
"GET /myapp/index/home/section HTTP/1.1" 200 4169
"GET /myapp/index/home/section HTTP/1.1" 200 4169
"GET /myapp/index/common/section HTTP/1.1" 200 3368
"GET /myapp/index/common/section HTTP/1.1" 200 3368
"GET /myapp/index/home/section HTTP/1.1" 200 4169
"GET /myapp/index/home/section HTTP/1.1" 200 4169
"GET /myapp/index/common/section HTTP/1.1" 200 3368
"GET /myapp/index/common/section HTTP/1.1" 200 3368
"GET /myapp/index/home/section HTTP/1.1" 200 4169
"GET /myapp/index/common/section HTTP/1.1" 200 3368
"GET /myapp/index/home/section HTTP/1.1" 200 4169
"GET /myapp/index/home/section HTTP/1.1" 200 4169
"GET /myapp/index/common/section HTTP/1.1" 200 3368
"GET /myapp/index/home/section HTTP/1.1" 200 4169
"GET /myapp/index/common/section HTTP/1.1" 200 3368
"GET /myapp/index/home/section HTTP/1.1" 200 4169
"GET /myapp/index/common/section HTTP/1.1" 200 3368
"GET /myapp/index/common/section HTTP/1.1" 200 3368
"GET /myapp/index/home/section HTTP/1.1" 200 4169
"GET /myapp/index/common/section HTTP/1.1" 200 3368
"GET /myapp/index/home/section HTTP/1.1" 200 4169
"GET /myapp/index/home/section HTTP/1.1" 200 4169
"GET /myapp/index/common/section HTTP/1.1" 200 3368
"GET /myapp/index/common/section HTTP/1.1" 200 3368
"GET /myapp/index/about/section HTTP/1.1" 200 3528
"GET /myapp/index/common/section HTTP/1.1" 200 3368
"GET /myapp/index/home/section HTTP/1.1" 200 4169
"GET /myapp/index/common/section HTTP/1.1" 200 3368
"GET /myapp/index/news/detail?id=6 HTTP/1.1" 200 29437
"GET /myapp/index/common/section HTTP/1.1" 200 3368
"GET /myapp/index/thing/section?page=1&pageSize=12&searchQuery= HTTP/1.1" 200 3446
"GET /myapp/index/thing/section?page=1&pageSize=9 HTTP/1.1" 200 3276
"GET /myapp/index/common/section HTTP/1.1" 200 3368
"GET /myapp/index/news/section?page=1&pageSize=9 HTTP/1.1" 200 2218
"GET /myapp/index/news/section?page=1&pageSize=9 HTTP/1.1" 200 2218
"GET /myapp/index/common/section HTTP/1.1" 200 3368
"GET /myapp/index/home/section HTTP/1.1" 200 4169
"GET /myapp/index/common/section HTTP/1.1" 200 3368
"GET /myapp/index/download/section HTTP/1.1" 200 3422
"GET /myapp/index/common/section HTTP/1.1" 200 3368
"GET /myapp/index/thing/detail?id=44 HTTP/1.1" 200 6243
"GET /myapp/index/common/section HTTP/1.1" 200 3368
"GET /myapp/index/thing/section?page=1&pageSize=9 HTTP/1.1" 200 3276
"GET /myapp/index/thing/section?page=1&pageSize=12&categoryId=-1&searchQuery= HTTP/1.1" 200 3446
"GET /myapp/index/home/section HTTP/1.1" 200 4169
"GET /myapp/index/common/section HTTP/1.1" 200 3368
"GET /myapp/index/thing/section?page=1&pageSize=12&categoryId=52&searchQuery= HTTP/1.1" 200 1602
"GET /myapp/index/thing/section?page=1&pageSize=9 HTTP/1.1" 200 3276
"GET /myapp/index/thing/section?page=1&pageSize=12&categoryId=53&searchQuery= HTTP/1.1" 200 1602
"GET /myapp/index/thing/section?page=1&pageSize=9 HTTP/1.1" 200 3276
"GET /myapp/index/thing/section?page=1&pageSize=9 HTTP/1.1" 200 3276
"GET /myapp/index/thing/section?page=1&pageSize=12&categoryId=50&searchQuery= HTTP/1.1" 200 3446
"GET /myapp/index/home/section HTTP/1.1" 200 4169
"GET /myapp/index/common/section HTTP/1.1" 200 3368
"GET /myapp/index/common/section HTTP/1.1" 200 3368
"GET /myapp/index/home/section HTTP/1.1" 200 4169
"GET /myapp/index/common/section HTTP/1.1" 200 3368
Not Found: /myapp/index/thing/section
"GET /myapp/index/thing/section?page=2&pageSize=12&categoryId=-1&searchQuery= HTTP/1.1" 404 28
"GET /myapp/index/thing/section?page=1&pageSize=9 HTTP/1.1" 200 3276
"GET /myapp/index/thing/section?page=1&pageSize=9 HTTP/1.1" 200 3276
"GET /myapp/index/home/section HTTP/1.1" 200 4169
"GET /myapp/index/common/section HTTP/1.1" 200 3368
"GET /myapp/index/common/section HTTP/1.1" 200 3368
"GET /myapp/index/home/section HTTP/1.1" 200 4169
"GET /myapp/index/common/section HTTP/1.1" 200 3368
"GET /myapp/index/home/section HTTP/1.1" 200 4169
"GET /myapp/index/common/section HTTP/1.1" 200 3368
"GET /myapp/index/home/section HTTP/1.1" 200 4169
"GET /myapp/index/common/section HTTP/1.1" 200 3368
"GET /myapp/index/thing/detail?id=50 HTTP/1.1" 200 6261
"GET /myapp/index/common/section HTTP/1.1" 200 3368
"GET /myapp/index/news/detail?id=16 HTTP/1.1" 200 25215
"GET /myapp/index/common/section HTTP/1.1" 200 3368
"GET /myapp/index/home/section HTTP/1.1" 200 4169
"GET /myapp/index/home/section HTTP/1.1" 200 4169
"GET /myapp/index/common/section HTTP/1.1" 200 3368
"GET /myapp/index/common/section HTTP/1.1" 200 3368
"GET /myapp/index/home/section HTTP/1.1" 200 4169
"GET /myapp/index/common/section HTTP/1.1" 200 3368
"GET /myapp/index/thing/section?page=1&pageSize=9 HTTP/1.1" 200 3276
"GET /myapp/index/thing/section?page=1&pageSize=12&categoryId=-1&searchQuery= HTTP/1.1" 200 3446
"GET /myapp/index/home/section HTTP/1.1" 200 4169
"GET /myapp/index/common/section HTTP/1.1" 200 3368
"GET /myapp/index/common/section HTTP/1.1" 200 3368
"GET /myapp/index/thing/detail?id=51 HTTP/1.1" 200 6270
"GET /myapp/index/common/section HTTP/1.1" 200 3368
"GET /myapp/index/download/section HTTP/1.1" 200 3422
"GET /myapp/index/common/section HTTP/1.1" 200 3368
"GET /myapp/index/home/section HTTP/1.1" 200 4169
"GET /myapp/index/home/section HTTP/1.1" 200 4169
"GET /myapp/index/common/section HTTP/1.1" 200 3368
"GET /myapp/index/common/section HTTP/1.1" 200 3368
"GET /myapp/index/thing/section?page=1&pageSize=9 HTTP/1.1" 200 3276
"GET /myapp/index/thing/section?page=1&pageSize=12&searchQuery= HTTP/1.1" 200 3446
"GET /myapp/index/home/section HTTP/1.1" 200 4169
"GET /myapp/index/common/section HTTP/1.1" 200 3368
"GET /myapp/index/home/section HTTP/1.1" 200 4169
"GET /myapp/index/common/section HTTP/1.1" 200 3368
"GET /myapp/index/common/section HTTP/1.1" 200 3368
"GET /myapp/index/thing/section?page=1&pageSize=12&categoryId=-1&searchQuery= HTTP/1.1" 200 3446
"GET /myapp/index/thing/section?page=1&pageSize=9 HTTP/1.1" 200 3276
"GET /myapp/index/common/section HTTP/1.1" 200 3368
"GET /myapp/index/thing/detail?id=51 HTTP/1.1" 200 6270
"GET /myapp/index/common/section HTTP/1.1" 200 3368
"GET /myapp/index/thing/detail?id=50 HTTP/1.1" 200 6261
"GET /myapp/index/common/section HTTP/1.1" 200 3368
"GET /myapp/index/thing/section?page=1&pageSize=12&categoryId=-1&searchQuery= HTTP/1.1" 200 3446
"GET /myapp/index/thing/section?page=1&pageSize=9 HTTP/1.1" 200 3276
"GET /myapp/index/common/section HTTP/1.1" 200 3368
Not Found: /myapp/index/thing/section
"GET /myapp/index/thing/section?page=2&pageSize=12&categoryId=-1&searchQuery= HTTP/1.1" 404 28
"GET /myapp/index/thing/section?page=1&pageSize=9 HTTP/1.1" 200 3276
"GET /myapp/index/thing/section?page=1&pageSize=9 HTTP/1.1" 200 3276
"GET /myapp/index/common/section HTTP/1.1" 200 3368
"GET /myapp/index/home/section HTTP/1.1" 200 4169
"GET /myapp/index/home/section HTTP/1.1" 200 4169
"GET /myapp/index/common/section HTTP/1.1" 200 3368
"GET /myapp/index/common/section HTTP/1.1" 200 3368
"GET /myapp/index/home/section HTTP/1.1" 200 4169
"GET /myapp/index/home/section HTTP/1.1" 200 4169
"GET /myapp/index/common/section HTTP/1.1" 200 3368
"GET /myapp/index/home/section HTTP/1.1" 200 4169
"GET /myapp/index/common/section HTTP/1.1" 200 3368
"GET /myapp/index/common/section HTTP/1.1" 200 3368
"GET /myapp/index/home/section HTTP/1.1" 200 4169
"GET /myapp/index/common/section HTTP/1.1" 200 3368
"GET /myapp/index/home/section HTTP/1.1" 200 4169
"GET /myapp/index/home/section HTTP/1.1" 200 4169
"GET /myapp/index/common/section HTTP/1.1" 200 3368
"GET /myapp/index/home/section HTTP/1.1" 200 4169
"GET /myapp/index/common/section HTTP/1.1" 200 3368
"GET /myapp/index/common/section HTTP/1.1" 200 3368
"GET /myapp/index/home/section HTTP/1.1" 200 4169
"GET /myapp/index/common/section HTTP/1.1" 200 3368
"GET /myapp/index/home/section HTTP/1.1" 200 4169
"GET /myapp/index/home/section HTTP/1.1" 200 4169
"GET /myapp/index/common/section HTTP/1.1" 200 3368
"GET /myapp/index/common/section HTTP/1.1" 200 3368
"GET /myapp/index/thing/section?page=1&pageSize=12&categoryId=51&searchQuery= HTTP/1.1" 200 1602
"GET /myapp/index/thing/section?page=1&pageSize=9 HTTP/1.1" 200 3276
"GET /myapp/index/common/section HTTP/1.1" 200 3368
"GET /myapp/index/home/section HTTP/1.1" 200 4169
"GET /myapp/index/home/section HTTP/1.1" 200 4169
"GET /myapp/index/common/section HTTP/1.1" 200 3368
"GET /myapp/index/home/section HTTP/1.1" 200 4169
"GET /myapp/index/common/section HTTP/1.1" 200 3368
"GET /myapp/index/common/section HTTP/1.1" 200 3368
"GET /myapp/index/home/section HTTP/1.1" 200 4169
"GET /myapp/index/home/section HTTP/1.1" 200 4169
"GET /myapp/index/common/section HTTP/1.1" 200 3368
"GET /myapp/index/common/section HTTP/1.1" 200 3368
"GET /myapp/index/home/section HTTP/1.1" 200 4169
"GET /myapp/index/common/section HTTP/1.1" 200 3368
"GET /myapp/index/home/section HTTP/1.1" 200 4169
"GET /myapp/index/home/section HTTP/1.1" 200 4169
"GET /myapp/index/common/section HTTP/1.1" 200 3368
"GET /myapp/index/home/section HTTP/1.1" 200 4169
"GET /myapp/index/common/section HTTP/1.1" 200 3368
"GET /myapp/index/common/section HTTP/1.1" 200 3368
"GET /myapp/index/home/section HTTP/1.1" 200 4169
"GET /myapp/index/common/section HTTP/1.1" 200 3368
"GET /myapp/index/home/section HTTP/1.1" 200 4169
"GET /myapp/index/home/section HTTP/1.1" 200 4169
"GET /myapp/index/common/section HTTP/1.1" 200 3368
"GET /myapp/index/home/section HTTP/1.1" 200 4169
"GET /myapp/index/common/section HTTP/1.1" 200 3368
"GET /myapp/index/home/section HTTP/1.1" 200 4169
"GET /myapp/index/common/section HTTP/1.1" 200 3368
"GET /myapp/index/common/section HTTP/1.1" 200 3368
"GET /myapp/index/home/section HTTP/1.1" 200 4169
"GET /myapp/index/home/section HTTP/1.1" 200 4169
"GET /myapp/index/common/section HTTP/1.1" 200 3368
"GET /myapp/index/common/section HTTP/1.1" 200 3368
"GET /myapp/index/home/section HTTP/1.1" 200 4169
"GET /myapp/index/home/section HTTP/1.1" 200 4169
"GET /myapp/index/common/section HTTP/1.1" 200 3368
"GET /myapp/index/common/section HTTP/1.1" 200 3368
"GET /myapp/index/home/section HTTP/1.1" 200 4169
"GET /myapp/index/home/section HTTP/1.1" 200 4169
"GET /myapp/index/common/section HTTP/1.1" 200 3368
"GET /myapp/index/common/section HTTP/1.1" 200 3368
"GET /myapp/index/home/section HTTP/1.1" 200 4169
"GET /myapp/index/home/section HTTP/1.1" 200 4169
"GET /myapp/index/common/section HTTP/1.1" 200 3368
"GET /myapp/index/home/section HTTP/1.1" 200 4169
"GET /myapp/index/common/section HTTP/1.1" 200 3368
"GET /myapp/index/home/section HTTP/1.1" 200 4169
"GET /myapp/index/common/section HTTP/1.1" 200 3368
"GET /myapp/index/common/section HTTP/1.1" 200 3368
"GET /myapp/index/home/section HTTP/1.1" 200 4169
"GET /myapp/index/common/section HTTP/1.1" 200 3368
"GET /myapp/index/home/section HTTP/1.1" 200 4169
"GET /myapp/index/home/section HTTP/1.1" 200 4169
"GET /myapp/index/common/section HTTP/1.1" 200 3368
"GET /myapp/index/home/section HTTP/1.1" 200 4169
"GET /myapp/index/common/section HTTP/1.1" 200 3368
"GET /myapp/index/common/section HTTP/1.1" 200 3368
"GET /myapp/index/home/section HTTP/1.1" 200 4169
"GET /myapp/index/common/section HTTP/1.1" 200 3368
"GET /myapp/index/home/section HTTP/1.1" 200 4169
"GET /myapp/index/common/section HTTP/1.1" 200 3368
"GET /myapp/index/home/section HTTP/1.1" 200 4169
"GET /myapp/index/home/section HTTP/1.1" 200 4169
"GET /myapp/index/common/section HTTP/1.1" 200 3368
"GET /myapp/index/common/section HTTP/1.1" 200 3368
"GET /myapp/index/home/section HTTP/1.1" 200 4169
"GET /myapp/index/common/section HTTP/1.1" 200 3368
"GET /myapp/index/home/section HTTP/1.1" 200 4169
"GET /myapp/index/home/section HTTP/1.1" 200 4169
"GET /myapp/index/common/section HTTP/1.1" 200 3368
"GET /myapp/index/home/section HTTP/1.1" 200 4169
"GET /myapp/index/common/section HTTP/1.1" 200 3368
"GET /myapp/index/common/section HTTP/1.1" 200 3368
"GET /myapp/index/home/section HTTP/1.1" 200 4169
"GET /myapp/index/home/section HTTP/1.1" 200 4169
"GET /myapp/index/common/section HTTP/1.1" 200 3368
"GET /myapp/index/home/section HTTP/1.1" 200 4169
"GET /myapp/index/common/section HTTP/1.1" 200 3368
"GET /myapp/index/home/section HTTP/1.1" 200 4169
"GET /myapp/index/common/section HTTP/1.1" 200 3368
"GET /myapp/index/home/section HTTP/1.1" 200 4169
"GET /myapp/index/common/section HTTP/1.1" 200 3368
"GET /myapp/index/common/section HTTP/1.1" 200 3368
"GET /myapp/index/home/section HTTP/1.1" 200 4169
"GET /myapp/index/home/section HTTP/1.1" 200 4169
"GET /myapp/index/common/section HTTP/1.1" 200 3368
"GET /myapp/index/common/section HTTP/1.1" 200 3368
"GET /myapp/index/home/section HTTP/1.1" 200 4169
"GET /myapp/index/common/section HTTP/1.1" 200 3368
"GET /myapp/index/home/section HTTP/1.1" 200 4169
"GET /myapp/index/common/section HTTP/1.1" 200 3368
"GET /myapp/index/home/section HTTP/1.1" 200 4169
"GET /myapp/index/common/section HTTP/1.1" 200 3368
"GET /myapp/index/home/section HTTP/1.1" 200 4169
"GET /myapp/index/home/section HTTP/1.1" 200 4169
"GET /myapp/index/common/section HTTP/1.1" 200 3368
"GET /myapp/index/common/section HTTP/1.1" 200 3368
"GET /myapp/index/home/section HTTP/1.1" 200 4169
"GET /myapp/index/common/section HTTP/1.1" 200 3368
"GET /myapp/index/home/section HTTP/1.1" 200 4169
"GET /myapp/index/common/section HTTP/1.1" 200 3368
"GET /myapp/index/thing/detail?id=43 HTTP/1.1" 200 6763
"GET /myapp/index/common/section HTTP/1.1" 200 3368
"GET /myapp/index/thing/detail?id=44 HTTP/1.1" 200 6243
"GET /myapp/index/common/section HTTP/1.1" 200 3368
"GET /myapp/index/news/detail?id=6 HTTP/1.1" 200 29437
"GET /myapp/index/home/section HTTP/1.1" 200 4169
"GET /myapp/index/common/section HTTP/1.1" 200 3368
"GET /myapp/index/home/section HTTP/1.1" 200 4169
"GET /myapp/index/common/section HTTP/1.1" 200 3368
"GET /myapp/index/common/section HTTP/1.1" 200 3368
"GET /myapp/index/home/section HTTP/1.1" 200 4169
"GET /myapp/index/common/section HTTP/1.1" 200 3368
"GET /myapp/index/news/detail?id=7 HTTP/1.1" 200 29415
"GET /myapp/index/common/section HTTP/1.1" 200 3368
"GET /myapp/index/about/section HTTP/1.1" 200 3528
"GET /myapp/index/common/section HTTP/1.1" 200 3368
"GET /myapp/index/home/section HTTP/1.1" 200 4169
"GET /myapp/index/common/section HTTP/1.1" 200 3368
"GET /myapp/index/home/section HTTP/1.1" 200 4169
"GET /myapp/index/common/section HTTP/1.1" 200 3368
"GET /myapp/index/home/section HTTP/1.1" 200 4169
"GET /myapp/index/common/section HTTP/1.1" 200 3368
"GET /myapp/index/thing/detail?id=47 HTTP/1.1" 200 6351
"GET /myapp/index/common/section HTTP/1.1" 200 3368
"GET /myapp/index/thing/detail?id=48 HTTP/1.1" 200 6299
"GET /myapp/index/common/section HTTP/1.1" 200 3368
"GET /myapp/index/home/section HTTP/1.1" 200 4169
"GET /myapp/index/common/section HTTP/1.1" 200 3368
"GET /myapp/index/home/section HTTP/1.1" 200 4169
"GET /myapp/index/home/section HTTP/1.1" 200 4169
"GET /myapp/index/common/section HTTP/1.1" 200 3368
"GET /myapp/index/home/section HTTP/1.1" 200 4169
"GET /myapp/index/common/section HTTP/1.1" 200 3368
"GET /myapp/index/common/section HTTP/1.1" 200 3368
"GET /myapp/index/home/section HTTP/1.1" 200 4169
"GET /myapp/index/home/section HTTP/1.1" 200 4169
"GET /myapp/index/common/section HTTP/1.1" 200 3368
"GET /myapp/index/common/section HTTP/1.1" 200 3368
"GET /myapp/index/home/section HTTP/1.1" 200 4169
"GET /myapp/index/home/section HTTP/1.1" 200 4169
"GET /myapp/index/common/section HTTP/1.1" 200 3368
"GET /myapp/index/common/section HTTP/1.1" 200 3368
"GET /myapp/index/home/section HTTP/1.1" 200 4169
"GET /myapp/index/common/section HTTP/1.1" 200 3368
"GET /myapp/index/home/section HTTP/1.1" 200 4169
"GET /myapp/index/home/section HTTP/1.1" 200 4169
"GET /myapp/index/common/section HTTP/1.1" 200 3368
"GET /myapp/index/common/section HTTP/1.1" 200 3368
"GET /myapp/index/home/section HTTP/1.1" 200 4169
"GET /myapp/index/common/section HTTP/1.1" 200 3368
"GET /myapp/index/home/section HTTP/1.1" 200 4169
"GET /myapp/index/common/section HTTP/1.1" 200 3368
"GET /myapp/index/home/section HTTP/1.1" 200 4169
"GET /myapp/index/home/section HTTP/1.1" 200 4169
"GET /myapp/index/common/section HTTP/1.1" 200 3368
"GET /myapp/index/common/section HTTP/1.1" 200 3368
"GET /myapp/index/home/section HTTP/1.1" 200 4169
"GET /myapp/index/home/section HTTP/1.1" 200 4169
"GET /myapp/index/common/section HTTP/1.1" 200 3368
"GET /myapp/index/common/section HTTP/1.1" 200 3368
"GET /myapp/index/home/section HTTP/1.1" 200 4169
"GET /myapp/index/common/section HTTP/1.1" 200 3368
"GET /myapp/index/home/section HTTP/1.1" 200 4169
"GET /myapp/index/home/section HTTP/1.1" 200 4169
"GET /myapp/index/common/section HTTP/1.1" 200 3368
"GET /myapp/index/home/section HTTP/1.1" 200 4169
"GET /myapp/index/common/section HTTP/1.1" 200 3368
"GET /myapp/index/common/section HTTP/1.1" 200 3368
"GET /myapp/index/home/section HTTP/1.1" 200 4169
"GET /myapp/index/common/section HTTP/1.1" 200 3368
"GET /myapp/index/home/section HTTP/1.1" 200 4169
"GET /myapp/index/common/section HTTP/1.1" 200 3368
"GET /myapp/index/home/section HTTP/1.1" 200 4169
"GET /myapp/index/home/section HTTP/1.1" 200 4169
"GET /myapp/index/common/section HTTP/1.1" 200 3368
"GET /myapp/index/home/section HTTP/1.1" 200 4169
"GET /myapp/index/common/section HTTP/1.1" 200 3368
"GET /myapp/index/home/section HTTP/1.1" 200 4169
"GET /myapp/index/common/section HTTP/1.1" 200 3368
"GET /myapp/index/common/section HTTP/1.1" 200 3368
"GET /myapp/index/home/section HTTP/1.1" 200 4169
"GET /myapp/index/common/section HTTP/1.1" 200 3368
"GET /myapp/index/home/section HTTP/1.1" 200 4169
"GET /myapp/index/common/section HTTP/1.1" 200 3368
"GET /myapp/index/home/section HTTP/1.1" 200 4169
"GET /myapp/index/common/section HTTP/1.1" 200 3368
"GET /myapp/index/home/section HTTP/1.1" 200 4169
"GET /myapp/index/home/section HTTP/1.1" 200 4169
"GET /myapp/index/common/section HTTP/1.1" 200 3368
"GET /myapp/index/home/section HTTP/1.1" 200 4169
"GET /myapp/index/common/section HTTP/1.1" 200 3368
"GET /myapp/index/home/section HTTP/1.1" 200 4169
"GET /myapp/index/common/section HTTP/1.1" 200 3368
"GET /myapp/index/common/section HTTP/1.1" 200 3368
"GET /myapp/index/home/section HTTP/1.1" 200 4169
"GET /myapp/index/common/section HTTP/1.1" 200 3368
"GET /myapp/index/home/section HTTP/1.1" 200 4169
"GET /myapp/index/common/section HTTP/1.1" 200 3368
"GET /myapp/index/home/section HTTP/1.1" 200 4169
"GET /myapp/index/common/section HTTP/1.1" 200 3368
"GET /myapp/index/home/section HTTP/1.1" 200 4169
"GET /myapp/index/common/section HTTP/1.1" 200 3368
"GET /myapp/index/home/section HTTP/1.1" 200 4169
"GET /myapp/index/common/section HTTP/1.1" 200 3368
"GET /myapp/index/home/section HTTP/1.1" 200 4169
"GET /myapp/index/home/section HTTP/1.1" 200 4169
"GET /myapp/index/common/section HTTP/1.1" 200 3368
"GET /myapp/index/common/section HTTP/1.1" 200 3368
"GET /myapp/index/home/section HTTP/1.1" 200 4169
"GET /myapp/index/home/section HTTP/1.1" 200 4169
"GET /myapp/index/common/section HTTP/1.1" 200 3368
"GET /myapp/index/home/section HTTP/1.1" 200 4169
"GET /myapp/index/common/section HTTP/1.1" 200 3368
"GET /myapp/index/common/section HTTP/1.1" 200 3368
"GET /myapp/index/home/section HTTP/1.1" 200 4169
"GET /myapp/index/home/section HTTP/1.1" 200 4169
"GET /myapp/index/common/section HTTP/1.1" 200 3368
"GET /myapp/index/common/section HTTP/1.1" 200 3368
"GET /myapp/index/home/section HTTP/1.1" 200 4169
"GET /myapp/index/common/section HTTP/1.1" 200 3368
"GET /myapp/index/home/section HTTP/1.1" 200 4169
"GET /myapp/index/common/section HTTP/1.1" 200 3368
"GET /myapp/index/home/section HTTP/1.1" 200 4169
"GET /myapp/index/home/section HTTP/1.1" 200 4169
"GET /myapp/index/common/section HTTP/1.1" 200 3368
"GET /myapp/index/common/section HTTP/1.1" 200 3368
"GET /myapp/index/home/section HTTP/1.1" 200 4169
"GET /myapp/index/home/section HTTP/1.1" 200 4169
"GET /myapp/index/common/section HTTP/1.1" 200 3368
"GET /myapp/index/home/section HTTP/1.1" 200 4169
"GET /myapp/index/common/section HTTP/1.1" 200 3368
"GET /myapp/index/common/section HTTP/1.1" 200 3368
"GET /myapp/index/home/section HTTP/1.1" 200 4169
"GET /myapp/index/common/section HTTP/1.1" 200 3368
"GET /myapp/index/home/section HTTP/1.1" 200 4169
"GET /myapp/index/common/section HTTP/1.1" 200 3368
"GET /myapp/index/home/section HTTP/1.1" 200 4169
"GET /myapp/index/home/section HTTP/1.1" 200 4169
"GET /myapp/index/common/section HTTP/1.1" 200 3368
"GET /myapp/index/common/section HTTP/1.1" 200 3368
"GET /myapp/index/home/section HTTP/1.1" 200 4169
"GET /myapp/index/home/section HTTP/1.1" 200 4169
"GET /myapp/index/common/section HTTP/1.1" 200 3368
"GET /myapp/index/common/section HTTP/1.1" 200 3368
"GET /myapp/index/home/section HTTP/1.1" 200 4169
"GET /myapp/index/home/section HTTP/1.1" 200 4169
"GET /myapp/index/common/section HTTP/1.1" 200 3368
"GET /myapp/index/home/section HTTP/1.1" 200 4169
"GET /myapp/index/common/section HTTP/1.1" 200 3368
"GET /myapp/index/common/section HTTP/1.1" 200 3368
"GET /myapp/index/home/section HTTP/1.1" 200 4169
"GET /myapp/index/home/section HTTP/1.1" 200 4169
"GET /myapp/index/common/section HTTP/1.1" 200 3368
"GET /myapp/index/home/section HTTP/1.1" 200 4169
"GET /myapp/index/common/section HTTP/1.1" 200 3368
"GET /myapp/index/home/section HTTP/1.1" 200 4169
"GET /myapp/index/common/section HTTP/1.1" 200 3368
"GET /myapp/index/home/section HTTP/1.1" 200 4169
"GET /myapp/index/common/section HTTP/1.1" 200 3368
"GET /myapp/index/common/section HTTP/1.1" 200 3368
"GET /myapp/index/home/section HTTP/1.1" 200 4169
"GET /myapp/index/home/section HTTP/1.1" 200 4169
"GET /myapp/index/common/section HTTP/1.1" 200 3368
"GET /myapp/index/common/section HTTP/1.1" 200 3368
"GET /myapp/index/home/section HTTP/1.1" 200 4169
"GET /myapp/index/common/section HTTP/1.1" 200 3368
"GET /myapp/index/home/section HTTP/1.1" 200 4169
"GET /myapp/index/common/section HTTP/1.1" 200 3368
"GET /myapp/index/home/section HTTP/1.1" 200 4169
"GET /myapp/index/home/section HTTP/1.1" 200 4169
"GET /myapp/index/common/section HTTP/1.1" 200 3368
"GET /myapp/index/common/section HTTP/1.1" 200 3368
"GET /myapp/index/home/section HTTP/1.1" 200 4169
"GET /myapp/index/common/section HTTP/1.1" 200 3368
"GET /myapp/index/home/section HTTP/1.1" 200 4169
"GET /myapp/index/home/section HTTP/1.1" 200 4169
"GET /myapp/index/common/section HTTP/1.1" 200 3368
"GET /myapp/index/home/section HTTP/1.1" 200 4169
"GET /myapp/index/common/section HTTP/1.1" 200 3368
"GET /myapp/index/common/section HTTP/1.1" 200 3368
"GET /myapp/index/home/section HTTP/1.1" 200 4169
"GET /myapp/index/common/section HTTP/1.1" 200 3368
"GET /myapp/index/home/section HTTP/1.1" 200 4169
"GET /myapp/index/common/section HTTP/1.1" 200 3368
"GET /myapp/index/home/section HTTP/1.1" 200 4169
"GET /myapp/index/home/section HTTP/1.1" 200 4169
"GET /myapp/index/common/section HTTP/1.1" 200 3368
"GET /myapp/index/common/section HTTP/1.1" 200 3368
"GET /myapp/index/home/section HTTP/1.1" 200 4169
"GET /myapp/index/home/section HTTP/1.1" 200 4169
"GET /myapp/index/common/section HTTP/1.1" 200 3368
"GET /myapp/index/common/section HTTP/1.1" 200 3368
"GET /myapp/index/thing/detail?id=46 HTTP/1.1" 200 6249
"GET /myapp/index/common/section HTTP/1.1" 200 3368
"GET /myapp/index/thing/detail?id=45 HTTP/1.1" 200 6279
"GET /myapp/index/common/section HTTP/1.1" 200 3368
"GET /myapp/index/home/section HTTP/1.1" 200 4169
"GET /myapp/index/home/section HTTP/1.1" 200 4169
"GET /myapp/index/common/section HTTP/1.1" 200 3368
"GET /myapp/index/home/section HTTP/1.1" 200 4169
"GET /myapp/index/common/section HTTP/1.1" 200 3368
"GET /myapp/index/home/section HTTP/1.1" 200 4169
"GET /myapp/index/common/section HTTP/1.1" 200 3368
"GET /myapp/index/common/section HTTP/1.1" 200 3368
"GET /myapp/index/home/section HTTP/1.1" 200 4169
"GET /myapp/index/common/section HTTP/1.1" 200 3368
"GET /myapp/index/home/section HTTP/1.1" 200 4169
"GET /myapp/index/common/section HTTP/1.1" 200 3368
"GET /myapp/index/home/section HTTP/1.1" 200 4169
"GET /myapp/index/home/section HTTP/1.1" 200 4169
"GET /myapp/index/common/section HTTP/1.1" 200 3368
"GET /myapp/index/common/section HTTP/1.1" 200 3368
"GET /myapp/index/home/section HTTP/1.1" 200 4169
"GET /myapp/index/home/section HTTP/1.1" 200 4169
"GET /myapp/index/common/section HTTP/1.1" 200 3368
"GET /myapp/index/common/section HTTP/1.1" 200 3368
"GET /myapp/index/home/section HTTP/1.1" 200 4169
"GET /myapp/index/home/section HTTP/1.1" 200 4169
"GET /myapp/index/common/section HTTP/1.1" 200 3368
"GET /myapp/index/home/section HTTP/1.1" 200 4169
"GET /myapp/index/common/section HTTP/1.1" 200 3368
"GET /myapp/index/common/section HTTP/1.1" 200 3368
"GET /myapp/index/home/section HTTP/1.1" 200 4169
"GET /myapp/index/common/section HTTP/1.1" 200 3368
"GET /myapp/index/common/section HTTP/1.1" 200 3368
"GET /myapp/index/common/section HTTP/1.1" 200 3368
"GET /myapp/index/common/section HTTP/1.1" 200 3368
"GET /myapp/index/common/section HTTP/1.1" 200 3368
"GET /myapp/index/common/section HTTP/1.1" 200 3368
"GET /myapp/index/common/section HTTP/1.1" 200 3368
"GET /myapp/index/common/section HTTP/1.1" 200 3368
"GET /myapp/index/download/section HTTP/1.1" 200 3422
"GET /myapp/index/common/section HTTP/1.1" 200 3368
"GET /myapp/index/news/section?page=1&pageSize=9 HTTP/1.1" 200 2218
"GET /myapp/index/contact/section HTTP/1.1" 200 1757
"GET /myapp/index/thing/section?page=1&pageSize=12&categoryId=52&searchQuery= HTTP/1.1" 200 1602
"GET /myapp/index/thing/section?page=1&pageSize=12&categoryId=53&searchQuery= HTTP/1.1" 200 1602
"GET /myapp/index/about/section HTTP/1.1" 200 3528
"GET /myapp/index/common/section HTTP/1.1" 200 3368
"GET /myapp/index/thing/section?page=1&pageSize=12&categoryId=51&searchQuery= HTTP/1.1" 200 1602
"GET /myapp/index/thing/detail?id=46 HTTP/1.1" 200 6249
"GET /myapp/index/news/section?page=1&pageSize=9 HTTP/1.1" 200 2218
"GET /myapp/index/thing/detail?id=45 HTTP/1.1" 200 6279
"GET /myapp/index/common/section HTTP/1.1" 200 3368
"GET /myapp/index/thing/section?page=1&pageSize=9 HTTP/1.1" 200 3276
"GET /myapp/index/thing/detail?id=44 HTTP/1.1" 200 6243
"GET /myapp/index/thing/section?page=1&pageSize=12&categoryId=50&searchQuery= HTTP/1.1" 200 3446
"GET /myapp/index/thing/section?page=1&pageSize=9 HTTP/1.1" 200 3276
"GET /myapp/index/thing/section?page=1&pageSize=9 HTTP/1.1" 200 3276
"GET /myapp/index/common/section HTTP/1.1" 200 3368
"GET /myapp/index/common/section HTTP/1.1" 200 3368
"GET /myapp/index/common/section HTTP/1.1" 200 3368
"GET /myapp/index/common/section HTTP/1.1" 200 3368
"GET /myapp/index/thing/detail?id=43 HTTP/1.1" 200 6763
"GET /myapp/index/thing/section?page=1&pageSize=9 HTTP/1.1" 200 3276
"GET /myapp/index/thing/section?page=1&pageSize=9 HTTP/1.1" 200 3276
"GET /myapp/index/news/detail?id=5 HTTP/1.1" 200 29440
"GET /myapp/index/news/detail?id=7 HTTP/1.1" 200 29415
"GET /myapp/index/thing/section?page=1&pageSize=12&searchQuery= HTTP/1.1" 200 3446
"GET /myapp/index/news/detail?id=6 HTTP/1.1" 200 29437
"GET /myapp/index/common/section HTTP/1.1" 200 3368
"GET /myapp/index/common/section HTTP/1.1" 200 3368
"GET /myapp/index/home/section HTTP/1.1" 200 4169
"GET /myapp/index/common/section HTTP/1.1" 200 3368
"GET /myapp/index/home/section HTTP/1.1" 200 4169
"GET /myapp/index/common/section HTTP/1.1" 200 3368
"GET /myapp/index/home/section HTTP/1.1" 200 4169
"GET /myapp/index/home/section HTTP/1.1" 200 4169
"GET /myapp/index/common/section HTTP/1.1" 200 3368
"GET /myapp/index/home/section HTTP/1.1" 200 4169
"GET /myapp/index/common/section HTTP/1.1" 200 3368
"GET /myapp/index/common/section HTTP/1.1" 200 3368
"GET /myapp/index/home/section HTTP/1.1" 200 4169
"GET /myapp/index/common/section HTTP/1.1" 200 3368
"GET /myapp/index/home/section HTTP/1.1" 200 4169
"GET /myapp/index/common/section HTTP/1.1" 200 3368
"GET /myapp/index/home/section HTTP/1.1" 200 4169
"GET /myapp/index/common/section HTTP/1.1" 200 3368
"GET /myapp/index/home/section HTTP/1.1" 200 4169
"GET /myapp/index/home/section HTTP/1.1" 200 4169
"GET /myapp/index/common/section HTTP/1.1" 200 3368
"GET /myapp/index/common/section HTTP/1.1" 200 3368
"GET /myapp/index/home/section HTTP/1.1" 200 4169
"GET /myapp/index/common/section HTTP/1.1" 200 3368
"GET /myapp/index/home/section HTTP/1.1" 200 4169
"GET /myapp/index/common/section HTTP/1.1" 200 3368
"GET /myapp/index/home/section HTTP/1.1" 200 4169
"GET /myapp/index/home/section HTTP/1.1" 200 4169
"GET /myapp/index/common/section HTTP/1.1" 200 3368
"GET /myapp/index/common/section HTTP/1.1" 200 3368
"GET /myapp/index/home/section HTTP/1.1" 200 4169
"GET /myapp/index/home/section HTTP/1.1" 200 4169
"GET /myapp/index/common/section HTTP/1.1" 200 3368
"GET /myapp/index/common/section HTTP/1.1" 200 3368
"GET /myapp/index/home/section HTTP/1.1" 200 4169
"GET /myapp/index/home/section HTTP/1.1" 200 4169
"GET /myapp/index/common/section HTTP/1.1" 200 3368
"GET /myapp/index/common/section HTTP/1.1" 200 3368
"GET /myapp/index/home/section HTTP/1.1" 200 4169
"GET /myapp/index/common/section HTTP/1.1" 200 3368
"GET /myapp/index/home/section HTTP/1.1" 200 4169
"GET /myapp/index/home/section HTTP/1.1" 200 4169
"GET /myapp/index/common/section HTTP/1.1" 200 3368
"GET /myapp/index/home/section HTTP/1.1" 200 4169
"GET /myapp/index/common/section HTTP/1.1" 200 3368
"GET /myapp/index/common/section HTTP/1.1" 200 3368
"GET /myapp/index/home/section HTTP/1.1" 200 4169
"GET /myapp/index/home/section HTTP/1.1" 200 4169
"GET /myapp/index/common/section HTTP/1.1" 200 3368
"GET /myapp/index/common/section HTTP/1.1" 200 3368
"GET /myapp/index/home/section HTTP/1.1" 200 4169
"GET /myapp/index/home/section HTTP/1.1" 200 4169
"GET /myapp/index/common/section HTTP/1.1" 200 3368
"GET /myapp/index/home/section HTTP/1.1" 200 4169
"GET /myapp/index/common/section HTTP/1.1" 200 3368
"GET /myapp/index/common/section HTTP/1.1" 200 3368
"GET /myapp/index/home/section HTTP/1.1" 200 4169
"GET /myapp/index/common/section HTTP/1.1" 200 3368
"GET /myapp/index/home/section HTTP/1.1" 200 4169
"GET /myapp/index/home/section HTTP/1.1" 200 4169
"GET /myapp/index/common/section HTTP/1.1" 200 3368
"GET /myapp/index/home/section HTTP/1.1" 200 4169
"GET /myapp/index/common/section HTTP/1.1" 200 3368
"GET /myapp/index/common/section HTTP/1.1" 200 3368
"GET /myapp/index/home/section HTTP/1.1" 200 4169
"GET /myapp/index/common/section HTTP/1.1" 200 3368
"GET /myapp/index/home/section HTTP/1.1" 200 4169
"GET /myapp/index/home/section HTTP/1.1" 200 4169
"GET /myapp/index/common/section HTTP/1.1" 200 3368
"GET /myapp/index/home/section HTTP/1.1" 200 4169
"GET /myapp/index/common/section HTTP/1.1" 200 3368
"GET /myapp/index/common/section HTTP/1.1" 200 3368
"GET /myapp/index/home/section HTTP/1.1" 200 4169
"GET /myapp/index/common/section HTTP/1.1" 200 3368
"GET /myapp/index/home/section HTTP/1.1" 200 4169
"GET /myapp/index/home/section HTTP/1.1" 200 4169
"GET /myapp/index/common/section HTTP/1.1" 200 3368
"GET /myapp/index/home/section HTTP/1.1" 200 4169
"GET /myapp/index/common/section HTTP/1.1" 200 3368
"GET /myapp/index/home/section HTTP/1.1" 200 4169
"GET /myapp/index/common/section HTTP/1.1" 200 3368
"GET /myapp/index/home/section HTTP/1.1" 200 4169
"GET /myapp/index/common/section HTTP/1.1" 200 3368
"GET /myapp/index/home/section HTTP/1.1" 200 4169
"GET /myapp/index/common/section HTTP/1.1" 200 3368
Forbidden: /myapp/admin/basicSite/list
"GET /myapp/admin/basicSite/list HTTP/1.0" 403 30
"GET /myapp/admin/basicGlobal/listInfo HTTP/1.0" 200 611
"GET /myapp/index/home/section HTTP/1.1" 200 4169
"GET /myapp/index/common/section HTTP/1.1" 200 3368
"POST /myapp/admin/adminLogin HTTP/1.0" 200 328
"GET /myapp/index/common/section HTTP/1.1" 200 3368
"GET /myapp/index/home/section HTTP/1.1" 200 4169
"GET /myapp/index/common/section HTTP/1.1" 200 3368
"GET /myapp/index/home/section HTTP/1.1" 200 4169
"GET /myapp/admin/overview/count?days=7 HTTP/1.0" 200 368
"GET /myapp/admin/overview/dataCount HTTP/1.0" 200 135
"GET /myapp/admin/overview/count?days=30 HTTP/1.0" 200 1046
"GET /myapp/index/thing/section?page=1&pageSize=12&searchQuery= HTTP/1.1" 200 3446
"GET /myapp/index/thing/section?page=1&pageSize=9 HTTP/1.1" 200 3276
"GET /myapp/index/about/section HTTP/1.1" 200 3528
"GET /myapp/index/news/section?page=1&pageSize=9 HTTP/1.1" 200 2218
"GET /myapp/index/news/section?page=1&pageSize=9 HTTP/1.1" 200 2218
"GET /myapp/index/home/section HTTP/1.1" 200 4169
"GET /myapp/index/download/section HTTP/1.1" 200 3422
"GET /myapp/index/contact/section HTTP/1.1" 200 1757
"GET /myapp/index/thing/section?page=1&pageSize=12&searchQuery= HTTP/1.1" 200 3446
"GET /myapp/index/thing/section?page=1&pageSize=9 HTTP/1.1" 200 3276
"GET /myapp/admin/inquiry/list?page=1&pageSize=10 HTTP/1.0" 200 1827
"GET /myapp/index/home/section HTTP/1.1" 200 4169
"GET /myapp/index/common/section HTTP/1.1" 200 3368
"GET /myapp/index/common/section HTTP/1.1" 200 3368
"GET /myapp/index/home/section HTTP/1.1" 200 4169
"GET /myapp/index/home/section HTTP/1.1" 200 4169
"GET /myapp/index/common/section HTTP/1.1" 200 3368
"GET /myapp/index/common/section HTTP/1.1" 200 3368
"GET /myapp/index/home/section HTTP/1.1" 200 4169
"GET /myapp/index/common/section HTTP/1.1" 200 3368
"GET /myapp/index/home/section HTTP/1.1" 200 4169
"GET /myapp/index/common/section HTTP/1.1" 200 3368
"GET /myapp/index/home/section HTTP/1.1" 200 4169
"GET /myapp/index/common/section HTTP/1.1" 200 3368
"GET /myapp/index/home/section HTTP/1.1" 200 4169
"GET /myapp/index/common/section HTTP/1.1" 200 3368
"GET /myapp/index/home/section HTTP/1.1" 200 4169
"GET /myapp/index/common/section HTTP/1.1" 200 3368
"GET /myapp/index/home/section HTTP/1.1" 200 4169
"GET /myapp/index/common/section HTTP/1.1" 200 3368
"GET /myapp/index/home/section HTTP/1.1" 200 4169
"GET /myapp/index/common/section HTTP/1.1" 200 3368
"GET /myapp/index/home/section HTTP/1.1" 200 4169
"GET /myapp/index/common/section HTTP/1.1" 200 3368
"GET /myapp/index/home/section HTTP/1.1" 200 4169
"GET /myapp/index/common/section HTTP/1.1" 200 3368
"GET /myapp/index/home/section HTTP/1.1" 200 4169
"GET /myapp/index/common/section HTTP/1.1" 200 3368
"GET /myapp/index/home/section HTTP/1.1" 200 4169
"GET /myapp/index/home/section HTTP/1.1" 200 4169
"GET /myapp/index/common/section HTTP/1.1" 200 3368
"GET /myapp/index/home/section HTTP/1.1" 200 4169
"GET /myapp/index/common/section HTTP/1.1" 200 3368
"GET /myapp/index/home/section HTTP/1.1" 200 4169
"GET /myapp/index/common/section HTTP/1.1" 200 3368
"GET /myapp/index/home/section HTTP/1.1" 200 4169
"GET /myapp/index/common/section HTTP/1.1" 200 3368
"GET /myapp/index/common/section HTTP/1.1" 200 3368
"GET /myapp/index/home/section HTTP/1.1" 200 4169
"GET /myapp/index/home/section HTTP/1.1" 200 4169
"GET /myapp/index/common/section HTTP/1.1" 200 3368
"GET /myapp/index/common/section HTTP/1.1" 200 3368
"GET /myapp/index/home/section HTTP/1.1" 200 4169
"GET /myapp/index/common/section HTTP/1.1" 200 3368
"GET /myapp/index/home/section HTTP/1.1" 200 4169
"GET /myapp/index/common/section HTTP/1.1" 200 3368
"GET /myapp/index/home/section HTTP/1.1" 200 4169
"GET /myapp/index/home/section HTTP/1.1" 200 4169
"GET /myapp/index/common/section HTTP/1.1" 200 3368
"GET /myapp/index/home/section HTTP/1.1" 200 4169
"GET /myapp/index/common/section HTTP/1.1" 200 3368
"GET /myapp/index/common/section HTTP/1.1" 200 3368
"GET /myapp/index/home/section HTTP/1.1" 200 4169
"GET /myapp/index/common/section HTTP/1.1" 200 3368
"GET /myapp/index/home/section HTTP/1.1" 200 4169
"GET /myapp/index/home/section HTTP/1.1" 200 4169
"GET /myapp/index/common/section HTTP/1.1" 200 3368
"GET /myapp/index/home/section HTTP/1.1" 200 4169
"GET /myapp/index/common/section HTTP/1.1" 200 3368
"GET /myapp/index/common/section HTTP/1.1" 200 3368
"GET /myapp/index/home/section HTTP/1.1" 200 4169
"GET /myapp/index/home/section HTTP/1.1" 200 4169
"GET /myapp/index/common/section HTTP/1.1" 200 3368
"GET /myapp/index/common/section HTTP/1.1" 200 3368
"GET /myapp/index/home/section HTTP/1.1" 200 4169
"GET /myapp/index/home/section HTTP/1.1" 200 4169
"GET /myapp/index/common/section HTTP/1.1" 200 3368
"GET /myapp/index/common/section HTTP/1.1" 200 3368
"GET /myapp/index/home/section HTTP/1.1" 200 4169
"GET /myapp/index/common/section HTTP/1.1" 200 3368
"GET /myapp/index/home/section HTTP/1.1" 200 4169
"GET /myapp/index/common/section HTTP/1.1" 200 3368
"GET /myapp/index/home/section HTTP/1.1" 200 4169
"GET /myapp/index/home/section HTTP/1.1" 200 4169
"GET /myapp/index/common/section HTTP/1.1" 200 3368
"GET /myapp/index/common/section HTTP/1.1" 200 3368
"GET /myapp/index/home/section HTTP/1.1" 200 4169
"GET /myapp/index/home/section HTTP/1.1" 200 4169
"GET /myapp/index/common/section HTTP/1.1" 200 3368
"GET /myapp/index/common/section HTTP/1.1" 200 3368
"GET /myapp/index/home/section HTTP/1.1" 200 4169
"GET /myapp/index/common/section HTTP/1.1" 200 3368
"GET /myapp/index/home/section HTTP/1.1" 200 4169
"GET /myapp/index/common/section HTTP/1.1" 200 3368
"GET /myapp/index/home/section HTTP/1.1" 200 4169
"GET /myapp/index/home/section HTTP/1.1" 200 4169
"GET /myapp/index/common/section HTTP/1.1" 200 3368
"GET /myapp/index/home/section HTTP/1.1" 200 4169
"GET /myapp/index/common/section HTTP/1.1" 200 3368
"GET /myapp/index/home/section HTTP/1.1" 200 4169
"GET /myapp/index/common/section HTTP/1.1" 200 3368
"GET /myapp/index/common/section HTTP/1.1" 200 3368
"GET /myapp/index/about/section HTTP/1.1" 200 3528
"GET /myapp/index/home/section HTTP/1.1" 200 4169
"GET /myapp/index/common/section HTTP/1.1" 200 3368
"GET /myapp/index/common/section HTTP/1.1" 200 3368
"GET /myapp/index/home/section HTTP/1.1" 200 4169
"GET /myapp/index/common/section HTTP/1.1" 200 3368
"GET /myapp/index/home/section HTTP/1.1" 200 4169
"GET /myapp/index/common/section HTTP/1.1" 200 3368
"GET /myapp/index/home/section HTTP/1.1" 200 4169
"GET /myapp/index/home/section HTTP/1.1" 200 4169
"GET /myapp/index/common/section HTTP/1.1" 200 3368
"GET /myapp/index/common/section HTTP/1.1" 200 3368
"GET /myapp/index/home/section HTTP/1.1" 200 4169
"GET /myapp/index/common/section HTTP/1.1" 200 3368
"GET /myapp/index/home/section HTTP/1.1" 200 4169
"GET /myapp/index/common/section HTTP/1.1" 200 3368
"GET /myapp/index/home/section HTTP/1.1" 200 4169
"GET /myapp/index/common/section HTTP/1.1" 200 3368
"GET /myapp/index/home/section HTTP/1.1" 200 4169
"GET /myapp/index/common/section HTTP/1.1" 200 3368
"GET /myapp/index/home/section HTTP/1.1" 200 4169
"GET /myapp/index/home/section HTTP/1.1" 200 4169
"GET /myapp/index/common/section HTTP/1.1" 200 3368
"GET /myapp/index/home/section HTTP/1.1" 200 4169
"GET /myapp/index/common/section HTTP/1.1" 200 3368
"GET /myapp/index/home/section HTTP/1.1" 200 4169
"GET /myapp/index/common/section HTTP/1.1" 200 3368
"GET /myapp/index/common/section HTTP/1.1" 200 3368
"GET /myapp/index/home/section HTTP/1.1" 200 4169
"GET /myapp/index/common/section HTTP/1.1" 200 3368
"GET /myapp/index/home/section HTTP/1.1" 200 4169
"GET /myapp/index/common/section HTTP/1.1" 200 3368
"GET /myapp/index/thing/detail?id=46 HTTP/1.1" 200 6249
"GET /myapp/index/common/section HTTP/1.1" 200 3368
"GET /myapp/index/home/section HTTP/1.1" 200 4169
"GET /myapp/index/home/section HTTP/1.1" 200 4169
"GET /myapp/index/common/section HTTP/1.1" 200 3368
"GET /myapp/index/common/section HTTP/1.1" 200 3368
"GET /myapp/index/home/section HTTP/1.1" 200 4169
"GET /myapp/index/home/section HTTP/1.1" 200 4169
"GET /myapp/index/common/section HTTP/1.1" 200 3368
"GET /myapp/index/common/section HTTP/1.1" 200 3368
"GET /myapp/index/home/section HTTP/1.1" 200 4169
"GET /myapp/index/common/section HTTP/1.1" 200 3368
"GET /myapp/index/home/section HTTP/1.1" 200 4169
"GET /myapp/index/home/section HTTP/1.1" 200 4169
"GET /myapp/index/common/section HTTP/1.1" 200 3368
"GET /myapp/index/common/section HTTP/1.1" 200 3368
"GET /myapp/index/home/section HTTP/1.1" 200 4169
"GET /myapp/index/common/section HTTP/1.1" 200 3368
"GET /myapp/index/home/section HTTP/1.1" 200 4169
"GET /myapp/index/common/section HTTP/1.1" 200 3368
"GET /myapp/index/home/section HTTP/1.1" 200 4169
"GET /myapp/index/home/section HTTP/1.1" 200 4169
"GET /myapp/index/common/section HTTP/1.1" 200 3368
"GET /myapp/index/home/section HTTP/1.1" 200 4169
"GET /myapp/index/common/section HTTP/1.1" 200 3368
"GET /myapp/index/common/section HTTP/1.1" 200 3368
"GET /myapp/index/home/section HTTP/1.1" 200 4169
"GET /myapp/index/common/section HTTP/1.1" 200 3368
"GET /myapp/index/home/section HTTP/1.1" 200 4169
"GET /myapp/index/common/section HTTP/1.1" 200 3368
"GET /myapp/index/home/section HTTP/1.1" 200 4169
"GET /myapp/index/common/section HTTP/1.1" 200 3368
"GET /myapp/index/home/section HTTP/1.1" 200 4169
"GET /myapp/index/home/section HTTP/1.1" 200 4169
"GET /myapp/index/common/section HTTP/1.1" 200 3368
"GET /myapp/index/home/section HTTP/1.1" 200 4169
"GET /myapp/index/common/section HTTP/1.1" 200 3368
"GET /myapp/index/common/section HTTP/1.1" 200 3368
"GET /myapp/index/home/section HTTP/1.1" 200 4169
"GET /myapp/index/common/section HTTP/1.1" 200 3368
"GET /myapp/index/home/section HTTP/1.1" 200 4169
"GET /myapp/index/common/section HTTP/1.1" 200 3368
"GET /myapp/index/home/section HTTP/1.1" 200 4169
"GET /myapp/index/home/section HTTP/1.1" 200 4169
"GET /myapp/index/common/section HTTP/1.1" 200 3368
"GET /myapp/index/home/section HTTP/1.1" 200 4169
"GET /myapp/index/common/section HTTP/1.1" 200 3368
"GET /myapp/index/home/section HTTP/1.1" 200 4169
"GET /myapp/index/common/section HTTP/1.1" 200 3368
"GET /myapp/index/common/section HTTP/1.1" 200 3368
"GET /myapp/index/home/section HTTP/1.1" 200 4169
"GET /myapp/index/home/section HTTP/1.1" 200 4169
"GET /myapp/index/common/section HTTP/1.1" 200 3368
"GET /myapp/index/common/section HTTP/1.1" 200 3368
"GET /myapp/index/home/section HTTP/1.1" 200 4169
"GET /myapp/index/home/section HTTP/1.1" 200 4169
"GET /myapp/index/common/section HTTP/1.1" 200 3368
"GET /myapp/index/home/section HTTP/1.1" 200 4169
"GET /myapp/index/common/section HTTP/1.1" 200 3368
"GET /myapp/index/common/section HTTP/1.1" 200 3368
"GET /myapp/index/home/section HTTP/1.1" 200 4169
"GET /myapp/index/common/section HTTP/1.1" 200 3368
"GET /myapp/index/home/section HTTP/1.1" 200 4169
"GET /myapp/index/common/section HTTP/1.1" 200 3368
"GET /myapp/index/home/section HTTP/1.1" 200 4169
"GET /myapp/index/home/section HTTP/1.1" 200 4169
"GET /myapp/index/common/section HTTP/1.1" 200 3368
"GET /myapp/index/home/section HTTP/1.1" 200 4169
"GET /myapp/index/common/section HTTP/1.1" 200 3368
"GET /myapp/index/home/section HTTP/1.1" 200 4169
"GET /myapp/index/common/section HTTP/1.1" 200 3368
"GET /myapp/index/common/section HTTP/1.1" 200 3368
"GET /myapp/index/home/section HTTP/1.1" 200 4169
"GET /myapp/index/home/section HTTP/1.1" 200 4169
"GET /myapp/index/common/section HTTP/1.1" 200 3368
"GET /myapp/index/home/section HTTP/1.1" 200 4169
"GET /myapp/index/common/section HTTP/1.1" 200 3368
"GET /myapp/index/common/section HTTP/1.1" 200 3368
"GET /myapp/index/home/section HTTP/1.1" 200 4169
"GET /myapp/index/home/section HTTP/1.1" 200 4169
"GET /myapp/index/common/section HTTP/1.1" 200 3368
"GET /myapp/index/common/section HTTP/1.1" 200 3368
"GET /myapp/index/home/section HTTP/1.1" 200 4169
"GET /myapp/index/home/section HTTP/1.1" 200 4169
"GET /myapp/index/common/section HTTP/1.1" 200 3368
"GET /myapp/index/home/section HTTP/1.1" 200 4169
"GET /myapp/index/common/section HTTP/1.1" 200 3368
"GET /myapp/index/common/section HTTP/1.1" 200 3368
"GET /myapp/index/home/section HTTP/1.1" 200 4169
"GET /myapp/index/home/section HTTP/1.1" 200 4169
"GET /myapp/index/common/section HTTP/1.1" 200 3368
"GET /myapp/index/home/section HTTP/1.1" 200 4169
"GET /myapp/index/common/section HTTP/1.1" 200 3368
"GET /myapp/index/common/section HTTP/1.1" 200 3368
"GET /myapp/index/home/section HTTP/1.1" 200 4169
"GET /myapp/index/home/section HTTP/1.1" 200 4169
"GET /myapp/index/common/section HTTP/1.1" 200 3368
"GET /myapp/index/common/section HTTP/1.1" 200 3368
"GET /myapp/index/home/section HTTP/1.1" 200 4169
"GET /myapp/index/home/section HTTP/1.1" 200 4169
"GET /myapp/index/common/section HTTP/1.1" 200 3368
"GET /myapp/index/common/section HTTP/1.1" 200 3368
"GET /myapp/index/home/section HTTP/1.1" 200 4169
"GET /myapp/index/common/section HTTP/1.1" 200 3368
"GET /myapp/index/home/section HTTP/1.1" 200 4169
"GET /myapp/index/home/section HTTP/1.1" 200 4169
"GET /myapp/index/common/section HTTP/1.1" 200 3368
"GET /myapp/index/common/section HTTP/1.1" 200 3368
"GET /myapp/index/home/section HTTP/1.1" 200 4169
"GET /myapp/index/common/section HTTP/1.1" 200 3368
"GET /myapp/index/home/section HTTP/1.1" 200 4169
"GET /myapp/index/common/section HTTP/1.1" 200 3368
"GET /myapp/index/home/section HTTP/1.1" 200 4169
"GET /myapp/index/home/section HTTP/1.1" 200 4169
"GET /myapp/index/common/section HTTP/1.1" 200 3368
"GET /myapp/index/common/section HTTP/1.1" 200 3368
"GET /myapp/index/home/section HTTP/1.1" 200 4169
"GET /myapp/index/common/section HTTP/1.1" 200 3368
"GET /myapp/index/home/section HTTP/1.1" 200 4169
"GET /myapp/index/common/section HTTP/1.1" 200 3368
"GET /myapp/index/home/section HTTP/1.1" 200 4169
"GET /myapp/index/home/section HTTP/1.1" 200 4169
"GET /myapp/index/common/section HTTP/1.1" 200 3368
"GET /myapp/index/home/section HTTP/1.1" 200 4169
"GET /myapp/index/common/section HTTP/1.1" 200 3368
"GET /myapp/index/common/section HTTP/1.1" 200 3368
"GET /myapp/index/home/section HTTP/1.1" 200 4169
"GET /myapp/index/home/section HTTP/1.1" 200 4169
"GET /myapp/index/common/section HTTP/1.1" 200 3368
"GET /myapp/index/common/section HTTP/1.1" 200 3368
"GET /myapp/index/home/section HTTP/1.1" 200 4169
"GET /myapp/index/home/section HTTP/1.1" 200 4169
"GET /myapp/index/common/section HTTP/1.1" 200 3368
"GET /myapp/index/home/section HTTP/1.1" 200 4169
"GET /myapp/index/common/section HTTP/1.1" 200 3368
"GET /myapp/index/common/section HTTP/1.1" 200 3368
"GET /myapp/index/home/section HTTP/1.1" 200 4169
"GET /myapp/index/common/section HTTP/1.1" 200 3368
"GET /myapp/index/home/section HTTP/1.1" 200 4169
"GET /myapp/index/home/section HTTP/1.1" 200 4169
"GET /myapp/index/common/section HTTP/1.1" 200 3368
"GET /myapp/index/common/section HTTP/1.1" 200 3368
"GET /myapp/index/home/section HTTP/1.1" 200 4169
"GET /myapp/index/common/section HTTP/1.1" 200 3368
"GET /myapp/index/home/section HTTP/1.1" 200 4169
"GET /myapp/index/common/section HTTP/1.1" 200 3368
"GET /myapp/index/home/section HTTP/1.1" 200 4169
"GET /myapp/index/common/section HTTP/1.1" 200 3368
"GET /myapp/index/home/section HTTP/1.1" 200 4169
"GET /myapp/index/common/section HTTP/1.1" 200 3368
"GET /myapp/index/home/section HTTP/1.1" 200 4169
"GET /myapp/index/common/section HTTP/1.1" 200 3368
"GET /myapp/index/home/section HTTP/1.1" 200 4169
"GET /myapp/index/common/section HTTP/1.1" 200 3368
"GET /myapp/index/home/section HTTP/1.1" 200 4169
"GET /myapp/index/common/section HTTP/1.1" 200 3368
"GET /myapp/index/home/section HTTP/1.1" 200 4169
"GET /myapp/index/common/section HTTP/1.1" 200 3368
"GET /myapp/index/home/section HTTP/1.1" 200 4169
"GET /myapp/index/home/section HTTP/1.1" 200 4169
"GET /myapp/index/common/section HTTP/1.1" 200 3368
"GET /myapp/index/home/section HTTP/1.1" 200 4169
"GET /myapp/index/common/section HTTP/1.1" 200 3368
"GET /myapp/index/home/section HTTP/1.1" 200 4169
"GET /myapp/index/common/section HTTP/1.1" 200 3368
"GET /myapp/index/common/section HTTP/1.1" 200 3368
"GET /myapp/index/home/section HTTP/1.1" 200 4169
"GET /myapp/index/common/section HTTP/1.1" 200 3368
"GET /myapp/index/thing/detail?id=45 HTTP/1.1" 200 6279
"GET /myapp/index/common/section HTTP/1.1" 200 3368
"GET /myapp/index/thing/section?page=1&pageSize=9 HTTP/1.1" 200 3276
"GET /myapp/index/thing/section?page=1&pageSize=12&categoryId=50&searchQuery= HTTP/1.1" 200 3446
"GET /myapp/index/common/section HTTP/1.1" 200 3368
"GET /myapp/index/home/section HTTP/1.1" 200 4169
"GET /myapp/index/home/section HTTP/1.1" 200 4169
"GET /myapp/index/common/section HTTP/1.1" 200 3368
"GET /myapp/index/common/section HTTP/1.1" 200 3368
"GET /myapp/index/thing/section?page=1&pageSize=12&categoryId=51&searchQuery= HTTP/1.1" 200 1602
"GET /myapp/index/thing/section?page=1&pageSize=9 HTTP/1.1" 200 3276
"GET /myapp/index/common/section HTTP/1.1" 200 3368
"GET /myapp/index/news/detail?id=7 HTTP/1.1" 200 29415
"GET /myapp/index/home/section HTTP/1.1" 200 4169
"GET /myapp/index/common/section HTTP/1.1" 200 3368
"GET /myapp/index/common/section HTTP/1.1" 200 3368
"GET /myapp/index/thing/section?page=1&pageSize=12&categoryId=53&searchQuery= HTTP/1.1" 200 1602
"GET /myapp/index/thing/section?page=1&pageSize=9 HTTP/1.1" 200 3276
"GET /myapp/index/common/section HTTP/1.1" 200 3368
"GET /myapp/index/home/section HTTP/1.1" 200 4169
"GET /myapp/index/home/section HTTP/1.1" 200 4169
"GET /myapp/index/common/section HTTP/1.1" 200 3368
"GET /myapp/index/common/section HTTP/1.1" 200 3368
"GET /myapp/index/news/detail?id=5 HTTP/1.1" 200 29440
"GET /myapp/index/home/section HTTP/1.1" 200 4169
"GET /myapp/index/common/section HTTP/1.1" 200 3368
"GET /myapp/index/home/section HTTP/1.1" 200 4169
"GET /myapp/index/common/section HTTP/1.1" 200 3368
"GET /myapp/index/common/section HTTP/1.1" 200 3368
"GET /myapp/index/thing/section?page=1&pageSize=12&categoryId=52&searchQuery= HTTP/1.1" 200 1602
"GET /myapp/index/thing/section?page=1&pageSize=9 HTTP/1.1" 200 3276
"GET /myapp/index/common/section HTTP/1.1" 200 3368
"GET /myapp/index/home/section HTTP/1.1" 200 4169
"GET /myapp/index/common/section HTTP/1.1" 200 3368
Not Found: /myapp/index/thing/section
"GET /myapp/index/thing/section?page=2&pageSize=12&categoryId=50&searchQuery= HTTP/1.1" 404 28
"GET /myapp/index/thing/section?page=1&pageSize=9 HTTP/1.1" 200 3276
"GET /myapp/index/thing/section?page=1&pageSize=9 HTTP/1.1" 200 3276
"GET /myapp/index/common/section HTTP/1.1" 200 3368
"GET /myapp/index/home/section HTTP/1.1" 200 4169
"GET /myapp/index/common/section HTTP/1.1" 200 3368
"GET /myapp/index/contact/section HTTP/1.1" 200 1757
"GET /myapp/index/common/section HTTP/1.1" 200 3368
"GET /myapp/index/thing/detail?id=47 HTTP/1.1" 200 6351
"GET /myapp/index/common/section HTTP/1.1" 200 3368
"GET /myapp/index/thing/detail?id=52 HTTP/1.1" 200 6232
"GET /myapp/index/common/section HTTP/1.1" 200 3368
"GET /myapp/index/thing/detail?id=49 HTTP/1.1" 200 6308
"GET /myapp/index/common/section HTTP/1.1" 200 3368
"GET /myapp/index/thing/detail?id=48 HTTP/1.1" 200 6299
"GET /myapp/index/home/section HTTP/1.1" 200 4169
"GET /myapp/index/common/section HTTP/1.1" 200 3368
"GET /myapp/index/common/section HTTP/1.1" 200 3368
"GET /myapp/index/home/section HTTP/1.1" 200 4169
"GET /myapp/index/common/section HTTP/1.1" 200 3368
"GET /myapp/index/home/section HTTP/1.1" 200 4169
"GET /myapp/index/home/section HTTP/1.1" 200 4169
"GET /myapp/index/common/section HTTP/1.1" 200 3368
"GET /myapp/index/home/section HTTP/1.1" 200 4169
"GET /myapp/index/common/section HTTP/1.1" 200 3368
"GET /myapp/index/common/section HTTP/1.1" 200 3368
"GET /myapp/index/thing/section?page=1&pageSize=12&categoryId=53&searchQuery= HTTP/1.1" 200 1602
"GET /myapp/index/thing/section?page=1&pageSize=9 HTTP/1.1" 200 3276
"GET /myapp/index/common/section HTTP/1.1" 200 3368
"GET /myapp/index/thing/section?page=1&pageSize=12&categoryId=50&searchQuery= HTTP/1.1" 200 3446
"GET /myapp/index/thing/section?page=1&pageSize=9 HTTP/1.1" 200 3276
"GET /myapp/index/common/section HTTP/1.1" 200 3368
"GET /myapp/index/home/section HTTP/1.1" 200 4169
"GET /myapp/index/common/section HTTP/1.1" 200 3368
"GET /myapp/index/thing/section?page=1&pageSize=12&categoryId=51&searchQuery= HTTP/1.1" 200 1602
"GET /myapp/index/thing/section?page=1&pageSize=9 HTTP/1.1" 200 3276
"GET /myapp/index/common/section HTTP/1.1" 200 3368
"GET /myapp/index/thing/section?page=1&pageSize=12&categoryId=52&searchQuery= HTTP/1.1" 200 1602
"GET /myapp/index/thing/section?page=1&pageSize=9 HTTP/1.1" 200 3276
"GET /myapp/index/common/section HTTP/1.1" 200 3368
"GET /myapp/index/home/section HTTP/1.1" 200 4169
"GET /myapp/index/common/section HTTP/1.1" 200 3368
Not Found: /myapp/index/thing/section
"GET /myapp/index/thing/section?page=2&pageSize=12&categoryId=50&searchQuery= HTTP/1.1" 404 28
"GET /myapp/index/thing/section?page=1&pageSize=9 HTTP/1.1" 200 3276
"GET /myapp/index/thing/section?page=1&pageSize=9 HTTP/1.1" 200 3276
"GET /myapp/index/common/section HTTP/1.1" 200 3368
"GET /myapp/index/thing/section?page=1&pageSize=9 HTTP/1.1" 200 3276
"GET /myapp/index/thing/section?page=1&pageSize=12&categoryId=50&searchQuery= HTTP/1.1" 200 3446
"GET /myapp/index/common/section HTTP/1.1" 200 3368
"GET /myapp/index/home/section HTTP/1.1" 200 4169
"GET /myapp/index/home/section HTTP/1.1" 200 4169
"GET /myapp/index/common/section HTTP/1.1" 200 3368
"GET /myapp/index/home/section HTTP/1.1" 200 4169
"GET /myapp/index/common/section HTTP/1.1" 200 3368
"GET /myapp/index/common/section HTTP/1.1" 200 3368
"GET /myapp/index/home/section HTTP/1.1" 200 4169
"GET /myapp/index/common/section HTTP/1.1" 200 3368
"GET /myapp/index/home/section HTTP/1.1" 200 4169
"GET /myapp/index/home/section HTTP/1.1" 200 4169
"GET /myapp/index/common/section HTTP/1.1" 200 3368
"GET /myapp/index/home/section HTTP/1.1" 200 4169
"GET /myapp/index/common/section HTTP/1.1" 200 3368
"GET /myapp/index/common/section HTTP/1.1" 200 3368
"GET /myapp/index/home/section HTTP/1.1" 200 4169
"GET /myapp/index/home/section HTTP/1.1" 200 4169
"GET /myapp/index/common/section HTTP/1.1" 200 3368
"GET /myapp/index/common/section HTTP/1.1" 200 3368
"GET /myapp/index/home/section HTTP/1.1" 200 4169
"GET /myapp/index/home/section HTTP/1.1" 200 4169
"GET /myapp/index/common/section HTTP/1.1" 200 3368
"GET /myapp/index/common/section HTTP/1.1" 200 3368
"GET /myapp/index/home/section HTTP/1.1" 200 4169
"GET /myapp/index/common/section HTTP/1.1" 200 3368
"GET /myapp/index/home/section HTTP/1.1" 200 4169
"GET /myapp/index/common/section HTTP/1.1" 200 3368
"GET /myapp/index/home/section HTTP/1.1" 200 4169
"GET /myapp/index/home/section HTTP/1.1" 200 4169
"GET /myapp/index/common/section HTTP/1.1" 200 3368
"GET /myapp/index/home/section HTTP/1.1" 200 4169
"GET /myapp/index/common/section HTTP/1.1" 200 3368
"GET /myapp/index/common/section HTTP/1.1" 200 3368
"GET /myapp/index/home/section HTTP/1.1" 200 4169
"GET /myapp/index/home/section HTTP/1.1" 200 4169
"GET /myapp/index/common/section HTTP/1.1" 200 3368
"GET /myapp/index/common/section HTTP/1.1" 200 3368
"GET /myapp/index/home/section HTTP/1.1" 200 4169
"GET /myapp/index/home/section HTTP/1.1" 200 4169
"GET /myapp/index/common/section HTTP/1.1" 200 3368
"GET /myapp/index/home/section HTTP/1.1" 200 4169
"GET /myapp/index/common/section HTTP/1.1" 200 3368
"GET /myapp/index/common/section HTTP/1.1" 200 3368
"GET /myapp/index/home/section HTTP/1.1" 200 4169
"GET /myapp/index/common/section HTTP/1.1" 200 3368
"GET /myapp/index/home/section HTTP/1.1" 200 4169
"GET /myapp/index/common/section HTTP/1.1" 200 3368
"GET /myapp/index/home/section HTTP/1.1" 200 4169
"GET /myapp/index/common/section HTTP/1.1" 200 3368
"GET /myapp/index/home/section HTTP/1.1" 200 4169
"GET /myapp/index/home/section HTTP/1.1" 200 4169
"GET /myapp/index/common/section HTTP/1.1" 200 3368
"GET /myapp/index/home/section HTTP/1.1" 200 4169
"GET /myapp/index/common/section HTTP/1.1" 200 3368
"GET /myapp/index/common/section HTTP/1.1" 200 3368
"GET /myapp/index/home/section HTTP/1.1" 200 4169
"GET /myapp/index/home/section HTTP/1.1" 200 4169
"GET /myapp/index/common/section HTTP/1.1" 200 3368
"GET /myapp/index/common/section HTTP/1.1" 200 3368
"GET /myapp/index/home/section HTTP/1.1" 200 4169
"GET /myapp/index/common/section HTTP/1.1" 200 3368
"GET /myapp/index/home/section HTTP/1.1" 200 4169
"GET /myapp/index/home/section HTTP/1.1" 200 4169
"GET /myapp/index/common/section HTTP/1.1" 200 3368
"GET /myapp/index/home/section HTTP/1.1" 200 4169
"GET /myapp/index/common/section HTTP/1.1" 200 3368
"GET /myapp/index/common/section HTTP/1.1" 200 3368
"GET /myapp/index/home/section HTTP/1.1" 200 4169
"GET /myapp/index/home/section HTTP/1.1" 200 4169
"GET /myapp/index/common/section HTTP/1.1" 200 3368
"GET /myapp/index/home/section HTTP/1.1" 200 4169
"GET /myapp/index/common/section HTTP/1.1" 200 3368
"GET /myapp/index/home/section HTTP/1.1" 200 4169
"GET /myapp/index/common/section HTTP/1.1" 200 3368
"GET /myapp/index/home/section HTTP/1.1" 200 4169
"GET /myapp/index/common/section HTTP/1.1" 200 3368
"GET /myapp/index/common/section HTTP/1.1" 200 3368
"GET /myapp/index/home/section HTTP/1.1" 200 4169
"GET /myapp/index/common/section HTTP/1.1" 200 3368
"GET /myapp/index/home/section HTTP/1.1" 200 4169
"GET /myapp/index/home/section HTTP/1.1" 200 4169
"GET /myapp/index/common/section HTTP/1.1" 200 3368
"GET /myapp/index/common/section HTTP/1.1" 200 3368
"GET /myapp/index/home/section HTTP/1.1" 200 4169
"GET /myapp/index/home/section HTTP/1.1" 200 4169
"GET /myapp/index/common/section HTTP/1.1" 200 3368
"GET /myapp/index/home/section HTTP/1.1" 200 4169
"GET /myapp/index/common/section HTTP/1.1" 200 3368
"GET /myapp/index/common/section HTTP/1.1" 200 3368
"GET /myapp/index/home/section HTTP/1.1" 200 4169
"GET /myapp/index/common/section HTTP/1.1" 200 3368
"GET /myapp/index/home/section HTTP/1.1" 200 4169
"GET /myapp/index/common/section HTTP/1.1" 200 3368
"GET /myapp/index/home/section HTTP/1.1" 200 4169
"GET /myapp/index/common/section HTTP/1.1" 200 3368
"GET /myapp/index/home/section HTTP/1.1" 200 4169
"GET /myapp/index/common/section HTTP/1.1" 200 3368
"GET /myapp/index/home/section HTTP/1.1" 200 4169
"GET /myapp/index/common/section HTTP/1.1" 200 3368
"GET /myapp/index/home/section HTTP/1.1" 200 4169
"GET /myapp/index/common/section HTTP/1.1" 200 3368
"GET /myapp/index/home/section HTTP/1.1" 200 4169
"GET /myapp/index/home/section HTTP/1.1" 200 4169
"GET /myapp/index/common/section HTTP/1.1" 200 3368
"GET /myapp/index/common/section HTTP/1.1" 200 3368
"GET /myapp/index/home/section HTTP/1.1" 200 4169
"GET /myapp/index/home/section HTTP/1.1" 200 4169
"GET /myapp/index/common/section HTTP/1.1" 200 3368
"GET /myapp/index/common/section HTTP/1.1" 200 3368
"GET /myapp/index/home/section HTTP/1.1" 200 4169
"GET /myapp/index/home/section HTTP/1.1" 200 4169
"GET /myapp/index/common/section HTTP/1.1" 200 3368
"GET /myapp/index/common/section HTTP/1.1" 200 3368
"GET /myapp/index/home/section HTTP/1.1" 200 4169
"GET /myapp/index/home/section HTTP/1.1" 200 4169
"GET /myapp/index/common/section HTTP/1.1" 200 3368
"GET /myapp/index/common/section HTTP/1.1" 200 3368
"GET /myapp/index/home/section HTTP/1.1" 200 4169
"GET /myapp/index/common/section HTTP/1.1" 200 3368
"GET /myapp/index/home/section HTTP/1.1" 200 4169
"GET /myapp/index/home/section HTTP/1.1" 200 4169
"GET /myapp/index/common/section HTTP/1.1" 200 3368
"GET /myapp/index/common/section HTTP/1.1" 200 3368
"GET /myapp/index/home/section HTTP/1.1" 200 4169
"GET /myapp/index/common/section HTTP/1.1" 200 3368
"GET /myapp/index/home/section HTTP/1.1" 200 4169
"GET /myapp/index/common/section HTTP/1.1" 200 3368
"GET /myapp/index/home/section HTTP/1.1" 200 4169
"GET /myapp/index/home/section HTTP/1.1" 200 4169
"GET /myapp/index/common/section HTTP/1.1" 200 3368
"GET /myapp/index/common/section HTTP/1.1" 200 3368
"GET /myapp/index/home/section HTTP/1.1" 200 4169
"GET /myapp/index/common/section HTTP/1.1" 200 3368
"GET /myapp/index/home/section HTTP/1.1" 200 4169
"GET /myapp/index/common/section HTTP/1.1" 200 3368
"GET /myapp/index/home/section HTTP/1.1" 200 4169
"GET /myapp/index/common/section HTTP/1.1" 200 3368
"GET /myapp/index/home/section HTTP/1.1" 200 4169
"GET /myapp/index/common/section HTTP/1.1" 200 3368
"GET /myapp/index/thing/detail?id=43 HTTP/1.1" 200 6763
"GET /myapp/index/common/section HTTP/1.1" 200 3368
"GET /myapp/index/home/section HTTP/1.1" 200 4169
"GET /myapp/index/common/section HTTP/1.1" 200 3368
"GET /myapp/index/home/section HTTP/1.1" 200 4169
"GET /myapp/index/common/section HTTP/1.1" 200 3368
"GET /myapp/index/thing/detail?id=46 HTTP/1.1" 200 6249
"GET /myapp/index/common/section HTTP/1.1" 200 3368
"GET /myapp/index/home/section HTTP/1.1" 200 4169
"GET /myapp/index/home/section HTTP/1.1" 200 4169
"GET /myapp/index/common/section HTTP/1.1" 200 3368
"GET /myapp/index/home/section HTTP/1.1" 200 4169
"GET /myapp/index/common/section HTTP/1.1" 200 3368
"GET /myapp/index/common/section HTTP/1.1" 200 3368
"GET /myapp/index/home/section HTTP/1.1" 200 4169
"GET /myapp/index/home/section HTTP/1.1" 200 4169
"GET /myapp/index/common/section HTTP/1.1" 200 3368
"GET /myapp/index/common/section HTTP/1.1" 200 3368
"GET /myapp/index/home/section HTTP/1.1" 200 4169
"GET /myapp/index/home/section HTTP/1.1" 200 4169
"GET /myapp/index/common/section HTTP/1.1" 200 3368
"GET /myapp/index/common/section HTTP/1.1" 200 3368
"GET /myapp/index/home/section HTTP/1.1" 200 4169
"GET /myapp/index/home/section HTTP/1.1" 200 4169
"GET /myapp/index/common/section HTTP/1.1" 200 3368
"GET /myapp/index/common/section HTTP/1.1" 200 3368
"GET /myapp/index/home/section HTTP/1.1" 200 4169
"GET /myapp/index/common/section HTTP/1.1" 200 3368
"GET /myapp/index/home/section HTTP/1.1" 200 4169
"GET /myapp/index/common/section HTTP/1.1" 200 3368
"GET /myapp/index/home/section HTTP/1.1" 200 4169
"GET /myapp/index/common/section HTTP/1.1" 200 3368
"GET /myapp/index/home/section HTTP/1.1" 200 4169
"GET /myapp/index/home/section HTTP/1.1" 200 4169
"GET /myapp/index/common/section HTTP/1.1" 200 3368
"GET /myapp/index/home/section HTTP/1.1" 200 4169
"GET /myapp/index/common/section HTTP/1.1" 200 3368
"GET /myapp/index/common/section HTTP/1.1" 200 3368
"GET /myapp/index/home/section HTTP/1.1" 200 4169
"GET /myapp/index/home/section HTTP/1.1" 200 4169
"GET /myapp/index/common/section HTTP/1.1" 200 3368
"GET /myapp/index/home/section HTTP/1.1" 200 4169
"GET /myapp/index/common/section HTTP/1.1" 200 3368
"GET /myapp/index/home/section HTTP/1.1" 200 4169
"GET /myapp/index/common/section HTTP/1.1" 200 3368
"GET /myapp/index/home/section HTTP/1.1" 200 4169
"GET /myapp/index/common/section HTTP/1.1" 200 3368
"GET /myapp/index/common/section HTTP/1.1" 200 3368
"GET /myapp/index/home/section HTTP/1.1" 200 4169
"GET /myapp/index/home/section HTTP/1.1" 200 4169
"GET /myapp/index/common/section HTTP/1.1" 200 3368
"GET /myapp/index/home/section HTTP/1.1" 200 4169
"GET /myapp/index/common/section HTTP/1.1" 200 3368
"GET /myapp/index/common/section HTTP/1.1" 200 3368
"GET /myapp/index/home/section HTTP/1.1" 200 4169
"GET /myapp/index/common/section HTTP/1.1" 200 3368
"GET /myapp/index/home/section HTTP/1.1" 200 4169
"GET /myapp/index/common/section HTTP/1.1" 200 3368
"GET /myapp/index/home/section HTTP/1.1" 200 4169
"GET /myapp/index/common/section HTTP/1.1" 200 3368
"GET /myapp/index/home/section HTTP/1.1" 200 4169
"GET /myapp/index/common/section HTTP/1.1" 200 3368
"GET /myapp/index/home/section HTTP/1.1" 200 4169
"GET /myapp/index/home/section HTTP/1.1" 200 4169
"GET /myapp/index/common/section HTTP/1.1" 200 3368
"GET /myapp/index/common/section HTTP/1.1" 200 3368
"GET /myapp/index/home/section HTTP/1.1" 200 4169
"GET /myapp/index/home/section HTTP/1.1" 200 4169
"GET /myapp/index/common/section HTTP/1.1" 200 3368
"GET /myapp/index/common/section HTTP/1.1" 200 3368
"GET /myapp/index/home/section HTTP/1.1" 200 4169
"GET /myapp/index/home/section HTTP/1.1" 200 4169
"GET /myapp/index/common/section HTTP/1.1" 200 3368
"GET /myapp/index/common/section HTTP/1.1" 200 3368
"GET /myapp/index/home/section HTTP/1.1" 200 4169
"GET /myapp/index/home/section HTTP/1.1" 200 4169
"GET /myapp/index/common/section HTTP/1.1" 200 3368
"GET /myapp/index/home/section HTTP/1.1" 200 4169
"GET /myapp/index/common/section HTTP/1.1" 200 3368
"GET /myapp/index/common/section HTTP/1.1" 200 3368
"GET /myapp/index/home/section HTTP/1.1" 200 4169
"GET /myapp/index/home/section HTTP/1.1" 200 4169
"GET /myapp/index/common/section HTTP/1.1" 200 3368
"GET /myapp/index/home/section HTTP/1.1" 200 4169
"GET /myapp/index/common/section HTTP/1.1" 200 3368
"GET /myapp/index/home/section HTTP/1.1" 200 4169
"GET /myapp/index/common/section HTTP/1.1" 200 3368
"GET /myapp/index/home/section HTTP/1.1" 200 4169
"GET /myapp/index/common/section HTTP/1.1" 200 3368
"GET /myapp/index/home/section HTTP/1.1" 200 4169
"GET /myapp/index/common/section HTTP/1.1" 200 3368
"GET /myapp/index/common/section HTTP/1.1" 200 3368
"GET /myapp/index/home/section HTTP/1.1" 200 4169
"GET /myapp/index/common/section HTTP/1.1" 200 3368
"GET /myapp/index/home/section HTTP/1.1" 200 4169
"GET /myapp/index/common/section HTTP/1.1" 200 3368
"GET /myapp/index/home/section HTTP/1.1" 200 4169
"GET /myapp/index/common/section HTTP/1.1" 200 3368
"GET /myapp/index/home/section HTTP/1.1" 200 4169
"GET /myapp/index/common/section HTTP/1.1" 200 3368
"GET /myapp/index/home/section HTTP/1.1" 200 4169
"GET /myapp/index/common/section HTTP/1.1" 200 3368
"GET /myapp/index/home/section HTTP/1.1" 200 4169
"GET /myapp/index/home/section HTTP/1.1" 200 4169
"GET /myapp/index/common/section HTTP/1.1" 200 3368
"GET /myapp/index/common/section HTTP/1.1" 200 3368
"GET /myapp/index/home/section HTTP/1.1" 200 4169
"GET /myapp/index/download/section HTTP/1.1" 200 3422
"GET /myapp/index/contact/section HTTP/1.1" 200 1757
"GET /myapp/index/news/section?page=1&pageSize=9 HTTP/1.1" 200 2218
"GET /myapp/index/news/section?page=1&pageSize=9 HTTP/1.1" 200 2218
"GET /myapp/index/about/section HTTP/1.1" 200 3528
"GET /myapp/index/about/section HTTP/1.1" 200 3528
"GET /myapp/index/news/section?page=1&pageSize=9 HTTP/1.1" 200 2218
"GET /myapp/index/news/section?page=1&pageSize=9 HTTP/1.1" 200 2218
"GET /myapp/index/download/section HTTP/1.1" 200 3422
"GET /myapp/index/home/section HTTP/1.1" 200 4169
"GET /myapp/index/common/section HTTP/1.1" 200 3368
"GET /myapp/index/home/section HTTP/1.1" 200 4169
"GET /myapp/index/common/section HTTP/1.1" 200 3368
"GET /myapp/index/home/section HTTP/1.1" 200 4169
"GET /myapp/index/common/section HTTP/1.1" 200 3368
"GET /myapp/index/common/section HTTP/1.1" 200 3368
"GET /myapp/index/home/section HTTP/1.1" 200 4169
"GET /myapp/index/home/section HTTP/1.1" 200 4169
"GET /myapp/index/common/section HTTP/1.1" 200 3368
"GET /myapp/index/common/section HTTP/1.1" 200 3368
"GET /myapp/index/home/section HTTP/1.1" 200 4169
"GET /myapp/index/common/section HTTP/1.1" 200 3368
"GET /myapp/index/contact/section HTTP/1.1" 200 1757
"GET /myapp/index/common/section HTTP/1.1" 200 3368
"GET /myapp/index/home/section HTTP/1.1" 200 4169
"GET /myapp/index/home/section HTTP/1.1" 200 4169
"GET /myapp/index/common/section HTTP/1.1" 200 3368
"GET /myapp/index/home/section HTTP/1.1" 200 4169
"GET /myapp/index/common/section HTTP/1.1" 200 3368
"GET /myapp/index/common/section HTTP/1.1" 200 3368
"GET /myapp/index/home/section HTTP/1.1" 200 4169
"GET /myapp/index/common/section HTTP/1.1" 200 3368
"GET /myapp/index/home/section HTTP/1.1" 200 4169
"GET /myapp/index/common/section HTTP/1.1" 200 3368
"GET /myapp/index/home/section HTTP/1.1" 200 4169
"GET /myapp/index/common/section HTTP/1.1" 200 3368
"GET /myapp/index/home/section HTTP/1.1" 200 4169
"GET /myapp/index/common/section HTTP/1.1" 200 3368
"GET /myapp/index/home/section HTTP/1.1" 200 4169
"GET /myapp/index/home/section HTTP/1.1" 200 4169
"GET /myapp/index/common/section HTTP/1.1" 200 3368
"GET /myapp/index/common/section HTTP/1.1" 200 3368
"GET /myapp/index/home/section HTTP/1.1" 200 4169
"GET /myapp/index/home/section HTTP/1.1" 200 4169
"GET /myapp/index/common/section HTTP/1.1" 200 3368
"GET /myapp/index/common/section HTTP/1.1" 200 3368
"GET /myapp/index/home/section HTTP/1.1" 200 4169
"GET /myapp/index/common/section HTTP/1.1" 200 3368
"GET /myapp/index/home/section HTTP/1.1" 200 4169
"GET /myapp/index/home/section HTTP/1.1" 200 4169
"GET /myapp/index/common/section HTTP/1.1" 200 3368
"GET /myapp/index/home/section HTTP/1.1" 200 4169
"GET /myapp/index/common/section HTTP/1.1" 200 3368
"GET /myapp/index/common/section HTTP/1.1" 200 3368
"GET /myapp/index/home/section HTTP/1.1" 200 4169
"GET /myapp/index/home/section HTTP/1.1" 200 4169
"GET /myapp/index/common/section HTTP/1.1" 200 3368
"GET /myapp/index/common/section HTTP/1.1" 200 3368
"GET /myapp/index/home/section HTTP/1.1" 200 4169
"GET /myapp/index/common/section HTTP/1.1" 200 3368
"GET /myapp/index/home/section HTTP/1.1" 200 4169
"GET /myapp/index/home/section HTTP/1.1" 200 4169
"GET /myapp/index/common/section HTTP/1.1" 200 3368
"GET /myapp/index/home/section HTTP/1.1" 200 4169
"GET /myapp/index/common/section HTTP/1.1" 200 3368
"GET /myapp/index/home/section HTTP/1.1" 200 4169
"GET /myapp/index/common/section HTTP/1.1" 200 3368
"GET /myapp/index/home/section HTTP/1.1" 200 4169
"GET /myapp/index/common/section HTTP/1.1" 200 3368
"GET /myapp/index/home/section HTTP/1.1" 200 4169
"GET /myapp/index/common/section HTTP/1.1" 200 3368
"GET /myapp/index/common/section HTTP/1.1" 200 3368
"GET /myapp/index/home/section HTTP/1.1" 200 4169
"GET /myapp/index/home/section HTTP/1.1" 200 4169
"GET /myapp/index/common/section HTTP/1.1" 200 3368
"GET /myapp/index/home/section HTTP/1.1" 200 4169
"GET /myapp/index/common/section HTTP/1.1" 200 3368
"GET /myapp/index/home/section HTTP/1.1" 200 4169
"GET /myapp/index/common/section HTTP/1.1" 200 3368
"GET /myapp/index/common/section HTTP/1.1" 200 3368
"GET /myapp/index/home/section HTTP/1.1" 200 4169
"GET /myapp/index/home/section HTTP/1.1" 200 4169
"GET /myapp/index/common/section HTTP/1.1" 200 3368
"GET /myapp/index/common/section HTTP/1.1" 200 3368
"GET /myapp/index/home/section HTTP/1.1" 200 4169
"GET /myapp/index/common/section HTTP/1.1" 200 3368
"GET /myapp/index/thing/section?page=1&pageSize=9 HTTP/1.1" 200 3276
"GET /myapp/index/thing/section?page=1&pageSize=12&searchQuery= HTTP/1.1" 200 3446
"GET /myapp/index/home/section HTTP/1.1" 200 4169
"GET /myapp/index/common/section HTTP/1.1" 200 3368
"GET /myapp/index/common/section HTTP/1.1" 200 3368
"GET /myapp/index/home/section HTTP/1.1" 200 4169
"GET /myapp/index/home/section HTTP/1.1" 200 4169
"GET /myapp/index/common/section HTTP/1.1" 200 3368
"GET /myapp/index/common/section HTTP/1.1" 200 3368
"GET /myapp/index/home/section HTTP/1.1" 200 4169
"GET /myapp/index/home/section HTTP/1.1" 200 4169
"GET /myapp/index/common/section HTTP/1.1" 200 3368
"GET /myapp/index/home/section HTTP/1.1" 200 4169
"GET /myapp/index/common/section HTTP/1.1" 200 3368
"GET /myapp/index/home/section HTTP/1.1" 200 4169
"GET /myapp/index/common/section HTTP/1.1" 200 3368
"GET /myapp/index/common/section HTTP/1.1" 200 3368
"GET /myapp/index/home/section HTTP/1.1" 200 4169
"GET /myapp/index/common/section HTTP/1.1" 200 3368
"GET /myapp/index/news/detail?id=5 HTTP/1.1" 200 29440
"GET /myapp/index/home/section HTTP/1.1" 200 4169
"GET /myapp/index/common/section HTTP/1.1" 200 3368
"GET /myapp/index/common/section HTTP/1.1" 200 3368
"GET /myapp/index/contact/section HTTP/1.1" 200 1757
"GET /myapp/index/home/section HTTP/1.1" 200 4169
"GET /myapp/index/common/section HTTP/1.1" 200 3368
"GET /myapp/index/common/section HTTP/1.1" 200 3368
"GET /myapp/index/news/section?page=1&pageSize=9 HTTP/1.1" 200 2218
"GET /myapp/index/news/section?page=1&pageSize=9 HTTP/1.1" 200 2218
"GET /myapp/index/home/section HTTP/1.1" 200 4169
"GET /myapp/index/common/section HTTP/1.1" 200 3368
"GET /myapp/index/home/section HTTP/1.1" 200 4169
"GET /myapp/index/common/section HTTP/1.1" 200 3368
"GET /myapp/index/common/section HTTP/1.1" 200 3368
"GET /myapp/index/thing/detail?id=49 HTTP/1.1" 200 6308
"GET /myapp/index/common/section HTTP/1.1" 200 3368
"GET /myapp/index/thing/detail?id=52 HTTP/1.1" 200 6232
"GET /myapp/index/common/section HTTP/1.1" 200 3368
"GET /myapp/index/news/detail?id=14 HTTP/1.1" 200 29253
"GET /myapp/index/common/section HTTP/1.1" 200 3368
"GET /myapp/index/news/detail?id=13 HTTP/1.1" 200 29420
"GET /myapp/index/common/section HTTP/1.1" 200 3368
"GET /myapp/index/news/detail?id=9 HTTP/1.1" 200 29416
"GET /myapp/index/common/section HTTP/1.1" 200 3368
"GET /myapp/index/news/detail?id=11 HTTP/1.1" 200 29418
"GET /myapp/index/common/section HTTP/1.1" 200 3368
"GET /myapp/index/home/section HTTP/1.1" 200 4169
"GET /myapp/index/common/section HTTP/1.1" 200 3368
"GET /myapp/index/home/section HTTP/1.1" 200 4169
"GET /myapp/index/common/section HTTP/1.1" 200 3368
"GET /myapp/index/home/section HTTP/1.1" 200 4169
"GET /myapp/index/home/section HTTP/1.1" 200 4169
"GET /myapp/index/common/section HTTP/1.1" 200 3368
"GET /myapp/index/common/section HTTP/1.1" 200 3368
"GET /myapp/index/home/section HTTP/1.1" 200 4169
"GET /myapp/index/home/section HTTP/1.1" 200 4169
"GET /myapp/index/common/section HTTP/1.1" 200 3368
"GET /myapp/index/common/section HTTP/1.1" 200 3368
"GET /myapp/index/home/section HTTP/1.1" 200 4169
"GET /myapp/index/common/section HTTP/1.1" 200 3368
"GET /myapp/index/home/section HTTP/1.1" 200 4169
"GET /myapp/index/home/section HTTP/1.1" 200 4169
"GET /myapp/index/common/section HTTP/1.1" 200 3368
"GET /myapp/index/common/section HTTP/1.1" 200 3368
"GET /myapp/index/home/section HTTP/1.1" 200 4169
"GET /myapp/index/common/section HTTP/1.1" 200 3368
"GET /myapp/index/home/section HTTP/1.1" 200 4169
"GET /myapp/index/home/section HTTP/1.1" 200 4169
"GET /myapp/index/common/section HTTP/1.1" 200 3368
"GET /myapp/index/common/section HTTP/1.1" 200 3368
"GET /myapp/index/home/section HTTP/1.1" 200 4169
"GET /myapp/index/common/section HTTP/1.1" 200 3368
"GET /myapp/index/home/section HTTP/1.1" 200 4169
"GET /myapp/index/home/section HTTP/1.1" 200 4169
"GET /myapp/index/common/section HTTP/1.1" 200 3368
"GET /myapp/index/home/section HTTP/1.1" 200 4169
"GET /myapp/index/common/section HTTP/1.1" 200 3368
"GET /myapp/index/home/section HTTP/1.1" 200 4169
"GET /myapp/index/common/section HTTP/1.1" 200 3368
"GET /myapp/index/home/section HTTP/1.1" 200 4169
"GET /myapp/index/common/section HTTP/1.1" 200 3368
"GET /myapp/index/common/section HTTP/1.1" 200 3368
"GET /myapp/index/home/section HTTP/1.1" 200 4169
"GET /myapp/index/home/section HTTP/1.1" 200 4169
"GET /myapp/index/common/section HTTP/1.1" 200 3368
"GET /myapp/index/common/section HTTP/1.1" 200 3368
"GET /myapp/index/home/section HTTP/1.1" 200 4169
"GET /myapp/index/common/section HTTP/1.1" 200 3368
"GET /myapp/index/home/section HTTP/1.1" 200 4169
"GET /myapp/index/common/section HTTP/1.1" 200 3368
"GET /myapp/index/home/section HTTP/1.1" 200 4169
"GET /myapp/index/home/section HTTP/1.1" 200 4169
"GET /myapp/index/common/section HTTP/1.1" 200 3368
"GET /myapp/index/home/section HTTP/1.1" 200 4169
"GET /myapp/index/common/section HTTP/1.1" 200 3368
"GET /myapp/index/home/section HTTP/1.1" 200 4169
"GET /myapp/index/common/section HTTP/1.1" 200 3368
"GET /myapp/index/common/section HTTP/1.1" 200 3368
"GET /myapp/index/home/section HTTP/1.1" 200 4169
"GET /myapp/index/home/section HTTP/1.1" 200 4169
"GET /myapp/index/common/section HTTP/1.1" 200 3368
"GET /myapp/index/common/section HTTP/1.1" 200 3368
"GET /myapp/index/home/section HTTP/1.1" 200 4169
"GET /myapp/index/home/section HTTP/1.1" 200 4169
"GET /myapp/index/common/section HTTP/1.1" 200 3368
"GET /myapp/index/home/section HTTP/1.1" 200 4169
"GET /myapp/index/common/section HTTP/1.1" 200 3368
"GET /myapp/index/home/section HTTP/1.1" 200 4169
"GET /myapp/index/common/section HTTP/1.1" 200 3368
"GET /myapp/index/common/section HTTP/1.1" 200 3368
"GET /myapp/index/home/section HTTP/1.1" 200 4169
"GET /myapp/index/home/section HTTP/1.1" 200 4169
"GET /myapp/index/common/section HTTP/1.1" 200 3368
"GET /myapp/index/home/section HTTP/1.1" 200 4169
"GET /myapp/index/common/section HTTP/1.1" 200 3368
"GET /myapp/index/common/section HTTP/1.1" 200 3368
"GET /myapp/index/home/section HTTP/1.1" 200 4169
"GET /myapp/index/home/section HTTP/1.1" 200 4169
"GET /myapp/index/common/section HTTP/1.1" 200 3368
"GET /myapp/index/common/section HTTP/1.1" 200 3368
"GET /myapp/index/home/section HTTP/1.1" 200 4169
"GET /myapp/index/home/section HTTP/1.1" 200 4169
"GET /myapp/index/common/section HTTP/1.1" 200 3368
"GET /myapp/index/common/section HTTP/1.1" 200 3368
"GET /myapp/index/home/section HTTP/1.1" 200 4169
"GET /myapp/index/home/section HTTP/1.1" 200 4169
"GET /myapp/index/common/section HTTP/1.1" 200 3368
"GET /myapp/index/home/section HTTP/1.1" 200 4169
"GET /myapp/index/common/section HTTP/1.1" 200 3368
"GET /myapp/index/common/section HTTP/1.1" 200 3368
"GET /myapp/index/home/section HTTP/1.1" 200 4169
"GET /myapp/index/common/section HTTP/1.1" 200 3368
"GET /myapp/index/home/section HTTP/1.1" 200 4169
"GET /myapp/index/common/section HTTP/1.1" 200 3368
"GET /myapp/index/home/section HTTP/1.1" 200 4169
"GET /myapp/index/common/section HTTP/1.1" 200 3368
"GET /myapp/index/home/section HTTP/1.1" 200 4169
"GET /myapp/index/common/section HTTP/1.1" 200 3368
"GET /myapp/index/home/section HTTP/1.1" 200 4169
"GET /myapp/index/home/section HTTP/1.1" 200 4169
"GET /myapp/index/common/section HTTP/1.1" 200 3368
"GET /myapp/index/common/section HTTP/1.1" 200 3368
"GET /myapp/index/home/section HTTP/1.1" 200 4169
"GET /myapp/index/common/section HTTP/1.1" 200 3368
"GET /myapp/index/home/section HTTP/1.1" 200 4169
"GET /myapp/index/home/section HTTP/1.1" 200 4169
"GET /myapp/index/common/section HTTP/1.1" 200 3368
"GET /myapp/index/home/section HTTP/1.1" 200 4169
"GET /myapp/index/common/section HTTP/1.1" 200 3368
"GET /myapp/index/common/section HTTP/1.1" 200 3368
"GET /myapp/index/home/section HTTP/1.1" 200 4169
"GET /myapp/index/home/section HTTP/1.1" 200 4169
"GET /myapp/index/common/section HTTP/1.1" 200 3368
"GET /myapp/index/common/section HTTP/1.1" 200 3368
"GET /myapp/index/home/section HTTP/1.1" 200 4169
"GET /myapp/index/common/section HTTP/1.1" 200 3368
"GET /myapp/index/home/section HTTP/1.1" 200 4169
"GET /myapp/index/common/section HTTP/1.1" 200 3368
"GET /myapp/index/home/section HTTP/1.1" 200 4169
"GET /myapp/index/home/section HTTP/1.1" 200 4169
"GET /myapp/index/common/section HTTP/1.1" 200 3368
"GET /myapp/index/common/section HTTP/1.1" 200 3368
"GET /myapp/index/home/section HTTP/1.1" 200 4169
"GET /myapp/index/home/section HTTP/1.1" 200 4169
"GET /myapp/index/common/section HTTP/1.1" 200 3368
"GET /myapp/index/common/section HTTP/1.1" 200 3368
"GET /myapp/index/home/section HTTP/1.1" 200 4169
"GET /myapp/index/common/section HTTP/1.1" 200 3368
"GET /myapp/index/home/section HTTP/1.1" 200 4169
"GET /myapp/index/common/section HTTP/1.1" 200 3368
"GET /myapp/index/home/section HTTP/1.1" 200 4169
"GET /myapp/index/home/section HTTP/1.1" 200 4169
"GET /myapp/index/common/section HTTP/1.1" 200 3368
"GET /myapp/index/home/section HTTP/1.1" 200 4169
"GET /myapp/index/common/section HTTP/1.1" 200 3368
"GET /myapp/index/common/section HTTP/1.1" 200 3368
"GET /myapp/index/home/section HTTP/1.1" 200 4169
"GET /myapp/index/home/section HTTP/1.1" 200 4169
"GET /myapp/index/common/section HTTP/1.1" 200 3368
"GET /myapp/index/home/section HTTP/1.1" 200 4169
"GET /myapp/index/common/section HTTP/1.1" 200 3368
"GET /myapp/index/common/section HTTP/1.1" 200 3368
"GET /myapp/index/home/section HTTP/1.1" 200 4169
"GET /myapp/index/home/section HTTP/1.1" 200 4169
"GET /myapp/index/common/section HTTP/1.1" 200 3368
"GET /myapp/index/home/section HTTP/1.1" 200 4169
"GET /myapp/index/common/section HTTP/1.1" 200 3368
"GET /myapp/index/home/section HTTP/1.1" 200 4169
"GET /myapp/index/common/section HTTP/1.1" 200 3368
"GET /myapp/index/common/section HTTP/1.1" 200 3368
"GET /myapp/index/home/section HTTP/1.1" 200 4169
"GET /myapp/index/common/section HTTP/1.1" 200 3368
"GET /myapp/index/home/section HTTP/1.1" 200 4169
"GET /myapp/index/home/section HTTP/1.1" 200 4169
"GET /myapp/index/common/section HTTP/1.1" 200 3368
"GET /myapp/index/home/section HTTP/1.1" 200 4169
"GET /myapp/index/common/section HTTP/1.1" 200 3368
"GET /myapp/index/common/section HTTP/1.1" 200 3368
"GET /myapp/index/home/section HTTP/1.1" 200 4169
"GET /myapp/index/home/section HTTP/1.1" 200 4169
"GET /myapp/index/common/section HTTP/1.1" 200 3368
"GET /myapp/index/common/section HTTP/1.1" 200 3368
"GET /myapp/index/home/section HTTP/1.1" 200 4169
"GET /myapp/index/common/section HTTP/1.1" 200 3368
"GET /myapp/index/home/section HTTP/1.1" 200 4169
"GET /myapp/index/home/section HTTP/1.1" 200 4169
"GET /myapp/index/common/section HTTP/1.1" 200 3368
"GET /myapp/index/common/section HTTP/1.1" 200 3368
"GET /myapp/index/home/section HTTP/1.1" 200 4169
"GET /myapp/index/common/section HTTP/1.1" 200 3368
"GET /myapp/index/home/section HTTP/1.1" 200 4169
"GET /myapp/index/home/section HTTP/1.1" 200 4169
"GET /myapp/index/common/section HTTP/1.1" 200 3368
"GET /myapp/index/common/section HTTP/1.1" 200 3368
"GET /myapp/index/home/section HTTP/1.1" 200 4169
"GET /myapp/index/common/section HTTP/1.1" 200 3368
"GET /myapp/index/home/section HTTP/1.1" 200 4169
"GET /myapp/index/home/section HTTP/1.1" 200 4169
"GET /myapp/index/common/section HTTP/1.1" 200 3368
"GET /myapp/index/home/section HTTP/1.1" 200 4169
"GET /myapp/index/common/section HTTP/1.1" 200 3368
"GET /myapp/index/home/section HTTP/1.1" 200 4169
"GET /myapp/index/common/section HTTP/1.1" 200 3368
"GET /myapp/index/common/section HTTP/1.1" 200 3368
"GET /myapp/index/home/section HTTP/1.1" 200 4169
"GET /myapp/index/common/section HTTP/1.1" 200 3368
"GET /myapp/index/home/section HTTP/1.1" 200 4169
"GET /myapp/index/home/section HTTP/1.1" 200 4169
"GET /myapp/index/common/section HTTP/1.1" 200 3368
"GET /myapp/index/home/section HTTP/1.1" 200 4169
"GET /myapp/index/common/section HTTP/1.1" 200 3368
"GET /myapp/index/home/section HTTP/1.1" 200 4169
"GET /myapp/index/common/section HTTP/1.1" 200 3368
"GET /myapp/index/home/section HTTP/1.1" 200 4169
"GET /myapp/index/common/section HTTP/1.1" 200 3368
"GET /myapp/index/common/section HTTP/1.1" 200 3368
"GET /myapp/index/home/section HTTP/1.1" 200 4169
"GET /myapp/index/common/section HTTP/1.1" 200 3368
"GET /myapp/index/home/section HTTP/1.1" 200 4169
"GET /myapp/index/common/section HTTP/1.1" 200 3368
"GET /myapp/index/home/section HTTP/1.1" 200 4169
"GET /myapp/index/common/section HTTP/1.1" 200 3368
"GET /myapp/index/home/section HTTP/1.1" 200 4169
"GET /myapp/index/common/section HTTP/1.1" 200 3368
"GET /myapp/index/home/section HTTP/1.1" 200 4169
"GET /myapp/index/home/section HTTP/1.1" 200 4169
"GET /myapp/index/common/section HTTP/1.1" 200 3368
"GET /myapp/index/home/section HTTP/1.1" 200 4169
"GET /myapp/index/common/section HTTP/1.1" 200 3368
"GET /myapp/index/home/section HTTP/1.1" 200 4169
"GET /myapp/index/common/section HTTP/1.1" 200 3368
"GET /myapp/index/home/section HTTP/1.1" 200 4169
"GET /myapp/index/common/section HTTP/1.1" 200 3368
"GET /myapp/index/common/section HTTP/1.1" 200 3368
"GET /myapp/index/home/section HTTP/1.1" 200 4169
"GET /myapp/index/common/section HTTP/1.1" 200 3368
"GET /myapp/index/home/section HTTP/1.1" 200 4169
"GET /myapp/index/home/section HTTP/1.1" 200 4169
"GET /myapp/index/common/section HTTP/1.1" 200 3368
"GET /myapp/index/common/section HTTP/1.1" 200 3368
"GET /myapp/index/home/section HTTP/1.1" 200 4169
"GET /myapp/index/home/section HTTP/1.1" 200 4169
"GET /myapp/index/common/section HTTP/1.1" 200 3368
"GET /myapp/index/home/section HTTP/1.1" 200 4169
"GET /myapp/index/common/section HTTP/1.1" 200 3368
"GET /myapp/index/common/section HTTP/1.1" 200 3368
"GET /myapp/index/home/section HTTP/1.1" 200 4169
"GET /myapp/index/common/section HTTP/1.1" 200 3368
"GET /myapp/index/home/section HTTP/1.1" 200 4169
"GET /myapp/index/home/section HTTP/1.1" 200 4169
"GET /myapp/index/common/section HTTP/1.1" 200 3368
"GET /myapp/index/home/section HTTP/1.1" 200 4169
"GET /myapp/index/common/section HTTP/1.1" 200 3368
"GET /myapp/index/common/section HTTP/1.1" 200 3368
"GET /myapp/index/home/section HTTP/1.1" 200 4169
"GET /myapp/index/common/section HTTP/1.1" 200 3368
"GET /myapp/index/thing/section?page=1&pageSize=9 HTTP/1.1" 200 3276
"GET /myapp/index/thing/section?page=1&pageSize=12&searchQuery= HTTP/1.1" 200 3446
"GET /myapp/index/common/section HTTP/1.1" 200 3368
"GET /myapp/index/news/section?page=1&pageSize=9 HTTP/1.1" 200 2218
"GET /myapp/index/news/section?page=1&pageSize=9 HTTP/1.1" 200 2218
"GET /myapp/index/common/section HTTP/1.1" 200 3368
"GET /myapp/index/news/detail?id=6 HTTP/1.1" 200 29437
"GET /myapp/index/home/section HTTP/1.1" 200 4169
"GET /myapp/index/common/section HTTP/1.1" 200 3368
"GET /myapp/index/common/section HTTP/1.1" 200 3368
"GET /myapp/index/thing/detail?id=44 HTTP/1.1" 200 6243
"GET /myapp/index/common/section HTTP/1.1" 200 3368
"GET /myapp/index/home/section HTTP/1.1" 200 4169
"GET /myapp/index/common/section HTTP/1.1" 200 3368
"GET /myapp/index/about/section HTTP/1.1" 200 3528
"GET /myapp/index/common/section HTTP/1.1" 200 3368
"GET /myapp/index/download/section HTTP/1.1" 200 3422
"GET /myapp/index/common/section HTTP/1.1" 200 3368
"GET /myapp/index/home/section HTTP/1.1" 200 4169
"GET /myapp/index/home/section HTTP/1.1" 200 4169
"GET /myapp/index/common/section HTTP/1.1" 200 3368
"GET /myapp/index/common/section HTTP/1.1" 200 3368
"GET /myapp/index/thing/detail?id=51 HTTP/1.1" 200 6270
"GET /myapp/index/common/section HTTP/1.1" 200 3368
"GET /myapp/index/news/detail?id=14 HTTP/1.1" 200 29253
"GET /myapp/index/common/section HTTP/1.1" 200 3368
"GET /myapp/index/home/section HTTP/1.1" 200 4169
"GET /myapp/index/home/section HTTP/1.1" 200 4169
"GET /myapp/index/common/section HTTP/1.1" 200 3368
"GET /myapp/index/common/section HTTP/1.1" 200 3368
"GET /myapp/index/home/section HTTP/1.1" 200 4169
"GET /myapp/index/common/section HTTP/1.1" 200 3368
"GET /myapp/index/home/section HTTP/1.1" 200 4169
"GET /myapp/index/common/section HTTP/1.1" 200 3368
"GET /myapp/index/thing/section?page=1&pageSize=9 HTTP/1.1" 200 3276
"GET /myapp/index/thing/section?page=1&pageSize=12&searchQuery= HTTP/1.1" 200 3446
"GET /myapp/index/home/section HTTP/1.1" 200 4169
"GET /myapp/index/common/section HTTP/1.1" 200 3368
"GET /myapp/index/home/section HTTP/1.1" 200 4169
"GET /myapp/index/common/section HTTP/1.1" 200 3368
"GET /myapp/index/common/section HTTP/1.1" 200 3368
"GET /myapp/index/home/section HTTP/1.1" 200 4169
"GET /myapp/index/home/section HTTP/1.1" 200 4169
"GET /myapp/index/common/section HTTP/1.1" 200 3368
"GET /myapp/index/common/section HTTP/1.1" 200 3368
"GET /myapp/index/home/section HTTP/1.1" 200 4169
"GET /myapp/index/common/section HTTP/1.1" 200 3368
"GET /myapp/index/home/section HTTP/1.1" 200 4169
"GET /myapp/index/common/section HTTP/1.1" 200 3368
"GET /myapp/index/download/section HTTP/1.1" 200 3422
"GET /myapp/index/common/section HTTP/1.1" 200 3368
"GET /myapp/index/home/section HTTP/1.1" 200 4169
"GET /myapp/index/common/section HTTP/1.1" 200 3368
"GET /myapp/index/thing/section?page=1&pageSize=12&categoryId=-1&searchQuery= HTTP/1.1" 200 3446
"GET /myapp/index/thing/section?page=1&pageSize=9 HTTP/1.1" 200 3276
"GET /myapp/index/common/section HTTP/1.1" 200 3368
"GET /myapp/index/thing/detail?id=51 HTTP/1.1" 200 6270
"GET /myapp/index/common/section HTTP/1.1" 200 3368
"GET /myapp/index/thing/detail?id=50 HTTP/1.1" 200 6261
Watching for file changes with StatReloader
"GET /myapp/index/common/section HTTP/1.1" 200 3368
"GET /myapp/index/thing/section?page=1&pageSize=12&categoryId=-1&searchQuery= HTTP/1.1" 200 3446
"GET /myapp/index/thing/section?page=1&pageSize=9 HTTP/1.1" 200 3276
"GET /myapp/index/common/section HTTP/1.1" 200 3368
"GET /myapp/index/home/section HTTP/1.1" 200 4169
"GET /myapp/index/common/section HTTP/1.1" 200 3368
Not Found: /myapp/index/thing/section
"GET /myapp/index/thing/section?page=2&pageSize=12&categoryId=-1&searchQuery= HTTP/1.1" 404 28
"GET /myapp/index/thing/section?page=1&pageSize=9 HTTP/1.1" 200 3276
"GET /myapp/index/thing/section?page=1&pageSize=9 HTTP/1.1" 200 3276
"GET /myapp/index/home/section HTTP/1.1" 200 4169
"GET /myapp/index/common/section HTTP/1.1" 200 3368
"GET /myapp/index/common/section HTTP/1.1" 200 3368
"GET /myapp/index/home/section HTTP/1.1" 200 4169
"GET /myapp/index/home/section HTTP/1.1" 200 4169
"GET /myapp/index/common/section HTTP/1.1" 200 3368
"GET /myapp/index/home/section HTTP/1.1" 200 4169
"GET /myapp/index/common/section HTTP/1.1" 200 3368
"GET /myapp/index/common/section HTTP/1.1" 200 3368
"GET /myapp/index/home/section HTTP/1.1" 200 4169
"GET /myapp/index/common/section HTTP/1.1" 200 3368
"GET /myapp/index/home/section HTTP/1.1" 200 4169
"GET /myapp/index/home/section HTTP/1.1" 200 4169
"GET /myapp/index/common/section HTTP/1.1" 200 3368
"GET /myapp/index/home/section HTTP/1.1" 200 4169
"GET /myapp/index/common/section HTTP/1.1" 200 3368
"GET /myapp/index/home/section HTTP/1.1" 200 4169
"GET /myapp/index/common/section HTTP/1.1" 200 3368
"GET /myapp/index/common/section HTTP/1.1" 200 3368
"GET /myapp/index/home/section HTTP/1.1" 200 4169
"GET /myapp/index/home/section HTTP/1.1" 200 4169
"GET /myapp/index/common/section HTTP/1.1" 200 3368
"GET /myapp/index/common/section HTTP/1.1" 200 3368
"GET /myapp/index/home/section HTTP/1.1" 200 4169
"GET /myapp/index/home/section HTTP/1.1" 200 4169
"GET /myapp/index/common/section HTTP/1.1" 200 3368
"GET /myapp/index/common/section HTTP/1.1" 200 3368
"GET /myapp/index/home/section HTTP/1.1" 200 4169
"GET /myapp/index/home/section HTTP/1.1" 200 4169
"GET /myapp/index/common/section HTTP/1.1" 200 3368
"GET /myapp/index/common/section HTTP/1.1" 200 3368
"GET /myapp/index/home/section HTTP/1.1" 200 4169
"GET /myapp/index/home/section HTTP/1.1" 200 4169
"GET /myapp/index/common/section HTTP/1.1" 200 3368
"GET /myapp/index/home/section HTTP/1.1" 200 4169
"GET /myapp/index/common/section HTTP/1.1" 200 3368
"GET /myapp/index/common/section HTTP/1.1" 200 3368
"GET /myapp/index/home/section HTTP/1.1" 200 4169
"GET /myapp/index/home/section HTTP/1.1" 200 4169
"GET /myapp/index/common/section HTTP/1.1" 200 3368
"GET /myapp/index/home/section HTTP/1.1" 200 4169
"GET /myapp/index/common/section HTTP/1.1" 200 3368
"GET /myapp/index/common/section HTTP/1.1" 200 3368
"GET /myapp/index/home/section HTTP/1.1" 200 4169
"GET /myapp/index/common/section HTTP/1.1" 200 3368
"GET /myapp/index/home/section HTTP/1.1" 200 4169
"GET /myapp/index/common/section HTTP/1.1" 200 3368
"GET /myapp/index/home/section HTTP/1.1" 200 4169
"GET /myapp/index/home/section HTTP/1.1" 200 4169
"GET /myapp/index/common/section HTTP/1.1" 200 3368
"GET /myapp/index/home/section HTTP/1.1" 200 4169
"GET /myapp/index/common/section HTTP/1.1" 200 3368
"GET /myapp/index/home/section HTTP/1.1" 200 4169
"GET /myapp/index/common/section HTTP/1.1" 200 3368
"GET /myapp/index/common/section HTTP/1.1" 200 3368
"GET /myapp/index/home/section HTTP/1.1" 200 4169
"GET /myapp/index/common/section HTTP/1.1" 200 3368
"GET /myapp/index/home/section HTTP/1.1" 200 4169
"GET /myapp/index/common/section HTTP/1.1" 200 3368
"GET /myapp/index/home/section HTTP/1.1" 200 4169
"GET /myapp/index/home/section HTTP/1.1" 200 4169
"GET /myapp/index/common/section HTTP/1.1" 200 3368
"GET /myapp/index/common/section HTTP/1.1" 200 3368
"GET /myapp/index/home/section HTTP/1.1" 200 4169
"GET /myapp/index/home/section HTTP/1.1" 200 4169
"GET /myapp/index/common/section HTTP/1.1" 200 3368
"GET /myapp/index/common/section HTTP/1.1" 200 3368
"GET /myapp/index/home/section HTTP/1.1" 200 4169
"GET /myapp/index/common/section HTTP/1.1" 200 3368
"GET /myapp/index/home/section HTTP/1.1" 200 4169
"GET /myapp/index/home/section HTTP/1.1" 200 4169
"GET /myapp/index/common/section HTTP/1.1" 200 3368
"GET /myapp/index/common/section HTTP/1.1" 200 3368
"GET /myapp/index/home/section HTTP/1.1" 200 4169
"GET /myapp/index/common/section HTTP/1.1" 200 3368
"GET /myapp/index/home/section HTTP/1.1" 200 4169
"GET /myapp/index/home/section HTTP/1.1" 200 4169
"GET /myapp/index/common/section HTTP/1.1" 200 3368
"GET /myapp/index/common/section HTTP/1.1" 200 3368
"GET /myapp/index/home/section HTTP/1.1" 200 4169
"GET /myapp/index/home/section HTTP/1.1" 200 4169
"GET /myapp/index/common/section HTTP/1.1" 200 3368
"GET /myapp/index/common/section HTTP/1.1" 200 3368
"GET /myapp/index/home/section HTTP/1.1" 200 4169
"GET /myapp/index/home/section HTTP/1.1" 200 4169
"GET /myapp/index/common/section HTTP/1.1" 200 3368
"GET /myapp/index/common/section HTTP/1.1" 200 3368
"GET /myapp/index/home/section HTTP/1.1" 200 4169
"GET /myapp/index/common/section HTTP/1.1" 200 3368
"GET /myapp/index/home/section HTTP/1.1" 200 4169
"GET /myapp/index/home/section HTTP/1.1" 200 4169
"GET /myapp/index/common/section HTTP/1.1" 200 3368
"GET /myapp/index/common/section HTTP/1.1" 200 3368
"GET /myapp/index/home/section HTTP/1.1" 200 4169
"GET /myapp/index/home/section HTTP/1.1" 200 4169
"GET /myapp/index/common/section HTTP/1.1" 200 3368
"GET /myapp/index/home/section HTTP/1.1" 200 4169
"GET /myapp/index/common/section HTTP/1.1" 200 3368
"GET /myapp/index/common/section HTTP/1.1" 200 3368
"GET /myapp/index/home/section HTTP/1.1" 200 4169
"GET /myapp/index/common/section HTTP/1.1" 200 3368
"GET /myapp/index/home/section HTTP/1.1" 200 4169
"GET /myapp/index/common/section HTTP/1.1" 200 3368
"GET /myapp/index/home/section HTTP/1.1" 200 4169
"GET /myapp/index/home/section HTTP/1.1" 200 4169
"GET /myapp/index/common/section HTTP/1.1" 200 3368
"GET /myapp/index/common/section HTTP/1.1" 200 3368
"GET /myapp/index/home/section HTTP/1.1" 200 4169
"GET /myapp/index/home/section HTTP/1.1" 200 4169
"GET /myapp/index/common/section HTTP/1.1" 200 3368
"GET /myapp/index/common/section HTTP/1.1" 200 3368
"GET /myapp/index/home/section HTTP/1.1" 200 4169
"GET /myapp/index/common/section HTTP/1.1" 200 3368
"GET /myapp/index/home/section HTTP/1.1" 200 4169
"GET /myapp/index/common/section HTTP/1.1" 200 3368
"GET /myapp/index/home/section HTTP/1.1" 200 4169
"GET /myapp/index/home/section HTTP/1.1" 200 4169
"GET /myapp/index/common/section HTTP/1.1" 200 3368
"GET /myapp/index/common/section HTTP/1.1" 200 3368
"GET /myapp/index/home/section HTTP/1.1" 200 4169
"GET /myapp/index/home/section HTTP/1.1" 200 4169
"GET /myapp/index/common/section HTTP/1.1" 200 3368
"GET /myapp/index/common/section HTTP/1.1" 200 3368
"GET /myapp/index/home/section HTTP/1.1" 200 4169
"GET /myapp/index/home/section HTTP/1.1" 200 4169
"GET /myapp/index/common/section HTTP/1.1" 200 3368
"GET /myapp/index/common/section HTTP/1.1" 200 3368
"GET /myapp/index/home/section HTTP/1.1" 200 4169
"GET /myapp/index/common/section HTTP/1.1" 200 3368
"GET /myapp/index/home/section HTTP/1.1" 200 4169
"GET /myapp/index/home/section HTTP/1.1" 200 4169
"GET /myapp/index/common/section HTTP/1.1" 200 3368
"GET /myapp/index/home/section HTTP/1.1" 200 4169
"GET /myapp/index/common/section HTTP/1.1" 200 3368
"GET /myapp/index/common/section HTTP/1.1" 200 3368
"GET /myapp/index/home/section HTTP/1.1" 200 4169
"GET /myapp/index/common/section HTTP/1.1" 200 3368
"GET /myapp/index/home/section HTTP/1.1" 200 4169
"GET /myapp/index/common/section HTTP/1.1" 200 3368
"GET /myapp/index/home/section HTTP/1.1" 200 4169
"GET /myapp/index/common/section HTTP/1.1" 200 3368
"GET /myapp/index/home/section HTTP/1.1" 200 4169
"GET /myapp/index/home/section HTTP/1.1" 200 4169
"GET /myapp/index/common/section HTTP/1.1" 200 3368
"GET /myapp/index/home/section HTTP/1.1" 200 4169
"GET /myapp/index/common/section HTTP/1.1" 200 3368
"GET /myapp/index/common/section HTTP/1.1" 200 3368
"GET /myapp/index/home/section HTTP/1.1" 200 4169
"GET /myapp/index/common/section HTTP/1.1" 200 3368
"GET /myapp/index/home/section HTTP/1.1" 200 4169
"GET /myapp/index/home/section HTTP/1.1" 200 4169
"GET /myapp/index/common/section HTTP/1.1" 200 3368
"GET /myapp/index/common/section HTTP/1.1" 200 3368
"GET /myapp/index/home/section HTTP/1.1" 200 4169
"GET /myapp/index/common/section HTTP/1.1" 200 3368
"GET /myapp/index/home/section HTTP/1.1" 200 4169
"GET /myapp/index/home/section HTTP/1.1" 200 4169
"GET /myapp/index/common/section HTTP/1.1" 200 3368
"GET /myapp/index/common/section HTTP/1.1" 200 3368
"GET /myapp/index/home/section HTTP/1.1" 200 4169
"GET /myapp/index/home/section HTTP/1.1" 200 4169
"GET /myapp/index/common/section HTTP/1.1" 200 3368
"GET /myapp/index/home/section HTTP/1.1" 200 4169
"GET /myapp/index/common/section HTTP/1.1" 200 3368
"GET /myapp/index/home/section HTTP/1.1" 200 4169
"GET /myapp/index/common/section HTTP/1.1" 200 3368
"GET /myapp/index/home/section HTTP/1.1" 200 4169
"GET /myapp/index/common/section HTTP/1.1" 200 3368
"GET /myapp/index/common/section HTTP/1.1" 200 3368
"GET /myapp/index/home/section HTTP/1.1" 200 4169
"GET /myapp/index/home/section HTTP/1.1" 200 4169
"GET /myapp/index/common/section HTTP/1.1" 200 3368
"GET /myapp/index/home/section HTTP/1.1" 200 4169
"GET /myapp/index/common/section HTTP/1.1" 200 3368
"GET /myapp/index/common/section HTTP/1.1" 200 3368
"GET /myapp/index/home/section HTTP/1.1" 200 4169
"GET /myapp/index/common/section HTTP/1.1" 200 3368
"GET /myapp/index/home/section HTTP/1.1" 200 4169
"GET /myapp/index/home/section HTTP/1.1" 200 4169
"GET /myapp/index/common/section HTTP/1.1" 200 3368
"GET /myapp/index/home/section HTTP/1.1" 200 4169
"GET /myapp/index/common/section HTTP/1.1" 200 3368
"GET /myapp/index/common/section HTTP/1.1" 200 3368
"GET /myapp/index/home/section HTTP/1.1" 200 4169
"GET /myapp/index/home/section HTTP/1.1" 200 4169
"GET /myapp/index/common/section HTTP/1.1" 200 3368
"GET /myapp/index/common/section HTTP/1.1" 200 3368
"GET /myapp/index/home/section HTTP/1.1" 200 4169
"GET /myapp/index/common/section HTTP/1.1" 200 3368
"GET /myapp/index/home/section HTTP/1.1" 200 4169
"GET /myapp/index/home/section HTTP/1.1" 200 4169
"GET /myapp/index/common/section HTTP/1.1" 200 3368
"GET /myapp/index/common/section HTTP/1.1" 200 3368
"GET /myapp/index/home/section HTTP/1.1" 200 4169
"GET /myapp/index/common/section HTTP/1.1" 200 3368
"GET /myapp/index/home/section HTTP/1.1" 200 4169
"GET /myapp/index/home/section HTTP/1.1" 200 4169
"GET /myapp/index/common/section HTTP/1.1" 200 3368
"GET /myapp/index/common/section HTTP/1.1" 200 3368
"GET /myapp/index/common/section HTTP/1.1" 200 3368
"GET /myapp/index/common/section HTTP/1.1" 200 3368
"GET /myapp/index/common/section HTTP/1.1" 200 3368
"GET /myapp/index/common/section HTTP/1.1" 200 3368
"GET /myapp/index/common/section HTTP/1.1" 200 3368
"GET /myapp/index/common/section HTTP/1.1" 200 3368
"GET /myapp/index/common/section HTTP/1.1" 200 3368
"GET /myapp/index/common/section HTTP/1.1" 200 3368
"GET /myapp/index/common/section HTTP/1.1" 200 3368
"GET /myapp/index/about/section HTTP/1.1" 200 3528
"GET /myapp/index/thing/section?page=1&pageSize=12&categoryId=53&searchQuery= HTTP/1.1" 200 1602
"GET /myapp/index/thing/detail?id=46 HTTP/1.1" 200 6249
"GET /myapp/index/download/section HTTP/1.1" 200 3422
"GET /myapp/index/contact/section HTTP/1.1" 200 1757
"GET /myapp/index/thing/section?page=1&pageSize=9 HTTP/1.1" 200 3276
"GET /myapp/index/common/section HTTP/1.1" 200 3368
"GET /myapp/index/news/section?page=1&pageSize=9 HTTP/1.1" 200 2218
"GET /myapp/index/thing/section?page=1&pageSize=12&categoryId=51&searchQuery= HTTP/1.1" 200 1602
"GET /myapp/index/thing/section?page=1&pageSize=12&categoryId=52&searchQuery= HTTP/1.1" 200 1602
"GET /myapp/index/news/section?page=1&pageSize=9 HTTP/1.1" 200 2218
"GET /myapp/index/common/section HTTP/1.1" 200 3368
"GET /myapp/index/thing/detail?id=45 HTTP/1.1" 200 6279
"GET /myapp/index/thing/section?page=1&pageSize=12&categoryId=50&searchQuery= HTTP/1.1" 200 3446
"GET /myapp/index/thing/detail?id=44 HTTP/1.1" 200 6243
"GET /myapp/index/thing/section?page=1&pageSize=9 HTTP/1.1" 200 3276
"GET /myapp/index/common/section HTTP/1.1" 200 3368
"GET /myapp/index/thing/section?page=1&pageSize=9 HTTP/1.1" 200 3276
"GET /myapp/index/common/section HTTP/1.1" 200 3368
"GET /myapp/index/thing/section?page=1&pageSize=9 HTTP/1.1" 200 3276
"GET /myapp/index/thing/section?page=1&pageSize=9 HTTP/1.1" 200 3276
"GET /myapp/index/thing/section?page=1&pageSize=12&searchQuery= HTTP/1.1" 200 3446
"GET /myapp/index/thing/detail?id=43 HTTP/1.1" 200 6763
"GET /myapp/index/news/detail?id=5 HTTP/1.1" 200 29440
"GET /myapp/index/common/section HTTP/1.1" 200 3368
"GET /myapp/index/news/detail?id=6 HTTP/1.1" 200 29437
"GET /myapp/index/common/section HTTP/1.1" 200 3368
"GET /myapp/index/news/detail?id=7 HTTP/1.1" 200 29415
"GET /myapp/index/home/section HTTP/1.1" 200 4169
"GET /myapp/index/common/section HTTP/1.1" 200 3368
"GET /myapp/index/home/section HTTP/1.1" 200 4169
"GET /myapp/index/common/section HTTP/1.1" 200 3368
"GET /myapp/index/common/section HTTP/1.1" 200 3368
"GET /myapp/index/home/section HTTP/1.1" 200 4169
"GET /myapp/index/home/section HTTP/1.1" 200 4169
"GET /myapp/index/common/section HTTP/1.1" 200 3368
"GET /myapp/index/common/section HTTP/1.1" 200 3368
"GET /myapp/index/home/section HTTP/1.1" 200 4169
"GET /myapp/index/common/section HTTP/1.1" 200 3368
"GET /myapp/index/home/section HTTP/1.1" 200 4169
"GET /myapp/index/home/section HTTP/1.1" 200 4169
"GET /myapp/index/common/section HTTP/1.1" 200 3368
"GET /myapp/index/home/section HTTP/1.1" 200 4169
"GET /myapp/index/common/section HTTP/1.1" 200 3368
"GET /myapp/index/home/section HTTP/1.1" 200 4169
"GET /myapp/index/common/section HTTP/1.1" 200 3368
"GET /myapp/index/home/section HTTP/1.1" 200 4169
"GET /myapp/index/common/section HTTP/1.1" 200 3368
"GET /myapp/index/common/section HTTP/1.1" 200 3368
"GET /myapp/index/home/section HTTP/1.1" 200 4169
"GET /myapp/index/home/section HTTP/1.1" 200 4169
"GET /myapp/index/common/section HTTP/1.1" 200 3368
"GET /myapp/index/common/section HTTP/1.1" 200 3368
"GET /myapp/index/home/section HTTP/1.1" 200 4169
"GET /myapp/index/home/section HTTP/1.1" 200 4169
"GET /myapp/index/common/section HTTP/1.1" 200 3368
"GET /myapp/index/home/section HTTP/1.1" 200 4169
"GET /myapp/index/common/section HTTP/1.1" 200 3368
"GET /myapp/index/home/section HTTP/1.1" 200 4169
"GET /myapp/index/common/section HTTP/1.1" 200 3368
"GET /myapp/index/common/section HTTP/1.1" 200 3368
"GET /myapp/index/home/section HTTP/1.1" 200 4169
"GET /myapp/index/common/section HTTP/1.1" 200 3368
"GET /myapp/index/home/section HTTP/1.1" 200 4169
"GET /myapp/index/about/section HTTP/1.1" 200 3528
"GET /myapp/index/common/section HTTP/1.1" 200 3368
"GET /myapp/index/home/section HTTP/1.1" 200 4169
"GET /myapp/index/common/section HTTP/1.1" 200 3368
"GET /myapp/index/common/section HTTP/1.1" 200 3368
"GET /myapp/index/home/section HTTP/1.1" 200 4169
"GET /myapp/index/common/section HTTP/1.1" 200 3368
"GET /myapp/index/thing/detail?id=44 HTTP/1.1" 200 6243
"GET /myapp/index/common/section HTTP/1.1" 200 3368
"GET /myapp/index/news/detail?id=6 HTTP/1.1" 200 29437
"GET /myapp/index/common/section HTTP/1.1" 200 3368
"GET /myapp/index/home/section HTTP/1.1" 200 4169
"GET /myapp/index/common/section HTTP/1.1" 200 3368
"GET /myapp/index/thing/detail?id=43 HTTP/1.1" 200 6763
"GET /myapp/index/common/section HTTP/1.1" 200 3368
"GET /myapp/index/news/detail?id=7 HTTP/1.1" 200 29415
"GET /myapp/index/common/section HTTP/1.1" 200 3368
"GET /myapp/index/home/section HTTP/1.1" 200 4169
"GET /myapp/index/common/section HTTP/1.1" 200 3368
"GET /myapp/index/thing/detail?id=47 HTTP/1.1" 200 6351
"GET /myapp/index/home/section HTTP/1.1" 200 4169
"GET /myapp/index/common/section HTTP/1.1" 200 3368
"GET /myapp/index/home/section HTTP/1.1" 200 4169
"GET /myapp/index/common/section HTTP/1.1" 200 3368
"GET /myapp/index/common/section HTTP/1.1" 200 3368
"GET /myapp/index/home/section HTTP/1.1" 200 4169
"GET /myapp/index/common/section HTTP/1.1" 200 3368
"GET /myapp/index/home/section HTTP/1.1" 200 4169
"GET /myapp/index/common/section HTTP/1.1" 200 3368
"GET /myapp/index/thing/detail?id=48 HTTP/1.1" 200 6299
"GET /myapp/index/home/section HTTP/1.1" 200 4169
"GET /myapp/index/common/section HTTP/1.1" 200 3368
"GET /myapp/index/common/section HTTP/1.1" 200 3368
"GET /myapp/index/home/section HTTP/1.1" 200 4169
"GET /myapp/index/home/section HTTP/1.1" 200 4169
"GET /myapp/index/common/section HTTP/1.1" 200 3368
"GET /myapp/index/common/section HTTP/1.1" 200 3368
"GET /myapp/index/home/section HTTP/1.1" 200 4169
"GET /myapp/index/home/section HTTP/1.1" 200 4169
"GET /myapp/index/common/section HTTP/1.1" 200 3368
"GET /myapp/index/common/section HTTP/1.1" 200 3368
"GET /myapp/index/home/section HTTP/1.1" 200 4169
"GET /myapp/index/home/section HTTP/1.1" 200 4169
"GET /myapp/index/common/section HTTP/1.1" 200 3368
"GET /myapp/index/common/section HTTP/1.1" 200 3368
"GET /myapp/index/home/section HTTP/1.1" 200 4169
"GET /myapp/index/common/section HTTP/1.1" 200 3368
"GET /myapp/index/home/section HTTP/1.1" 200 4169
"GET /myapp/index/common/section HTTP/1.1" 200 3368
"GET /myapp/index/home/section HTTP/1.1" 200 4169
"GET /myapp/index/common/section HTTP/1.1" 200 3368
"GET /myapp/index/home/section HTTP/1.1" 200 4169
"GET /myapp/index/home/section HTTP/1.1" 200 4169
"GET /myapp/index/common/section HTTP/1.1" 200 3368
"GET /myapp/index/home/section HTTP/1.1" 200 4169
"GET /myapp/index/common/section HTTP/1.1" 200 3368
"GET /myapp/index/common/section HTTP/1.1" 200 3368
"GET /myapp/index/home/section HTTP/1.1" 200 4169
"GET /myapp/index/common/section HTTP/1.1" 200 3368
"GET /myapp/index/home/section HTTP/1.1" 200 4169
"GET /myapp/index/home/section HTTP/1.1" 200 4169
"GET /myapp/index/common/section HTTP/1.1" 200 3368
"GET /myapp/index/common/section HTTP/1.1" 200 3368
"GET /myapp/index/home/section HTTP/1.1" 200 4169
"GET /myapp/index/home/section HTTP/1.1" 200 4169
"GET /myapp/index/common/section HTTP/1.1" 200 3368
"GET /myapp/index/common/section HTTP/1.1" 200 3368
"GET /myapp/index/home/section HTTP/1.1" 200 4169
"GET /myapp/index/common/section HTTP/1.1" 200 3368
"GET /myapp/index/home/section HTTP/1.1" 200 4169
"GET /myapp/index/common/section HTTP/1.1" 200 3368
"GET /myapp/index/home/section HTTP/1.1" 200 4169
"GET /myapp/index/home/section HTTP/1.1" 200 4169
"GET /myapp/index/common/section HTTP/1.1" 200 3368
"GET /myapp/index/home/section HTTP/1.1" 200 4169
"GET /myapp/index/common/section HTTP/1.1" 200 3368
"GET /myapp/index/common/section HTTP/1.1" 200 3368
"GET /myapp/index/home/section HTTP/1.1" 200 4169
"GET /myapp/index/common/section HTTP/1.1" 200 3368
"GET /myapp/index/home/section HTTP/1.1" 200 4169
"GET /myapp/index/common/section HTTP/1.1" 200 3368
"GET /myapp/index/home/section HTTP/1.1" 200 4169
"GET /myapp/index/home/section HTTP/1.1" 200 4169
"GET /myapp/index/common/section HTTP/1.1" 200 3368
"GET /myapp/index/home/section HTTP/1.1" 200 4169
"GET /myapp/index/common/section HTTP/1.1" 200 3368
"GET /myapp/index/common/section HTTP/1.1" 200 3368
"GET /myapp/index/home/section HTTP/1.1" 200 4169
"GET /myapp/index/common/section HTTP/1.1" 200 3368
"GET /myapp/index/home/section HTTP/1.1" 200 4169
"GET /myapp/index/home/section HTTP/1.1" 200 4169
"GET /myapp/index/common/section HTTP/1.1" 200 3368
"GET /myapp/index/common/section HTTP/1.1" 200 3368
"GET /myapp/index/home/section HTTP/1.1" 200 4169
"GET /myapp/index/common/section HTTP/1.1" 200 3368
"GET /myapp/index/home/section HTTP/1.1" 200 4169
"GET /myapp/index/home/section HTTP/1.1" 200 4169
"GET /myapp/index/common/section HTTP/1.1" 200 3368
"GET /myapp/index/common/section HTTP/1.1" 200 3368
"GET /myapp/index/home/section HTTP/1.1" 200 4169
"GET /myapp/index/download/section HTTP/1.1" 200 3422
"GET /myapp/index/common/section HTTP/1.1" 200 3368
"GET /myapp/index/download/section HTTP/1.1" 200 3422
"GET /myapp/index/home/section HTTP/1.1" 200 4169
"GET /myapp/index/common/section HTTP/1.1" 200 3368
"GET /myapp/index/common/section HTTP/1.1" 200 3368
"GET /myapp/index/home/section HTTP/1.1" 200 4169
"GET /myapp/index/common/section HTTP/1.1" 200 3368
"GET /myapp/index/home/section HTTP/1.1" 200 4169
"GET /myapp/index/common/section HTTP/1.1" 200 3368
"GET /myapp/index/home/section HTTP/1.1" 200 4169
"GET /myapp/index/common/section HTTP/1.1" 200 3368
"GET /myapp/index/home/section HTTP/1.1" 200 4169
"GET /myapp/index/home/section HTTP/1.1" 200 4169
"GET /myapp/index/common/section HTTP/1.1" 200 3368
"GET /myapp/index/common/section HTTP/1.1" 200 3368
"GET /myapp/index/home/section HTTP/1.1" 200 4169
"GET /myapp/index/home/section HTTP/1.1" 200 4169
"GET /myapp/index/common/section HTTP/1.1" 200 3368
"GET /myapp/index/common/section HTTP/1.1" 200 3368
"GET /myapp/index/home/section HTTP/1.1" 200 4169
"GET /myapp/index/common/section HTTP/1.1" 200 3368
"GET /myapp/index/home/section HTTP/1.1" 200 4169
"GET /myapp/index/home/section HTTP/1.1" 200 4169
"GET /myapp/index/common/section HTTP/1.1" 200 3368
"GET /myapp/index/common/section HTTP/1.1" 200 3368
"GET /myapp/index/home/section HTTP/1.1" 200 4169
"GET /myapp/index/home/section HTTP/1.1" 200 4169
"GET /myapp/index/common/section HTTP/1.1" 200 3368
"GET /myapp/index/common/section HTTP/1.1" 200 3368
"GET /myapp/index/home/section HTTP/1.1" 200 4169
"GET /myapp/index/common/section HTTP/1.1" 200 3368
"GET /myapp/index/home/section HTTP/1.1" 200 4169
"GET /myapp/index/common/section HTTP/1.1" 200 3368
"GET /myapp/index/home/section HTTP/1.1" 200 4169
"GET /myapp/index/home/section HTTP/1.1" 200 4169
"GET /myapp/index/common/section HTTP/1.1" 200 3368
"GET /myapp/index/home/section HTTP/1.1" 200 4169
"GET /myapp/index/common/section HTTP/1.1" 200 3368
"GET /myapp/index/home/section HTTP/1.1" 200 4169
"GET /myapp/index/common/section HTTP/1.1" 200 3368
"GET /myapp/index/common/section HTTP/1.1" 200 3368
"GET /myapp/index/home/section HTTP/1.1" 200 4169
"GET /myapp/index/common/section HTTP/1.1" 200 3368
"GET /myapp/index/home/section HTTP/1.1" 200 4169
"GET /myapp/index/home/section HTTP/1.1" 200 4169
"GET /myapp/index/common/section HTTP/1.1" 200 3368
"GET /myapp/index/common/section HTTP/1.1" 200 3368
"GET /myapp/index/home/section HTTP/1.1" 200 4169
"GET /myapp/index/home/section HTTP/1.1" 200 4169
"GET /myapp/index/common/section HTTP/1.1" 200 3368
"GET /myapp/index/common/section HTTP/1.1" 200 3368
"GET /myapp/index/home/section HTTP/1.1" 200 4169
"GET /myapp/index/common/section HTTP/1.1" 200 3368
"GET /myapp/index/home/section HTTP/1.1" 200 4169
"GET /myapp/index/home/section HTTP/1.1" 200 4169
"GET /myapp/index/common/section HTTP/1.1" 200 3368
"GET /myapp/index/thing/section?page=1&pageSize=9 HTTP/1.1" 200 3276
"GET /myapp/index/thing/section?page=1&pageSize=12&searchQuery= HTTP/1.1" 200 3446
"GET /myapp/index/home/section HTTP/1.1" 200 4169
"GET /myapp/index/common/section HTTP/1.1" 200 3368
"GET /myapp/index/home/section HTTP/1.1" 200 4169
"GET /myapp/index/common/section HTTP/1.1" 200 3368
"GET /myapp/index/common/section HTTP/1.1" 200 3368
"GET /myapp/index/home/section HTTP/1.1" 200 4169
"GET /myapp/index/common/section HTTP/1.1" 200 3368
"GET /myapp/index/home/section HTTP/1.1" 200 4169
"GET /myapp/index/common/section HTTP/1.1" 200 3368
"GET /myapp/index/home/section HTTP/1.1" 200 4169
"GET /myapp/index/home/section HTTP/1.1" 200 4169
"GET /myapp/index/common/section HTTP/1.1" 200 3368
"GET /myapp/index/home/section HTTP/1.1" 200 4169
"GET /myapp/index/common/section HTTP/1.1" 200 3368
"GET /myapp/index/home/section HTTP/1.1" 200 4169
"GET /myapp/index/common/section HTTP/1.1" 200 3368
"GET /myapp/index/home/section HTTP/1.1" 200 4169
"GET /myapp/index/common/section HTTP/1.1" 200 3368
"GET /myapp/index/common/section HTTP/1.1" 200 3368
"GET /myapp/index/home/section HTTP/1.1" 200 4169
"GET /myapp/index/common/section HTTP/1.1" 200 3368
"GET /myapp/index/home/section HTTP/1.1" 200 4169
"GET /myapp/index/home/section HTTP/1.1" 200 4169
"GET /myapp/index/common/section HTTP/1.1" 200 3368
"GET /myapp/index/home/section HTTP/1.1" 200 4169
"GET /myapp/index/common/section HTTP/1.1" 200 3368
"GET /myapp/index/common/section HTTP/1.1" 200 3368
"GET /myapp/index/home/section HTTP/1.1" 200 4169
"GET /myapp/index/home/section HTTP/1.1" 200 4169
"GET /myapp/index/common/section HTTP/1.1" 200 3368
"GET /myapp/index/home/section HTTP/1.1" 200 4169
"GET /myapp/index/common/section HTTP/1.1" 200 3368
"GET /myapp/index/home/section HTTP/1.1" 200 4169
"GET /myapp/index/common/section HTTP/1.1" 200 3368
"GET /myapp/index/home/section HTTP/1.1" 200 4169
"GET /myapp/index/common/section HTTP/1.1" 200 3368
"GET /myapp/index/common/section HTTP/1.1" 200 3368
"GET /myapp/index/home/section HTTP/1.1" 200 4169
"GET /myapp/index/home/section HTTP/1.1" 200 4169
"GET /myapp/index/common/section HTTP/1.1" 200 3368
"GET /myapp/index/home/section HTTP/1.1" 200 4169
"GET /myapp/index/common/section HTTP/1.1" 200 3368
"GET /myapp/index/common/section HTTP/1.1" 200 3368
"GET /myapp/index/thing/detail?id=46 HTTP/1.1" 200 6249
"GET /myapp/index/common/section HTTP/1.1" 200 3368
"GET /myapp/index/thing/detail?id=45 HTTP/1.1" 200 6279
"GET /myapp/index/common/section HTTP/1.1" 200 3368
"GET /myapp/index/home/section HTTP/1.1" 200 4169
"GET /myapp/index/home/section HTTP/1.1" 200 4169
"GET /myapp/index/common/section HTTP/1.1" 200 3368
"GET /myapp/index/common/section HTTP/1.1" 200 3368
"GET /myapp/index/home/section HTTP/1.1" 200 4169
"GET /myapp/index/common/section HTTP/1.1" 200 3368
"GET /myapp/index/home/section HTTP/1.1" 200 4169
"GET /myapp/index/home/section HTTP/1.1" 200 4169
"GET /myapp/index/common/section HTTP/1.1" 200 3368
"GET /myapp/index/home/section HTTP/1.1" 200 4169
"GET /myapp/index/common/section HTTP/1.1" 200 3368
"GET /myapp/index/home/section HTTP/1.1" 200 4169
"GET /myapp/index/common/section HTTP/1.1" 200 3368
"GET /myapp/index/common/section HTTP/1.1" 200 3368
"GET /myapp/index/home/section HTTP/1.1" 200 4169
"GET /myapp/index/home/section HTTP/1.1" 200 4169
"GET /myapp/index/common/section HTTP/1.1" 200 3368
"GET /myapp/index/common/section HTTP/1.1" 200 3368
"GET /myapp/index/home/section HTTP/1.1" 200 4169
"GET /myapp/index/common/section HTTP/1.1" 200 3368
"GET /myapp/index/home/section HTTP/1.1" 200 4169
"GET /myapp/index/common/section HTTP/1.1" 200 3368
"GET /myapp/index/home/section HTTP/1.1" 200 4169
"GET /myapp/index/common/section HTTP/1.1" 200 3368
"GET /myapp/index/home/section HTTP/1.1" 200 4169
"GET /myapp/index/home/section HTTP/1.1" 200 4169
"GET /myapp/index/common/section HTTP/1.1" 200 3368
"GET /myapp/index/common/section HTTP/1.1" 200 3368
"GET /myapp/index/home/section HTTP/1.1" 200 4169
"GET /myapp/index/common/section HTTP/1.1" 200 3368
"GET /myapp/index/home/section HTTP/1.1" 200 4169
"GET /myapp/index/common/section HTTP/1.1" 200 3368
"GET /myapp/index/home/section HTTP/1.1" 200 4169
"GET /myapp/index/common/section HTTP/1.1" 200 3368
"GET /myapp/index/home/section HTTP/1.1" 200 4169
"GET /myapp/index/home/section HTTP/1.1" 200 4169
"GET /myapp/index/common/section HTTP/1.1" 200 3368
"GET /myapp/index/home/section HTTP/1.1" 200 4169
"GET /myapp/index/common/section HTTP/1.1" 200 3368
"GET /myapp/index/common/section HTTP/1.1" 200 3368
"GET /myapp/index/home/section HTTP/1.1" 200 4169
"GET /myapp/index/common/section HTTP/1.1" 200 3368
"GET /myapp/index/home/section HTTP/1.1" 200 4169
"GET /myapp/index/common/section HTTP/1.1" 200 3368
"GET /myapp/index/home/section HTTP/1.1" 200 4169
"GET /myapp/index/common/section HTTP/1.1" 200 3368
"GET /myapp/index/home/section HTTP/1.1" 200 4169
"GET /myapp/index/home/section HTTP/1.1" 200 4169
"GET /myapp/index/common/section HTTP/1.1" 200 3368
"GET /myapp/index/common/section HTTP/1.1" 200 3368
"GET /myapp/index/home/section HTTP/1.1" 200 4169
"GET /myapp/index/common/section HTTP/1.1" 200 3368
"GET /myapp/index/home/section HTTP/1.1" 200 4169
"GET /myapp/index/common/section HTTP/1.1" 200 3368
"GET /myapp/index/home/section HTTP/1.1" 200 4169
"GET /myapp/index/home/section HTTP/1.1" 200 4169
"GET /myapp/index/common/section HTTP/1.1" 200 3368
"GET /myapp/index/home/section HTTP/1.1" 200 4169
"GET /myapp/index/common/section HTTP/1.1" 200 3368
"GET /myapp/index/common/section HTTP/1.1" 200 3368
"GET /myapp/index/home/section HTTP/1.1" 200 4169
"GET /myapp/index/home/section HTTP/1.1" 200 4169
"GET /myapp/index/common/section HTTP/1.1" 200 3368
"GET /myapp/index/home/section HTTP/1.1" 200 4169
"GET /myapp/index/common/section HTTP/1.1" 200 3368
"GET /myapp/index/common/section HTTP/1.1" 200 3368
"GET /myapp/index/home/section HTTP/1.1" 200 4169
"GET /myapp/index/common/section HTTP/1.1" 200 3368
"GET /myapp/index/home/section HTTP/1.1" 200 4169
"GET /myapp/index/common/section HTTP/1.1" 200 3368
"GET /myapp/index/home/section HTTP/1.1" 200 4169
"GET /myapp/index/home/section HTTP/1.1" 200 4169
"GET /myapp/index/common/section HTTP/1.1" 200 3368
"GET /myapp/index/common/section HTTP/1.1" 200 3368
"GET /myapp/index/home/section HTTP/1.1" 200 4169
"GET /myapp/index/common/section HTTP/1.1" 200 3368
"GET /myapp/index/home/section HTTP/1.1" 200 4169
"GET /myapp/index/home/section HTTP/1.1" 200 4169
"GET /myapp/index/common/section HTTP/1.1" 200 3368
"GET /myapp/index/common/section HTTP/1.1" 200 3368
"GET /myapp/index/home/section HTTP/1.1" 200 4169
"GET /myapp/index/common/section HTTP/1.1" 200 3368
"GET /myapp/index/home/section HTTP/1.1" 200 4169
"GET /myapp/index/common/section HTTP/1.1" 200 3368
"GET /myapp/index/home/section HTTP/1.1" 200 4169
"GET /myapp/index/home/section HTTP/1.1" 200 4169
"GET /myapp/index/common/section HTTP/1.1" 200 3368
"GET /myapp/index/home/section HTTP/1.1" 200 4169
"GET /myapp/index/common/section HTTP/1.1" 200 3368
"GET /myapp/index/home/section HTTP/1.1" 200 4169
"GET /myapp/index/common/section HTTP/1.1" 200 3368
"GET /myapp/index/common/section HTTP/1.1" 200 3368
"GET /myapp/index/home/section HTTP/1.1" 200 4169
"GET /myapp/index/common/section HTTP/1.1" 200 3368
"GET /myapp/index/home/section HTTP/1.1" 200 4169
"GET /myapp/index/common/section HTTP/1.1" 200 3368
"GET /myapp/index/home/section HTTP/1.1" 200 4169
"GET /myapp/index/common/section HTTP/1.1" 200 3368
"GET /myapp/index/home/section HTTP/1.1" 200 4169
"GET /myapp/index/common/section HTTP/1.1" 200 3368
"GET /myapp/index/home/section HTTP/1.1" 200 4169
"GET /myapp/index/home/section HTTP/1.1" 200 4169
"GET /myapp/index/common/section HTTP/1.1" 200 3368
"GET /myapp/index/common/section HTTP/1.1" 200 3368
"GET /myapp/index/home/section HTTP/1.1" 200 4169
"GET /myapp/index/common/section HTTP/1.1" 200 3368
"GET /myapp/index/home/section HTTP/1.1" 200 4169
"GET /myapp/index/home/section HTTP/1.1" 200 4169
"GET /myapp/index/common/section HTTP/1.1" 200 3368
"GET /myapp/index/home/section HTTP/1.1" 200 4169
"GET /myapp/index/common/section HTTP/1.1" 200 3368
"GET /myapp/index/common/section HTTP/1.1" 200 3368
"GET /myapp/index/home/section HTTP/1.1" 200 4169
"GET /myapp/index/common/section HTTP/1.1" 200 3368
"GET /myapp/index/home/section HTTP/1.1" 200 4169
"GET /myapp/index/common/section HTTP/1.1" 200 3368
"GET /myapp/index/home/section HTTP/1.1" 200 4169
"GET /myapp/index/common/section HTTP/1.1" 200 3368
"GET /myapp/index/home/section HTTP/1.1" 200 4169
"GET /myapp/index/common/section HTTP/1.1" 200 3368
"GET /myapp/index/home/section HTTP/1.1" 200 4169
"GET /myapp/index/home/section HTTP/1.1" 200 4169
"GET /myapp/index/common/section HTTP/1.1" 200 3368
"GET /myapp/index/home/section HTTP/1.1" 200 4169
"GET /myapp/index/common/section HTTP/1.1" 200 3368
"GET /myapp/index/common/section HTTP/1.1" 200 3368
"GET /myapp/index/home/section HTTP/1.1" 200 4169
"GET /myapp/index/common/section HTTP/1.1" 200 3368
"GET /myapp/index/home/section HTTP/1.1" 200 4169
"GET /myapp/index/common/section HTTP/1.1" 200 3368
"GET /myapp/index/home/section HTTP/1.1" 200 4169
"GET /myapp/index/home/section HTTP/1.1" 200 4169
"GET /myapp/index/common/section HTTP/1.1" 200 3368
"GET /myapp/index/common/section HTTP/1.1" 200 3368
"GET /myapp/index/home/section HTTP/1.1" 200 4169
"GET /myapp/index/home/section HTTP/1.1" 200 4169
"GET /myapp/index/common/section HTTP/1.1" 200 3368
"GET /myapp/index/common/section HTTP/1.1" 200 3368
"GET /myapp/index/home/section HTTP/1.1" 200 4169
"GET /myapp/index/common/section HTTP/1.1" 200 3368
"GET /myapp/index/home/section HTTP/1.1" 200 4169
"GET /myapp/index/home/section HTTP/1.1" 200 4169
"GET /myapp/index/common/section HTTP/1.1" 200 3368
"GET /myapp/index/common/section HTTP/1.1" 200 3368
"GET /myapp/index/home/section HTTP/1.1" 200 4169
"GET /myapp/index/home/section HTTP/1.1" 200 4169
"GET /myapp/index/common/section HTTP/1.1" 200 3368
"GET /myapp/index/common/section HTTP/1.1" 200 3368
"GET /myapp/index/home/section HTTP/1.1" 200 4169
"GET /myapp/index/home/section HTTP/1.1" 200 4169
"GET /myapp/index/common/section HTTP/1.1" 200 3368
"GET /myapp/index/home/section HTTP/1.1" 200 4169
"GET /myapp/index/common/section HTTP/1.1" 200 3368
"GET /myapp/index/common/section HTTP/1.1" 200 3368
"GET /myapp/index/home/section HTTP/1.1" 200 4169
"GET /myapp/index/home/section HTTP/1.1" 200 4169
"GET /myapp/index/common/section HTTP/1.1" 200 3368
"GET /myapp/index/common/section HTTP/1.1" 200 3368
"GET /myapp/index/home/section HTTP/1.1" 200 4169
"GET /myapp/index/home/section HTTP/1.1" 200 4169
"GET /myapp/index/common/section HTTP/1.1" 200 3368
"GET /myapp/index/common/section HTTP/1.1" 200 3368
"GET /myapp/index/home/section HTTP/1.1" 200 4169
"GET /myapp/index/common/section HTTP/1.1" 200 3368
"GET /myapp/index/home/section HTTP/1.1" 200 4169
"GET /myapp/index/home/section HTTP/1.1" 200 4169
"GET /myapp/index/common/section HTTP/1.1" 200 3368
"GET /myapp/index/common/section HTTP/1.1" 200 3368
"GET /myapp/index/home/section HTTP/1.1" 200 4169
"GET /myapp/index/common/section HTTP/1.1" 200 3368
"GET /myapp/index/home/section HTTP/1.1" 200 4169
"GET /myapp/index/common/section HTTP/1.1" 200 3368
"GET /myapp/index/home/section HTTP/1.1" 200 4169
"GET /myapp/index/common/section HTTP/1.1" 200 3368
"GET /myapp/index/home/section HTTP/1.1" 200 4169
"GET /myapp/index/home/section HTTP/1.1" 200 4169
"GET /myapp/index/common/section HTTP/1.1" 200 3368
"GET /myapp/index/common/section HTTP/1.1" 200 3368
"GET /myapp/index/home/section HTTP/1.1" 200 4169
"GET /myapp/index/home/section HTTP/1.1" 200 4169
"GET /myapp/index/common/section HTTP/1.1" 200 3368
"GET /myapp/index/common/section HTTP/1.1" 200 3368
"GET /myapp/index/home/section HTTP/1.1" 200 4169
"GET /myapp/index/common/section HTTP/1.1" 200 3368
"GET /myapp/index/home/section HTTP/1.1" 200 4169
"GET /myapp/index/home/section HTTP/1.1" 200 4169
"GET /myapp/index/common/section HTTP/1.1" 200 3368
"GET /myapp/index/common/section HTTP/1.1" 200 3368
"GET /myapp/index/home/section HTTP/1.1" 200 4169
"GET /myapp/index/home/section HTTP/1.1" 200 4169
"GET /myapp/index/common/section HTTP/1.1" 200 3368
"GET /myapp/index/common/section HTTP/1.1" 200 3368
"GET /myapp/index/home/section HTTP/1.1" 200 4169
"GET /myapp/index/home/section HTTP/1.1" 200 4169
"GET /myapp/index/common/section HTTP/1.1" 200 3368
"GET /myapp/index/home/section HTTP/1.1" 200 4169
"GET /myapp/index/common/section HTTP/1.1" 200 3368
"GET /myapp/index/common/section HTTP/1.1" 200 3368
"GET /myapp/index/home/section HTTP/1.1" 200 4169
"GET /myapp/index/home/section HTTP/1.1" 200 4169
"GET /myapp/index/common/section HTTP/1.1" 200 3368
"GET /myapp/index/common/section HTTP/1.1" 200 3368
"GET /myapp/index/home/section HTTP/1.1" 200 4169
"GET /myapp/index/common/section HTTP/1.1" 200 3368
"GET /myapp/index/home/section HTTP/1.1" 200 4169
"GET /myapp/index/home/section HTTP/1.1" 200 4169
"GET /myapp/index/common/section HTTP/1.1" 200 3368
"GET /myapp/index/home/section HTTP/1.1" 200 4169
"GET /myapp/index/common/section HTTP/1.1" 200 3368
"GET /myapp/index/home/section HTTP/1.1" 200 4169
"GET /myapp/index/common/section HTTP/1.1" 200 3368
"GET /myapp/index/common/section HTTP/1.1" 200 3368
"GET /myapp/index/home/section HTTP/1.1" 200 4169
"GET /myapp/index/home/section HTTP/1.1" 200 4169
"GET /myapp/index/common/section HTTP/1.1" 200 3368
"GET /myapp/index/common/section HTTP/1.1" 200 3368
"GET /myapp/index/home/section HTTP/1.1" 200 4169
"GET /myapp/index/home/section HTTP/1.1" 200 4169
"GET /myapp/index/common/section HTTP/1.1" 200 3368
"GET /myapp/index/common/section HTTP/1.1" 200 3368
"GET /myapp/index/home/section HTTP/1.1" 200 4169
